[
  {
    "name": "person",
    "class": 0,
    "confidence": 0.90059,
    "box": {
      "x1": 1260.65576,
      "y1": 697.42896,
      "x2": 1379.01514,
      "y2": 986.7478
    },
    "track_id": 1,
    "segments": {
      "x": [
        1317.0,
        1317.0,
        1316.0,
        1316.0,
        1312.0,
        1312.0,
        1311.0,
        1311.0,
        1310.0,
        1310.0,
        1309.0,
        1309.0,
        1310.0,
        1310.0,
        1311.0,
        1311.0,
        1313.0,
        1313.0,
        1316.0,
        1316.0,
        1317.0,
        1317.0,
        1318.0,
        1318.0,
        1319.0,
        1319.0,
        1320.0,
        1320.0,
        1319.0,
        1319.0,
        1318.0,
        1318.0,
        1317.0,
        1317.0,
        1316.0,
        1316.0,
        1314.0,
        1314.0,
        1311.0,
        1311.0,
        1310.0,
        1310.0,
        1309.0,
        1309.0,
        1308.0,
        1308.0,
        1307.0,
        1307.0,
        1306.0,
        1306.0,
        1305.0,
        1305.0,
        1303.0,
        1303.0,
        1301.0,
        1301.0,
        1299.0,
        1299.0,
        1298.0,
        1298.0,
        1297.0,
        1297.0,
        1296.0,
        1296.0,
        1295.0,
        1295.0,
        1294.0,
        1294.0,
        1293.0,
        1293.0,
        1287.0,
        1287.0,
        1286.0,
        1286.0,
        1284.0,
        1284.0,
        1275.0,
        1275.0,
        1274.0,
        1274.0,
        1273.0,
        1273.0,
        1272.0,
        1272.0,
        1271.0,
        1271.0,
        1272.0,
        1272.0,
        1273.0,
        1273.0,
        1278.0,
        1279.0,
        1281.0,
        1281.0,
        1282.0,
        1282.0,
        1283.0,
        1283.0,
        1284.0,
        1284.0,
        1283.0,
        1283.0,
        1278.0,
        1273.0,
        1272.0,
        1264.0,
        1264.0,
        1266.0,
        1267.0,
        1271.0,
        1272.0,
        1274.0,
        1275.0,
        1277.0,
        1278.0,
        1279.0,
        1282.0,
        1283.0,
        1285.0,
        1286.0,
        1287.0,
        1288.0,
        1289.0,
        1290.0,
        1291.0,
        1292.0,
        1293.0,
        1294.0,
        1295.0,
        1296.0,
        1297.0,
        1298.0,
        1299.0,
        1300.0,
        1304.0,
        1304.0,
        1305.0,
        1305.0,
        1306.0,
        1306.0,
        1307.0,
        1307.0,
        1308.0,
        1308.0,
        1309.0,
        1309.0,
        1311.0,
        1311.0,
        1317.0,
        1317.0,
        1318.0,
        1318.0,
        1319.0,
        1319.0,
        1318.0,
        1318.0,
        1317.0,
        1317.0,
        1318.0,
        1318.0,
        1319.0,
        1319.0,
        1320.0,
        1320.0,
        1322.0,
        1323.0,
        1325.0,
        1329.0,
        1330.0,
        1355.0,
        1356.0,
        1357.0,
        1360.0,
        1360.0,
        1361.0,
        1361.0,
        1359.0,
        1359.0,
        1358.0,
        1358.0,
        1357.0,
        1357.0,
        1356.0,
        1356.0,
        1355.0,
        1355.0,
        1354.0,
        1354.0,
        1353.0,
        1353.0,
        1347.0,
        1347.0,
        1346.0,
        1346.0,
        1345.0,
        1345.0,
        1344.0,
        1344.0,
        1343.0,
        1343.0,
        1342.0,
        1342.0,
        1341.0,
        1341.0,
        1340.0,
        1340.0,
        1337.0,
        1337.0,
        1335.0,
        1335.0,
        1334.0,
        1334.0,
        1333.0,
        1333.0,
        1332.0,
        1332.0,
        1331.0,
        1331.0,
        1330.0,
        1330.0,
        1329.0,
        1330.0,
        1330.0,
        1331.0,
        1331.0,
        1332.0,
        1332.0,
        1334.0,
        1334.0,
        1336.0,
        1337.0,
        1339.0,
        1340.0,
        1342.0,
        1342.0,
        1344.0,
        1344.0,
        1350.0,
        1352.0,
        1353.0,
        1354.0,
        1355.0,
        1356.0,
        1357.0,
        1358.0,
        1364.0,
        1364.0,
        1366.0,
        1366.0,
        1367.0,
        1367.0,
        1368.0,
        1368.0,
        1369.0,
        1369.0,
        1370.0,
        1370.0,
        1371.0,
        1371.0,
        1373.0,
        1373.0,
        1375.0,
        1375.0,
        1376.0,
        1376.0,
        1377.0,
        1377.0,
        1378.0,
        1378.0,
        1379.0,
        1379.0,
        1378.0,
        1378.0,
        1374.0,
        1373.0,
        1371.0,
        1370.0,
        1364.0,
        1364.0,
        1359.0,
        1359.0,
        1357.0,
        1357.0,
        1356.0,
        1356.0,
        1355.0,
        1355.0,
        1354.0,
        1354.0,
        1353.0,
        1353.0,
        1352.0,
        1352.0
      ],
      "y": [
        698.0,
        699.0,
        700.0,
        703.0,
        707.0,
        708.0,
        709.0,
        710.0,
        711.0,
        713.0,
        714.0,
        728.0,
        729.0,
        730.0,
        731.0,
        732.0,
        734.0,
        735.0,
        738.0,
        739.0,
        740.0,
        741.0,
        742.0,
        744.0,
        745.0,
        747.0,
        748.0,
        751.0,
        752.0,
        753.0,
        754.0,
        755.0,
        756.0,
        757.0,
        758.0,
        759.0,
        761.0,
        762.0,
        765.0,
        766.0,
        767.0,
        768.0,
        769.0,
        770.0,
        771.0,
        773.0,
        774.0,
        776.0,
        777.0,
        779.0,
        780.0,
        781.0,
        783.0,
        784.0,
        786.0,
        787.0,
        789.0,
        790.0,
        791.0,
        793.0,
        794.0,
        796.0,
        797.0,
        802.0,
        803.0,
        809.0,
        810.0,
        811.0,
        812.0,
        813.0,
        819.0,
        820.0,
        821.0,
        822.0,
        824.0,
        825.0,
        834.0,
        835.0,
        836.0,
        837.0,
        838.0,
        840.0,
        841.0,
        843.0,
        844.0,
        846.0,
        847.0,
        848.0,
        849.0,
        850.0,
        855.0,
        855.0,
        857.0,
        858.0,
        859.0,
        861.0,
        862.0,
        865.0,
        866.0,
        871.0,
        872.0,
        873.0,
        878.0,
        878.0,
        877.0,
        877.0,
        899.0,
        899.0,
        900.0,
        900.0,
        901.0,
        901.0,
        902.0,
        902.0,
        903.0,
        903.0,
        906.0,
        906.0,
        908.0,
        908.0,
        909.0,
        909.0,
        910.0,
        910.0,
        911.0,
        911.0,
        912.0,
        912.0,
        913.0,
        913.0,
        914.0,
        914.0,
        915.0,
        915.0,
        919.0,
        920.0,
        921.0,
        922.0,
        923.0,
        924.0,
        925.0,
        927.0,
        928.0,
        930.0,
        931.0,
        932.0,
        934.0,
        935.0,
        941.0,
        943.0,
        944.0,
        948.0,
        949.0,
        957.0,
        958.0,
        961.0,
        962.0,
        969.0,
        970.0,
        973.0,
        974.0,
        977.0,
        978.0,
        979.0,
        981.0,
        981.0,
        983.0,
        983.0,
        984.0,
        984.0,
        983.0,
        983.0,
        980.0,
        979.0,
        978.0,
        965.0,
        963.0,
        962.0,
        961.0,
        960.0,
        959.0,
        958.0,
        957.0,
        955.0,
        954.0,
        952.0,
        951.0,
        950.0,
        949.0,
        948.0,
        942.0,
        941.0,
        940.0,
        938.0,
        937.0,
        935.0,
        934.0,
        930.0,
        929.0,
        927.0,
        926.0,
        925.0,
        924.0,
        923.0,
        922.0,
        921.0,
        918.0,
        917.0,
        915.0,
        914.0,
        913.0,
        912.0,
        911.0,
        909.0,
        908.0,
        905.0,
        904.0,
        899.0,
        898.0,
        894.0,
        893.0,
        892.0,
        881.0,
        880.0,
        876.0,
        875.0,
        870.0,
        868.0,
        867.0,
        865.0,
        865.0,
        863.0,
        863.0,
        861.0,
        860.0,
        858.0,
        857.0,
        851.0,
        851.0,
        850.0,
        850.0,
        849.0,
        849.0,
        848.0,
        848.0,
        842.0,
        841.0,
        839.0,
        837.0,
        836.0,
        835.0,
        834.0,
        831.0,
        830.0,
        826.0,
        825.0,
        823.0,
        822.0,
        820.0,
        818.0,
        817.0,
        815.0,
        814.0,
        813.0,
        811.0,
        810.0,
        807.0,
        806.0,
        799.0,
        798.0,
        754.0,
        753.0,
        749.0,
        745.0,
        745.0,
        743.0,
        743.0,
        737.0,
        736.0,
        731.0,
        730.0,
        728.0,
        726.0,
        725.0,
        714.0,
        713.0,
        708.0,
        707.0,
        704.0,
        703.0,
        700.0,
        699.0,
        698.0
      ]
    }
  },
  {
    "name": "person",
    "class": 0,
    "confidence": 0.84645,
    "box": {
      "x1": 840.37134,
      "y1": 625.37219,
      "x2": 940.77917,
      "y2": 788.24524
    },
    "track_id": 2,
    "segments": {
      "x": [
        865.0,
        862.0,
        862.0,
        860.0,
        859.0,
        854.0,
        854.0,
        853.0,
        853.0,
        852.0,
        852.0,
        851.0,
        851.0,
        850.0,
        850.0,
        849.0,
        849.0,
        848.0,
        848.0,
        847.0,
        847.0,
        846.0,
        846.0,
        844.0,
        844.0,
        843.0,
        843.0,
        842.0,
        842.0,
        841.0,
        841.0,
        840.0,
        840.0,
        841.0,
        862.0,
        862.0,
        863.0,
        863.0,
        864.0,
        864.0,
        865.0,
        865.0,
        866.0,
        866.0,
        867.0,
        867.0,
        868.0,
        868.0,
        869.0,
        869.0,
        870.0,
        870.0,
        871.0,
        871.0,
        872.0,
        872.0,
        873.0,
        873.0,
        874.0,
        874.0,
        875.0,
        875.0,
        876.0,
        876.0,
        877.0,
        877.0,
        878.0,
        878.0,
        882.0,
        882.0,
        884.0,
        884.0,
        885.0,
        885.0,
        886.0,
        886.0,
        887.0,
        887.0,
        888.0,
        888.0,
        889.0,
        889.0,
        890.0,
        890.0,
        893.0,
        894.0,
        897.0,
        897.0,
        898.0,
        898.0,
        899.0,
        899.0,
        900.0,
        900.0,
        901.0,
        901.0,
        905.0,
        906.0,
        910.0,
        910.0,
        911.0,
        911.0,
        922.0,
        922.0,
        924.0,
        924.0,
        926.0,
        926.0,
        929.0,
        929.0,
        930.0,
        931.0,
        931.0,
        932.0,
        932.0,
        933.0,
        933.0,
        934.0,
        934.0,
        935.0,
        935.0,
        936.0,
        936.0,
        937.0,
        937.0,
        939.0,
        939.0,
        940.0,
        940.0,
        939.0,
        939.0,
        938.0,
        938.0,
        937.0,
        937.0,
        936.0,
        936.0,
        935.0,
        935.0,
        934.0,
        934.0,
        929.0,
        927.0,
        926.0,
        925.0,
        924.0,
        922.0,
        921.0,
        920.0,
        918.0,
        917.0,
        915.0,
        915.0,
        912.0
      ],
      "y": [
        625.0,
        628.0,
        630.0,
        632.0,
        632.0,
        637.0,
        638.0,
        639.0,
        641.0,
        642.0,
        649.0,
        650.0,
        664.0,
        665.0,
        686.0,
        687.0,
        696.0,
        697.0,
        702.0,
        703.0,
        704.0,
        705.0,
        706.0,
        708.0,
        709.0,
        710.0,
        711.0,
        712.0,
        713.0,
        714.0,
        716.0,
        717.0,
        787.0,
        788.0,
        788.0,
        787.0,
        786.0,
        785.0,
        784.0,
        780.0,
        779.0,
        776.0,
        775.0,
        761.0,
        760.0,
        757.0,
        756.0,
        754.0,
        753.0,
        751.0,
        750.0,
        749.0,
        748.0,
        746.0,
        745.0,
        744.0,
        743.0,
        740.0,
        739.0,
        734.0,
        733.0,
        727.0,
        726.0,
        724.0,
        723.0,
        722.0,
        721.0,
        720.0,
        716.0,
        715.0,
        713.0,
        711.0,
        710.0,
        709.0,
        708.0,
        705.0,
        704.0,
        700.0,
        699.0,
        696.0,
        695.0,
        692.0,
        691.0,
        689.0,
        686.0,
        686.0,
        689.0,
        691.0,
        692.0,
        695.0,
        696.0,
        701.0,
        702.0,
        703.0,
        704.0,
        705.0,
        709.0,
        709.0,
        713.0,
        714.0,
        715.0,
        716.0,
        727.0,
        728.0,
        730.0,
        731.0,
        733.0,
        734.0,
        737.0,
        738.0,
        738.0,
        737.0,
        736.0,
        735.0,
        734.0,
        733.0,
        732.0,
        731.0,
        728.0,
        727.0,
        690.0,
        689.0,
        687.0,
        686.0,
        684.0,
        682.0,
        681.0,
        680.0,
        669.0,
        668.0,
        665.0,
        664.0,
        661.0,
        660.0,
        656.0,
        655.0,
        650.0,
        649.0,
        644.0,
        643.0,
        641.0,
        636.0,
        636.0,
        635.0,
        635.0,
        634.0,
        634.0,
        633.0,
        633.0,
        631.0,
        631.0,
        629.0,
        628.0,
        625.0
      ]
    }
  }
]