[
  {
    "name": "person",
    "class": 0,
    "confidence": 0.90586,
    "box": {
      "x1": 1263.90283,
      "y1": 685.73682,
      "x2": 1364.3811,
      "y2": 960.35828
    },
    "track_id": 1,
    "segments": {
      "x": [
        1307.0,
        1307.0,
        1306.0,
        1306.0,
        1305.0,
        1305.0,
        1304.0,
        1304.0,
        1303.0,
        1303.0,
        1301.0,
        1301.0,
        1300.0,
        1300.0,
        1299.0,
        1299.0,
        1300.0,
        1300.0,
        1302.0,
        1302.0,
        1304.0,
        1304.0,
        1305.0,
        1305.0,
        1306.0,
        1306.0,
        1307.0,
        1307.0,
        1308.0,
        1308.0,
        1309.0,
        1309.0,
        1308.0,
        1308.0,
        1307.0,
        1307.0,
        1306.0,
        1306.0,
        1305.0,
        1305.0,
        1299.0,
        1299.0,
        1297.0,
        1297.0,
        1296.0,
        1296.0,
        1295.0,
        1295.0,
        1294.0,
        1294.0,
        1293.0,
        1293.0,
        1292.0,
        1292.0,
        1291.0,
        1291.0,
        1288.0,
        1288.0,
        1287.0,
        1287.0,
        1286.0,
        1286.0,
        1285.0,
        1285.0,
        1284.0,
        1284.0,
        1283.0,
        1283.0,
        1282.0,
        1282.0,
        1281.0,
        1281.0,
        1280.0,
        1280.0,
        1276.0,
        1276.0,
        1274.0,
        1274.0,
        1273.0,
        1273.0,
        1272.0,
        1272.0,
        1271.0,
        1271.0,
        1270.0,
        1270.0,
        1269.0,
        1269.0,
        1268.0,
        1268.0,
        1267.0,
        1267.0,
        1265.0,
        1265.0,
        1269.0,
        1270.0,
        1276.0,
        1277.0,
        1279.0,
        1279.0,
        1281.0,
        1281.0,
        1282.0,
        1282.0,
        1284.0,
        1284.0,
        1287.0,
        1288.0,
        1294.0,
        1294.0,
        1304.0,
        1304.0,
        1301.0,
        1301.0,
        1298.0,
        1298.0,
        1297.0,
        1297.0,
        1298.0,
        1298.0,
        1301.0,
        1317.0,
        1324.0,
        1325.0,
        1326.0,
        1327.0,
        1329.0,
        1330.0,
        1335.0,
        1335.0,
        1340.0,
        1340.0,
        1341.0,
        1341.0,
        1342.0,
        1342.0,
        1343.0,
        1342.0,
        1342.0,
        1341.0,
        1341.0,
        1334.0,
        1334.0,
        1332.0,
        1332.0,
        1327.0,
        1326.0,
        1323.0,
        1323.0,
        1322.0,
        1322.0,
        1321.0,
        1321.0,
        1320.0,
        1320.0,
        1319.0,
        1319.0,
        1318.0,
        1318.0,
        1317.0,
        1317.0,
        1316.0,
        1316.0,
        1310.0,
        1310.0,
        1309.0,
        1309.0,
        1310.0,
        1310.0,
        1311.0,
        1311.0,
        1314.0,
        1314.0,
        1316.0,
        1316.0,
        1318.0,
        1318.0,
        1320.0,
        1320.0,
        1332.0,
        1333.0,
        1334.0,
        1335.0,
        1337.0,
        1338.0,
        1341.0,
        1341.0,
        1342.0,
        1342.0,
        1343.0,
        1343.0,
        1344.0,
        1344.0,
        1345.0,
        1345.0,
        1346.0,
        1346.0,
        1350.0,
        1350.0,
        1352.0,
        1352.0,
        1353.0,
        1353.0,
        1354.0,
        1354.0,
        1355.0,
        1355.0,
        1356.0,
        1356.0,
        1357.0,
        1357.0,
        1358.0,
        1358.0,
        1360.0,
        1360.0,
        1364.0,
        1364.0,
        1362.0,
        1361.0,
        1353.0,
        1353.0,
        1352.0,
        1352.0,
        1348.0,
        1348.0,
        1346.0,
        1346.0,
        1345.0,
        1345.0,
        1344.0,
        1344.0,
        1343.0,
        1343.0,
        1342.0,
        1342.0
      ],
      "y": [
        686.0,
        687.0,
        688.0,
        691.0,
        692.0,
        693.0,
        694.0,
        695.0,
        696.0,
        697.0,
        699.0,
        700.0,
        701.0,
        704.0,
        705.0,
        714.0,
        715.0,
        716.0,
        718.0,
        719.0,
        721.0,
        722.0,
        723.0,
        724.0,
        725.0,
        727.0,
        728.0,
        730.0,
        731.0,
        734.0,
        735.0,
        740.0,
        741.0,
        742.0,
        743.0,
        744.0,
        745.0,
        747.0,
        748.0,
        749.0,
        755.0,
        756.0,
        758.0,
        759.0,
        760.0,
        763.0,
        764.0,
        767.0,
        768.0,
        771.0,
        772.0,
        773.0,
        774.0,
        775.0,
        776.0,
        777.0,
        780.0,
        781.0,
        782.0,
        783.0,
        784.0,
        787.0,
        788.0,
        794.0,
        795.0,
        805.0,
        806.0,
        811.0,
        812.0,
        813.0,
        814.0,
        815.0,
        816.0,
        817.0,
        821.0,
        822.0,
        824.0,
        825.0,
        826.0,
        827.0,
        828.0,
        829.0,
        830.0,
        832.0,
        833.0,
        835.0,
        836.0,
        837.0,
        838.0,
        839.0,
        840.0,
        841.0,
        843.0,
        899.0,
        899.0,
        898.0,
        898.0,
        897.0,
        899.0,
        900.0,
        902.0,
        904.0,
        905.0,
        906.0,
        908.0,
        909.0,
        912.0,
        912.0,
        918.0,
        919.0,
        929.0,
        930.0,
        933.0,
        934.0,
        937.0,
        939.0,
        940.0,
        950.0,
        951.0,
        954.0,
        957.0,
        957.0,
        950.0,
        950.0,
        949.0,
        949.0,
        947.0,
        947.0,
        942.0,
        941.0,
        936.0,
        935.0,
        934.0,
        933.0,
        932.0,
        931.0,
        930.0,
        929.0,
        927.0,
        926.0,
        925.0,
        918.0,
        917.0,
        915.0,
        914.0,
        909.0,
        909.0,
        906.0,
        905.0,
        904.0,
        903.0,
        902.0,
        901.0,
        900.0,
        899.0,
        898.0,
        896.0,
        895.0,
        894.0,
        893.0,
        892.0,
        891.0,
        890.0,
        884.0,
        883.0,
        882.0,
        869.0,
        868.0,
        867.0,
        866.0,
        865.0,
        862.0,
        861.0,
        859.0,
        858.0,
        856.0,
        855.0,
        853.0,
        852.0,
        840.0,
        840.0,
        839.0,
        839.0,
        837.0,
        837.0,
        834.0,
        833.0,
        832.0,
        830.0,
        829.0,
        828.0,
        827.0,
        825.0,
        824.0,
        823.0,
        822.0,
        821.0,
        817.0,
        816.0,
        814.0,
        813.0,
        812.0,
        811.0,
        810.0,
        805.0,
        804.0,
        787.0,
        786.0,
        780.0,
        779.0,
        776.0,
        775.0,
        773.0,
        771.0,
        770.0,
        766.0,
        737.0,
        735.0,
        735.0,
        727.0,
        726.0,
        725.0,
        724.0,
        720.0,
        719.0,
        717.0,
        716.0,
        715.0,
        709.0,
        708.0,
        698.0,
        697.0,
        692.0,
        691.0,
        686.0
      ]
    }
  },
  {
    "name": "person",
    "class": 0,
    "confidence": 0.85991,
    "box": {
      "x1": 840.33142,
      "y1": 630.33826,
      "x2": 939.7124,
      "y2": 785.23962
    },
    "track_id": 2,
    "segments": {
      "x": [
        859.0,
        858.0,
        857.0,
        857.0,
        855.0,
        855.0,
        854.0,
        854.0,
        853.0,
        853.0,
        852.0,
        852.0,
        851.0,
        851.0,
        850.0,
        850.0,
        849.0,
        849.0,
        848.0,
        848.0,
        847.0,
        847.0,
        846.0,
        846.0,
        847.0,
        847.0,
        848.0,
        848.0,
        849.0,
        849.0,
        850.0,
        849.0,
        849.0,
        848.0,
        848.0,
        847.0,
        847.0,
        843.0,
        843.0,
        842.0,
        842.0,
        841.0,
        841.0,
        863.0,
        864.0,
        864.0,
        867.0,
        868.0,
        870.0,
        871.0,
        875.0,
        875.0,
        874.0,
        874.0,
        875.0,
        875.0,
        876.0,
        876.0,
        877.0,
        877.0,
        878.0,
        878.0,
        879.0,
        879.0,
        880.0,
        880.0,
        883.0,
        883.0,
        884.0,
        884.0,
        885.0,
        885.0,
        886.0,
        886.0,
        887.0,
        887.0,
        888.0,
        888.0,
        889.0,
        889.0,
        892.0,
        895.0,
        897.0,
        897.0,
        899.0,
        899.0,
        901.0,
        901.0,
        902.0,
        903.0,
        905.0,
        906.0,
        911.0,
        911.0,
        915.0,
        916.0,
        918.0,
        919.0,
        922.0,
        922.0,
        923.0,
        923.0,
        924.0,
        924.0,
        925.0,
        925.0,
        926.0,
        926.0,
        928.0,
        928.0,
        929.0,
        930.0,
        931.0,
        931.0,
        932.0,
        932.0,
        933.0,
        933.0,
        934.0,
        934.0,
        935.0,
        935.0,
        936.0,
        936.0,
        937.0,
        937.0,
        938.0,
        938.0,
        939.0,
        939.0,
        938.0,
        938.0,
        937.0,
        937.0,
        936.0,
        936.0,
        935.0,
        935.0,
        934.0,
        934.0,
        931.0,
        930.0,
        929.0,
        928.0,
        927.0,
        926.0,
        921.0,
        921.0,
        917.0,
        916.0,
        915.0,
        913.0,
        912.0,
        911.0,
        910.0,
        909.0,
        908.0,
        906.0,
        904.0
      ],
      "y": [
        631.0,
        632.0,
        632.0,
        633.0,
        635.0,
        636.0,
        637.0,
        638.0,
        639.0,
        640.0,
        641.0,
        644.0,
        645.0,
        647.0,
        648.0,
        651.0,
        652.0,
        654.0,
        655.0,
        659.0,
        660.0,
        664.0,
        665.0,
        667.0,
        668.0,
        673.0,
        674.0,
        681.0,
        682.0,
        700.0,
        701.0,
        702.0,
        713.0,
        714.0,
        715.0,
        716.0,
        717.0,
        721.0,
        722.0,
        723.0,
        725.0,
        726.0,
        785.0,
        785.0,
        784.0,
        783.0,
        780.0,
        780.0,
        778.0,
        778.0,
        774.0,
        767.0,
        766.0,
        756.0,
        755.0,
        742.0,
        741.0,
        735.0,
        734.0,
        732.0,
        731.0,
        728.0,
        727.0,
        726.0,
        725.0,
        724.0,
        721.0,
        720.0,
        719.0,
        718.0,
        717.0,
        715.0,
        714.0,
        711.0,
        710.0,
        706.0,
        705.0,
        702.0,
        701.0,
        700.0,
        697.0,
        697.0,
        699.0,
        700.0,
        702.0,
        703.0,
        705.0,
        706.0,
        707.0,
        707.0,
        709.0,
        709.0,
        714.0,
        715.0,
        719.0,
        719.0,
        721.0,
        721.0,
        724.0,
        725.0,
        726.0,
        727.0,
        728.0,
        729.0,
        730.0,
        731.0,
        732.0,
        733.0,
        735.0,
        736.0,
        737.0,
        737.0,
        736.0,
        735.0,
        734.0,
        733.0,
        732.0,
        730.0,
        729.0,
        727.0,
        726.0,
        699.0,
        698.0,
        695.0,
        694.0,
        692.0,
        691.0,
        686.0,
        685.0,
        677.0,
        676.0,
        673.0,
        672.0,
        668.0,
        667.0,
        662.0,
        661.0,
        654.0,
        653.0,
        652.0,
        649.0,
        649.0,
        648.0,
        648.0,
        647.0,
        647.0,
        642.0,
        641.0,
        637.0,
        637.0,
        636.0,
        636.0,
        635.0,
        635.0,
        634.0,
        634.0,
        633.0,
        633.0,
        631.0
      ]
    }
  }
]