[
  {
    "name": "person",
    "class": 0,
    "confidence": 0.87629,
    "box": {
      "x1": 1084.07434,
      "y1": 599.52325,
      "x2": 1179.13379,
      "y2": 813.73755
    },
    "track_id": 1,
    "segments": {
      "x": [
        1128.0,
        1128.0,
        1127.0,
        1127.0,
        1128.0,
        1128.0,
        1129.0,
        1129.0,
        1130.0,
        1130.0,
        1131.0,
        1131.0,
        1132.0,
        1132.0,
        1131.0,
        1131.0,
        1130.0,
        1130.0,
        1129.0,
        1129.0,
        1128.0,
        1128.0,
        1127.0,
        1127.0,
        1126.0,
        1126.0,
        1125.0,
        1125.0,
        1124.0,
        1124.0,
        1123.0,
        1123.0,
        1121.0,
        1121.0,
        1120.0,
        1120.0,
        1119.0,
        1119.0,
        1118.0,
        1118.0,
        1117.0,
        1117.0,
        1116.0,
        1116.0,
        1115.0,
        1115.0,
        1114.0,
        1114.0,
        1113.0,
        1113.0,
        1112.0,
        1112.0,
        1111.0,
        1111.0,
        1110.0,
        1110.0,
        1109.0,
        1109.0,
        1104.0,
        1104.0,
        1096.0,
        1094.0,
        1093.0,
        1091.0,
        1090.0,
        1088.0,
        1087.0,
        1086.0,
        1086.0,
        1093.0,
        1094.0,
        1108.0,
        1109.0,
        1123.0,
        1127.0,
        1127.0,
        1128.0,
        1128.0,
        1129.0,
        1129.0,
        1130.0,
        1130.0,
        1134.0,
        1137.0,
        1138.0,
        1146.0,
        1147.0,
        1147.0,
        1149.0,
        1149.0,
        1150.0,
        1150.0,
        1153.0,
        1154.0,
        1155.0,
        1172.0,
        1175.0,
        1175.0,
        1176.0,
        1176.0,
        1175.0,
        1175.0,
        1174.0,
        1174.0,
        1173.0,
        1173.0,
        1172.0,
        1172.0,
        1166.0,
        1166.0,
        1165.0,
        1165.0,
        1164.0,
        1164.0,
        1163.0,
        1163.0,
        1162.0,
        1162.0,
        1161.0,
        1162.0,
        1162.0,
        1163.0,
        1163.0,
        1164.0,
        1164.0,
        1165.0,
        1165.0,
        1168.0,
        1169.0,
        1174.0,
        1174.0,
        1175.0,
        1175.0,
        1176.0,
        1176.0,
        1177.0,
        1177.0,
        1178.0,
        1178.0,
        1177.0,
        1177.0,
        1176.0,
        1176.0,
        1175.0,
        1175.0,
        1174.0,
        1174.0,
        1173.0,
        1173.0,
        1166.0,
        1166.0,
        1165.0,
        1165.0,
        1164.0,
        1164.0,
        1163.0,
        1163.0,
        1162.0,
        1162.0,
        1161.0,
        1161.0
      ],
      "y": [
        600.0,
        605.0,
        606.0,
        630.0,
        631.0,
        633.0,
        634.0,
        636.0,
        637.0,
        638.0,
        639.0,
        640.0,
        641.0,
        646.0,
        647.0,
        653.0,
        654.0,
        656.0,
        657.0,
        661.0,
        662.0,
        667.0,
        668.0,
        675.0,
        676.0,
        679.0,
        680.0,
        682.0,
        683.0,
        684.0,
        685.0,
        686.0,
        688.0,
        689.0,
        690.0,
        692.0,
        693.0,
        695.0,
        696.0,
        699.0,
        700.0,
        708.0,
        709.0,
        734.0,
        735.0,
        750.0,
        751.0,
        758.0,
        759.0,
        763.0,
        764.0,
        767.0,
        768.0,
        770.0,
        771.0,
        772.0,
        773.0,
        774.0,
        779.0,
        780.0,
        788.0,
        788.0,
        789.0,
        789.0,
        790.0,
        790.0,
        791.0,
        791.0,
        803.0,
        803.0,
        804.0,
        804.0,
        803.0,
        803.0,
        799.0,
        798.0,
        797.0,
        793.0,
        792.0,
        787.0,
        786.0,
        785.0,
        781.0,
        781.0,
        782.0,
        782.0,
        783.0,
        784.0,
        786.0,
        792.0,
        793.0,
        810.0,
        813.0,
        813.0,
        814.0,
        814.0,
        811.0,
        810.0,
        809.0,
        804.0,
        803.0,
        790.0,
        789.0,
        785.0,
        784.0,
        783.0,
        782.0,
        781.0,
        775.0,
        774.0,
        773.0,
        770.0,
        769.0,
        763.0,
        762.0,
        756.0,
        755.0,
        750.0,
        749.0,
        748.0,
        737.0,
        736.0,
        731.0,
        730.0,
        726.0,
        725.0,
        724.0,
        721.0,
        721.0,
        716.0,
        715.0,
        714.0,
        699.0,
        698.0,
        679.0,
        678.0,
        664.0,
        663.0,
        653.0,
        652.0,
        646.0,
        645.0,
        641.0,
        640.0,
        639.0,
        638.0,
        637.0,
        636.0,
        635.0,
        628.0,
        626.0,
        625.0,
        623.0,
        622.0,
        619.0,
        618.0,
        612.0,
        611.0,
        605.0,
        604.0,
        600.0
      ]
    }
  },
  {
    "name": "person",
    "class": 0,
    "confidence": 0.8531,
    "box": {
      "x1": 835.00018,
      "y1": 570.8324,
      "x2": 925.64496,
      "y2": 790.26697
    },
    "track_id": 2,
    "segments": {
      "x": [
        884.0,
        881.0,
        881.0,
        880.0,
        880.0,
        879.0,
        879.0,
        878.0,
        878.0,
        877.0,
        877.0,
        876.0,
        876.0,
        875.0,
        875.0,
        874.0,
        874.0,
        870.0,
        869.0,
        868.0,
        867.0,
        866.0,
        865.0,
        863.0,
        862.0,
        859.0,
        858.0,
        857.0,
        857.0,
        855.0,
        855.0,
        854.0,
        854.0,
        853.0,
        853.0,
        852.0,
        852.0,
        851.0,
        851.0,
        850.0,
        850.0,
        849.0,
        849.0,
        848.0,
        848.0,
        847.0,
        847.0,
        846.0,
        846.0,
        845.0,
        845.0,
        844.0,
        844.0,
        843.0,
        843.0,
        842.0,
        842.0,
        843.0,
        843.0,
        844.0,
        844.0,
        845.0,
        845.0,
        847.0,
        847.0,
        848.0,
        848.0,
        849.0,
        849.0,
        850.0,
        850.0,
        851.0,
        851.0,
        852.0,
        852.0,
        851.0,
        851.0,
        850.0,
        850.0,
        845.0,
        844.0,
        840.0,
        840.0,
        839.0,
        839.0,
        838.0,
        838.0,
        837.0,
        837.0,
        836.0,
        836.0,
        835.0,
        835.0,
        842.0,
        843.0,
        844.0,
        860.0,
        862.0,
        862.0,
        863.0,
        863.0,
        864.0,
        864.0,
        865.0,
        865.0,
        866.0,
        866.0,
        869.0,
        869.0,
        872.0,
        872.0,
        873.0,
        873.0,
        874.0,
        874.0,
        875.0,
        875.0,
        876.0,
        876.0,
        877.0,
        877.0,
        878.0,
        878.0,
        882.0,
        883.0,
        885.0,
        886.0,
        889.0,
        890.0,
        892.0,
        894.0,
        896.0,
        897.0,
        901.0,
        902.0,
        903.0,
        904.0,
        905.0,
        907.0,
        908.0,
        911.0,
        912.0,
        914.0,
        915.0,
        916.0,
        917.0,
        920.0,
        921.0,
        922.0,
        922.0,
        923.0,
        923.0,
        924.0,
        924.0,
        923.0,
        923.0,
        922.0,
        922.0,
        921.0,
        921.0,
        922.0,
        922.0,
        923.0,
        923.0,
        922.0,
        922.0,
        921.0,
        921.0,
        913.0,
        913.0,
        912.0,
        912.0
      ],
      "y": [
        572.0,
        575.0,
        576.0,
        577.0,
        578.0,
        579.0,
        580.0,
        581.0,
        582.0,
        583.0,
        586.0,
        587.0,
        589.0,
        590.0,
        592.0,
        593.0,
        594.0,
        598.0,
        598.0,
        599.0,
        599.0,
        600.0,
        600.0,
        602.0,
        602.0,
        605.0,
        605.0,
        606.0,
        607.0,
        609.0,
        610.0,
        611.0,
        612.0,
        613.0,
        615.0,
        616.0,
        619.0,
        620.0,
        626.0,
        627.0,
        631.0,
        632.0,
        634.0,
        635.0,
        637.0,
        638.0,
        640.0,
        641.0,
        642.0,
        643.0,
        646.0,
        647.0,
        650.0,
        651.0,
        657.0,
        658.0,
        678.0,
        679.0,
        680.0,
        681.0,
        682.0,
        683.0,
        684.0,
        686.0,
        687.0,
        688.0,
        690.0,
        691.0,
        692.0,
        693.0,
        696.0,
        697.0,
        701.0,
        702.0,
        729.0,
        730.0,
        734.0,
        735.0,
        738.0,
        743.0,
        743.0,
        747.0,
        748.0,
        749.0,
        750.0,
        751.0,
        752.0,
        753.0,
        754.0,
        755.0,
        756.0,
        757.0,
        782.0,
        789.0,
        789.0,
        790.0,
        790.0,
        788.0,
        787.0,
        786.0,
        782.0,
        781.0,
        761.0,
        760.0,
        759.0,
        758.0,
        757.0,
        754.0,
        753.0,
        750.0,
        749.0,
        748.0,
        747.0,
        746.0,
        744.0,
        743.0,
        740.0,
        739.0,
        737.0,
        736.0,
        735.0,
        734.0,
        733.0,
        729.0,
        729.0,
        727.0,
        727.0,
        724.0,
        724.0,
        722.0,
        722.0,
        724.0,
        724.0,
        728.0,
        728.0,
        729.0,
        729.0,
        730.0,
        730.0,
        731.0,
        731.0,
        732.0,
        732.0,
        733.0,
        733.0,
        734.0,
        734.0,
        733.0,
        733.0,
        732.0,
        731.0,
        728.0,
        727.0,
        726.0,
        725.0,
        722.0,
        721.0,
        718.0,
        717.0,
        703.0,
        702.0,
        684.0,
        683.0,
        634.0,
        633.0,
        616.0,
        615.0,
        614.0,
        606.0,
        601.0,
        600.0,
        572.0
      ]
    }
  }
]