[
  {
    "name": "person",
    "class": 0,
    "confidence": 0.88838,
    "box": {
      "x1": 1003.7262,
      "y1": 559.61377,
      "x2": 1091.11047,
      "y2": 752.12811
    },
    "track_id": 1,
    "segments": {
      "x": [
        1024.0,
        1024.0,
        1023.0,
        1023.0,
        1022.0,
        1022.0,
        1021.0,
        1021.0,
        1020.0,
        1020.0,
        1019.0,
        1019.0,
        1018.0,
        1018.0,
        1017.0,
        1017.0,
        1016.0,
        1016.0,
        1010.0,
        1010.0,
        1009.0,
        1009.0,
        1008.0,
        1008.0,
        1007.0,
        1007.0,
        1006.0,
        1006.0,
        1005.0,
        1005.0,
        1011.0,
        1012.0,
        1015.0,
        1018.0,
        1018.0,
        1019.0,
        1019.0,
        1020.0,
        1020.0,
        1021.0,
        1021.0,
        1022.0,
        1022.0,
        1023.0,
        1023.0,
        1025.0,
        1026.0,
        1028.0,
        1028.0,
        1029.0,
        1029.0,
        1030.0,
        1030.0,
        1031.0,
        1031.0,
        1030.0,
        1030.0,
        1021.0,
        1021.0,
        1020.0,
        1020.0,
        1019.0,
        1019.0,
        1021.0,
        1032.0,
        1043.0,
        1043.0,
        1045.0,
        1045.0,
        1046.0,
        1046.0,
        1047.0,
        1047.0,
        1048.0,
        1048.0,
        1049.0,
        1049.0,
        1050.0,
        1050.0,
        1051.0,
        1051.0,
        1052.0,
        1052.0,
        1053.0,
        1053.0,
        1054.0,
        1054.0,
        1059.0,
        1060.0,
        1061.0,
        1062.0,
        1066.0,
        1066.0,
        1067.0,
        1067.0,
        1068.0,
        1068.0,
        1069.0,
        1069.0,
        1074.0,
        1086.0,
        1088.0,
        1089.0,
        1089.0,
        1091.0,
        1091.0,
        1090.0,
        1090.0,
        1089.0,
        1089.0,
        1087.0,
        1087.0,
        1083.0,
        1083.0,
        1082.0,
        1082.0,
        1081.0,
        1081.0,
        1080.0,
        1080.0,
        1081.0,
        1081.0,
        1082.0,
        1082.0,
        1084.0,
        1084.0,
        1087.0,
        1087.0,
        1089.0,
        1089.0,
        1090.0,
        1090.0,
        1091.0,
        1091.0,
        1090.0,
        1090.0,
        1089.0,
        1089.0,
        1081.0,
        1081.0,
        1080.0,
        1080.0,
        1079.0,
        1079.0,
        1078.0,
        1078.0,
        1074.0,
        1073.0,
        1065.0,
        1064.0,
        1063.0,
        1062.0,
        1060.0,
        1059.0,
        1057.0,
        1057.0,
        1055.0,
        1055.0,
        1054.0,
        1054.0,
        1053.0,
        1053.0,
        1052.0,
        1052.0
      ],
      "y": [
        560.0,
        561.0,
        562.0,
        563.0,
        564.0,
        566.0,
        567.0,
        573.0,
        574.0,
        606.0,
        607.0,
        609.0,
        610.0,
        612.0,
        613.0,
        615.0,
        616.0,
        617.0,
        623.0,
        624.0,
        625.0,
        626.0,
        627.0,
        628.0,
        629.0,
        632.0,
        633.0,
        635.0,
        636.0,
        670.0,
        670.0,
        669.0,
        669.0,
        666.0,
        664.0,
        663.0,
        658.0,
        657.0,
        652.0,
        651.0,
        649.0,
        648.0,
        646.0,
        645.0,
        643.0,
        641.0,
        641.0,
        643.0,
        645.0,
        646.0,
        648.0,
        649.0,
        651.0,
        652.0,
        720.0,
        721.0,
        726.0,
        735.0,
        736.0,
        737.0,
        743.0,
        744.0,
        750.0,
        752.0,
        752.0,
        741.0,
        740.0,
        738.0,
        735.0,
        734.0,
        732.0,
        731.0,
        730.0,
        729.0,
        728.0,
        727.0,
        726.0,
        725.0,
        723.0,
        722.0,
        721.0,
        720.0,
        718.0,
        717.0,
        715.0,
        714.0,
        713.0,
        708.0,
        708.0,
        707.0,
        707.0,
        711.0,
        712.0,
        713.0,
        719.0,
        720.0,
        737.0,
        738.0,
        739.0,
        744.0,
        744.0,
        742.0,
        742.0,
        741.0,
        739.0,
        719.0,
        718.0,
        713.0,
        712.0,
        710.0,
        708.0,
        707.0,
        703.0,
        702.0,
        701.0,
        699.0,
        698.0,
        694.0,
        693.0,
        686.0,
        685.0,
        681.0,
        680.0,
        678.0,
        676.0,
        675.0,
        672.0,
        671.0,
        669.0,
        667.0,
        666.0,
        660.0,
        659.0,
        614.0,
        613.0,
        608.0,
        607.0,
        605.0,
        597.0,
        596.0,
        595.0,
        594.0,
        593.0,
        592.0,
        591.0,
        590.0,
        586.0,
        586.0,
        578.0,
        578.0,
        577.0,
        577.0,
        575.0,
        575.0,
        573.0,
        572.0,
        570.0,
        568.0,
        567.0,
        564.0,
        563.0,
        562.0,
        561.0,
        560.0
      ]
    }
  },
  {
    "name": "person",
    "class": 0,
    "confidence": 0.84999,
    "box": {
      "x1": 843.43536,
      "y1": 577.60046,
      "x2": 934.3537,
      "y2": 800.95129
    },
    "track_id": 2,
    "segments": {
      "x": [
        894.0,
        894.0,
        893.0,
        893.0,
        889.0,
        889.0,
        887.0,
        887.0,
        886.0,
        886.0,
        881.0,
        880.0,
        879.0,
        877.0,
        876.0,
        873.0,
        872.0,
        870.0,
        869.0,
        868.0,
        864.0,
        864.0,
        863.0,
        863.0,
        862.0,
        862.0,
        861.0,
        861.0,
        859.0,
        859.0,
        855.0,
        855.0,
        854.0,
        854.0,
        853.0,
        853.0,
        852.0,
        852.0,
        851.0,
        851.0,
        850.0,
        850.0,
        849.0,
        849.0,
        848.0,
        848.0,
        845.0,
        844.0,
        844.0,
        845.0,
        849.0,
        849.0,
        850.0,
        850.0,
        851.0,
        851.0,
        850.0,
        850.0,
        851.0,
        851.0,
        852.0,
        852.0,
        853.0,
        853.0,
        856.0,
        857.0,
        858.0,
        859.0,
        860.0,
        861.0,
        862.0,
        868.0,
        868.0,
        870.0,
        870.0,
        871.0,
        871.0,
        872.0,
        872.0,
        873.0,
        873.0,
        874.0,
        874.0,
        875.0,
        875.0,
        881.0,
        882.0,
        885.0,
        885.0,
        886.0,
        886.0,
        887.0,
        887.0,
        888.0,
        888.0,
        889.0,
        889.0,
        890.0,
        890.0,
        891.0,
        891.0,
        893.0,
        918.0,
        926.0,
        927.0,
        928.0,
        929.0,
        930.0,
        931.0,
        932.0,
        932.0,
        934.0,
        934.0,
        933.0,
        933.0,
        932.0,
        932.0,
        929.0,
        925.0,
        924.0,
        920.0,
        919.0,
        918.0,
        915.0,
        915.0,
        914.0,
        914.0,
        913.0,
        913.0,
        912.0,
        912.0,
        911.0,
        911.0,
        910.0,
        910.0,
        909.0,
        909.0,
        908.0,
        908.0,
        906.0,
        906.0,
        903.0,
        903.0,
        902.0,
        902.0,
        901.0,
        901.0,
        900.0,
        900.0,
        901.0,
        901.0,
        902.0,
        902.0,
        903.0,
        903.0,
        904.0,
        904.0,
        906.0,
        906.0,
        908.0,
        908.0,
        909.0,
        909.0,
        910.0,
        910.0,
        911.0,
        911.0,
        912.0,
        912.0,
        913.0,
        913.0,
        912.0,
        912.0,
        911.0,
        911.0,
        912.0,
        912.0,
        913.0,
        913.0,
        914.0,
        914.0,
        919.0,
        919.0,
        920.0,
        920.0,
        921.0,
        921.0,
        922.0,
        922.0,
        923.0,
        923.0,
        924.0,
        924.0,
        923.0
      ],
      "y": [
        579.0,
        580.0,
        581.0,
        582.0,
        586.0,
        587.0,
        589.0,
        590.0,
        591.0,
        592.0,
        597.0,
        597.0,
        598.0,
        598.0,
        599.0,
        599.0,
        600.0,
        600.0,
        601.0,
        601.0,
        605.0,
        607.0,
        608.0,
        609.0,
        610.0,
        611.0,
        612.0,
        613.0,
        615.0,
        616.0,
        620.0,
        621.0,
        622.0,
        623.0,
        624.0,
        626.0,
        627.0,
        629.0,
        630.0,
        633.0,
        634.0,
        637.0,
        638.0,
        640.0,
        641.0,
        642.0,
        645.0,
        645.0,
        698.0,
        698.0,
        702.0,
        706.0,
        707.0,
        711.0,
        712.0,
        735.0,
        736.0,
        750.0,
        751.0,
        757.0,
        758.0,
        761.0,
        762.0,
        763.0,
        766.0,
        766.0,
        767.0,
        766.0,
        766.0,
        765.0,
        765.0,
        759.0,
        758.0,
        756.0,
        755.0,
        754.0,
        753.0,
        752.0,
        751.0,
        750.0,
        747.0,
        746.0,
        742.0,
        741.0,
        737.0,
        731.0,
        731.0,
        734.0,
        735.0,
        736.0,
        737.0,
        738.0,
        746.0,
        747.0,
        761.0,
        762.0,
        789.0,
        790.0,
        795.0,
        796.0,
        798.0,
        800.0,
        800.0,
        792.0,
        792.0,
        791.0,
        791.0,
        790.0,
        790.0,
        789.0,
        788.0,
        786.0,
        785.0,
        784.0,
        783.0,
        782.0,
        781.0,
        778.0,
        778.0,
        777.0,
        777.0,
        776.0,
        776.0,
        773.0,
        772.0,
        771.0,
        770.0,
        769.0,
        767.0,
        766.0,
        763.0,
        762.0,
        746.0,
        745.0,
        717.0,
        716.0,
        712.0,
        711.0,
        710.0,
        708.0,
        707.0,
        704.0,
        703.0,
        702.0,
        700.0,
        699.0,
        692.0,
        691.0,
        687.0,
        686.0,
        680.0,
        679.0,
        677.0,
        676.0,
        675.0,
        674.0,
        673.0,
        671.0,
        670.0,
        668.0,
        667.0,
        666.0,
        665.0,
        664.0,
        662.0,
        661.0,
        659.0,
        658.0,
        656.0,
        655.0,
        651.0,
        650.0,
        646.0,
        645.0,
        618.0,
        617.0,
        615.0,
        614.0,
        613.0,
        612.0,
        611.0,
        606.0,
        605.0,
        604.0,
        603.0,
        602.0,
        600.0,
        599.0,
        597.0,
        596.0,
        592.0,
        591.0,
        580.0,
        579.0
      ]
    }
  }
]