[
  {
    "name": "person",
    "class": 0,
    "confidence": 0.89403,
    "box": {
      "x1": 1005.97705,
      "y1": 566.19995,
      "x2": 1086.08142,
      "y2": 760.79614
    },
    "track_id": 1,
    "segments": {
      "x": [
        1006.0,
        1006.0,
        1007.0,
        1007.0,
        1008.0,
        1008.0,
        1009.0,
        1009.0,
        1010.0,
        1010.0,
        1011.0,
        1011.0,
        1010.0,
        1010.0,
        1009.0,
        1009.0,
        1008.0,
        1008.0,
        1007.0,
        1007.0,
        1006.0,
        1006.0,
        1008.0,
        1009.0,
        1014.0,
        1015.0,
        1016.0,
        1020.0,
        1020.0,
        1021.0,
        1021.0,
        1022.0,
        1022.0,
        1023.0,
        1023.0,
        1024.0,
        1024.0,
        1025.0,
        1026.0,
        1027.0,
        1027.0,
        1028.0,
        1028.0,
        1029.0,
        1029.0,
        1030.0,
        1030.0,
        1031.0,
        1031.0,
        1030.0,
        1030.0,
        1029.0,
        1029.0,
        1027.0,
        1026.0,
        1021.0,
        1021.0,
        1020.0,
        1020.0,
        1019.0,
        1019.0,
        1022.0,
        1023.0,
        1024.0,
        1027.0,
        1028.0,
        1029.0,
        1030.0,
        1031.0,
        1034.0,
        1034.0,
        1035.0,
        1036.0,
        1038.0,
        1039.0,
        1043.0,
        1043.0,
        1045.0,
        1045.0,
        1046.0,
        1046.0,
        1047.0,
        1047.0,
        1048.0,
        1048.0,
        1049.0,
        1049.0,
        1051.0,
        1051.0,
        1053.0,
        1053.0,
        1055.0,
        1055.0,
        1056.0,
        1056.0,
        1058.0,
        1058.0,
        1059.0,
        1060.0,
        1061.0,
        1062.0,
        1064.0,
        1064.0,
        1065.0,
        1065.0,
        1066.0,
        1066.0,
        1067.0,
        1067.0,
        1068.0,
        1068.0,
        1069.0,
        1069.0,
        1070.0,
        1070.0,
        1074.0,
        1076.0,
        1077.0,
        1080.0,
        1081.0,
        1083.0,
        1084.0,
        1086.0,
        1086.0,
        1085.0,
        1085.0,
        1084.0,
        1084.0,
        1083.0,
        1083.0,
        1082.0,
        1082.0,
        1081.0,
        1081.0,
        1080.0,
        1080.0,
        1081.0,
        1081.0,
        1082.0,
        1082.0,
        1083.0,
        1083.0,
        1084.0,
        1084.0,
        1085.0,
        1085.0,
        1086.0,
        1086.0,
        1082.0,
        1082.0,
        1081.0,
        1081.0,
        1080.0,
        1080.0,
        1079.0,
        1079.0,
        1078.0,
        1078.0,
        1077.0,
        1077.0,
        1068.0,
        1068.0,
        1067.0,
        1067.0,
        1063.0,
        1062.0,
        1061.0,
        1060.0,
        1058.0,
        1057.0,
        1054.0,
        1054.0,
        1052.0,
        1051.0,
        1049.0,
        1048.0,
        1047.0,
        1046.0,
        1045.0,
        1044.0,
        1041.0,
        1040.0,
        1038.0,
        1038.0
      ],
      "y": [
        567.0,
        594.0,
        595.0,
        597.0,
        598.0,
        600.0,
        601.0,
        602.0,
        603.0,
        604.0,
        605.0,
        619.0,
        620.0,
        621.0,
        622.0,
        624.0,
        625.0,
        628.0,
        629.0,
        635.0,
        636.0,
        671.0,
        671.0,
        672.0,
        672.0,
        671.0,
        671.0,
        667.0,
        665.0,
        664.0,
        658.0,
        657.0,
        653.0,
        652.0,
        651.0,
        650.0,
        649.0,
        648.0,
        648.0,
        649.0,
        650.0,
        651.0,
        652.0,
        653.0,
        657.0,
        658.0,
        667.0,
        668.0,
        723.0,
        724.0,
        726.0,
        727.0,
        728.0,
        730.0,
        730.0,
        735.0,
        736.0,
        737.0,
        742.0,
        743.0,
        750.0,
        753.0,
        753.0,
        754.0,
        754.0,
        753.0,
        753.0,
        752.0,
        752.0,
        749.0,
        748.0,
        747.0,
        747.0,
        745.0,
        745.0,
        741.0,
        740.0,
        738.0,
        735.0,
        734.0,
        732.0,
        731.0,
        730.0,
        729.0,
        728.0,
        727.0,
        726.0,
        724.0,
        723.0,
        721.0,
        720.0,
        718.0,
        717.0,
        716.0,
        715.0,
        713.0,
        712.0,
        711.0,
        711.0,
        710.0,
        710.0,
        712.0,
        713.0,
        714.0,
        716.0,
        717.0,
        721.0,
        722.0,
        742.0,
        743.0,
        752.0,
        753.0,
        754.0,
        755.0,
        756.0,
        760.0,
        758.0,
        758.0,
        755.0,
        755.0,
        753.0,
        753.0,
        751.0,
        726.0,
        725.0,
        723.0,
        722.0,
        720.0,
        719.0,
        717.0,
        716.0,
        712.0,
        711.0,
        704.0,
        703.0,
        673.0,
        672.0,
        663.0,
        662.0,
        655.0,
        654.0,
        652.0,
        651.0,
        650.0,
        649.0,
        648.0,
        647.0,
        638.0,
        634.0,
        633.0,
        632.0,
        631.0,
        630.0,
        622.0,
        621.0,
        612.0,
        611.0,
        606.0,
        605.0,
        604.0,
        595.0,
        594.0,
        593.0,
        592.0,
        588.0,
        588.0,
        587.0,
        587.0,
        585.0,
        585.0,
        582.0,
        581.0,
        579.0,
        579.0,
        577.0,
        577.0,
        576.0,
        576.0,
        575.0,
        575.0,
        572.0,
        572.0,
        570.0,
        567.0
      ]
    }
  },
  {
    "name": "person",
    "class": 0,
    "confidence": 0.77674,
    "box": {
      "x1": 844.65546,
      "y1": 615.96167,
      "x2": 927.74884,
      "y2": 768.03638
    },
    "track_id": 2,
    "segments": {
      "x": [
        897.0,
        896.0,
        896.0,
        891.0,
        890.0,
        888.0,
        887.0,
        884.0,
        883.0,
        877.0,
        876.0,
        874.0,
        873.0,
        872.0,
        871.0,
        870.0,
        869.0,
        865.0,
        865.0,
        864.0,
        864.0,
        863.0,
        863.0,
        862.0,
        862.0,
        856.0,
        855.0,
        854.0,
        854.0,
        852.0,
        852.0,
        851.0,
        851.0,
        849.0,
        849.0,
        847.0,
        846.0,
        845.0,
        845.0,
        846.0,
        848.0,
        848.0,
        850.0,
        850.0,
        851.0,
        851.0,
        852.0,
        852.0,
        853.0,
        853.0,
        854.0,
        855.0,
        856.0,
        862.0,
        863.0,
        865.0,
        866.0,
        867.0,
        868.0,
        869.0,
        872.0,
        872.0,
        873.0,
        873.0,
        874.0,
        874.0,
        875.0,
        875.0,
        876.0,
        876.0,
        877.0,
        877.0,
        878.0,
        878.0,
        882.0,
        884.0,
        885.0,
        886.0,
        887.0,
        887.0,
        890.0,
        890.0,
        892.0,
        892.0,
        893.0,
        893.0,
        894.0,
        894.0,
        895.0,
        895.0,
        896.0,
        896.0,
        897.0,
        897.0,
        898.0,
        898.0,
        899.0,
        899.0,
        900.0,
        900.0,
        901.0,
        901.0,
        906.0,
        907.0,
        909.0,
        910.0,
        912.0,
        913.0,
        914.0,
        915.0,
        916.0,
        917.0,
        921.0,
        921.0,
        923.0,
        923.0,
        922.0,
        922.0,
        921.0,
        921.0,
        920.0,
        920.0,
        921.0,
        921.0,
        922.0,
        922.0,
        923.0,
        923.0,
        922.0
      ],
      "y": [
        615.0,
        616.0,
        617.0,
        622.0,
        622.0,
        624.0,
        624.0,
        627.0,
        627.0,
        633.0,
        633.0,
        635.0,
        635.0,
        636.0,
        636.0,
        637.0,
        637.0,
        641.0,
        642.0,
        643.0,
        646.0,
        647.0,
        649.0,
        650.0,
        653.0,
        659.0,
        659.0,
        660.0,
        661.0,
        663.0,
        664.0,
        665.0,
        666.0,
        668.0,
        669.0,
        671.0,
        671.0,
        672.0,
        706.0,
        706.0,
        708.0,
        709.0,
        711.0,
        712.0,
        713.0,
        756.0,
        757.0,
        762.0,
        763.0,
        764.0,
        765.0,
        765.0,
        766.0,
        766.0,
        765.0,
        765.0,
        764.0,
        764.0,
        763.0,
        763.0,
        760.0,
        759.0,
        758.0,
        756.0,
        755.0,
        752.0,
        751.0,
        728.0,
        727.0,
        724.0,
        723.0,
        722.0,
        721.0,
        720.0,
        716.0,
        716.0,
        715.0,
        715.0,
        714.0,
        713.0,
        710.0,
        709.0,
        707.0,
        706.0,
        705.0,
        704.0,
        703.0,
        702.0,
        701.0,
        697.0,
        696.0,
        690.0,
        689.0,
        686.0,
        685.0,
        681.0,
        680.0,
        677.0,
        676.0,
        675.0,
        674.0,
        673.0,
        668.0,
        668.0,
        666.0,
        666.0,
        664.0,
        664.0,
        663.0,
        663.0,
        662.0,
        662.0,
        658.0,
        657.0,
        655.0,
        651.0,
        650.0,
        647.0,
        646.0,
        643.0,
        642.0,
        641.0,
        640.0,
        637.0,
        636.0,
        632.0,
        631.0,
        616.0,
        615.0
      ]
    }
  }
]