[
  {
    "name": "person",
    "class": 0,
    "confidence": 0.88426,
    "box": {
      "x1": 1135.98792,
      "y1": 605.96539,
      "x2": 1214.07263,
      "y2": 834.33386
    },
    "track_id": 1,
    "segments": {
      "x": [
        1163.0,
        1163.0,
        1162.0,
        1162.0,
        1161.0,
        1161.0,
        1160.0,
        1161.0,
        1161.0,
        1162.0,
        1162.0,
        1163.0,
        1163.0,
        1164.0,
        1164.0,
        1165.0,
        1165.0,
        1166.0,
        1166.0,
        1167.0,
        1167.0,
        1166.0,
        1166.0,
        1165.0,
        1165.0,
        1164.0,
        1164.0,
        1163.0,
        1163.0,
        1162.0,
        1162.0,
        1161.0,
        1161.0,
        1160.0,
        1160.0,
        1159.0,
        1159.0,
        1158.0,
        1158.0,
        1157.0,
        1157.0,
        1156.0,
        1156.0,
        1155.0,
        1155.0,
        1154.0,
        1154.0,
        1153.0,
        1153.0,
        1152.0,
        1152.0,
        1151.0,
        1151.0,
        1149.0,
        1149.0,
        1148.0,
        1147.0,
        1145.0,
        1144.0,
        1139.0,
        1139.0,
        1138.0,
        1138.0,
        1137.0,
        1137.0,
        1135.0,
        1135.0,
        1136.0,
        1137.0,
        1139.0,
        1140.0,
        1141.0,
        1142.0,
        1143.0,
        1144.0,
        1145.0,
        1146.0,
        1148.0,
        1148.0,
        1149.0,
        1149.0,
        1150.0,
        1150.0,
        1151.0,
        1151.0,
        1152.0,
        1152.0,
        1153.0,
        1153.0,
        1154.0,
        1154.0,
        1155.0,
        1155.0,
        1154.0,
        1154.0,
        1153.0,
        1153.0,
        1152.0,
        1152.0,
        1153.0,
        1153.0,
        1154.0,
        1154.0,
        1155.0,
        1155.0,
        1158.0,
        1162.0,
        1163.0,
        1170.0,
        1171.0,
        1173.0,
        1174.0,
        1175.0,
        1176.0,
        1178.0,
        1179.0,
        1181.0,
        1182.0,
        1183.0,
        1185.0,
        1186.0,
        1187.0,
        1187.0,
        1188.0,
        1188.0,
        1189.0,
        1189.0,
        1190.0,
        1190.0,
        1189.0,
        1189.0,
        1188.0,
        1188.0,
        1187.0,
        1187.0,
        1186.0,
        1186.0,
        1185.0,
        1185.0,
        1184.0,
        1184.0,
        1183.0,
        1183.0,
        1184.0,
        1184.0,
        1185.0,
        1185.0,
        1186.0,
        1186.0,
        1187.0,
        1187.0,
        1188.0,
        1188.0,
        1189.0,
        1189.0,
        1193.0,
        1194.0,
        1199.0,
        1199.0,
        1200.0,
        1200.0,
        1202.0,
        1202.0,
        1208.0,
        1208.0,
        1209.0,
        1209.0,
        1210.0,
        1210.0,
        1211.0,
        1211.0,
        1212.0,
        1212.0,
        1213.0,
        1213.0,
        1212.0,
        1212.0,
        1211.0,
        1211.0,
        1210.0,
        1210.0,
        1209.0,
        1209.0,
        1201.0,
        1201.0,
        1200.0,
        1200.0,
        1199.0,
        1199.0,
        1198.0,
        1198.0,
        1197.0,
        1197.0
      ],
      "y": [
        607.0,
        612.0,
        613.0,
        621.0,
        622.0,
        628.0,
        629.0,
        630.0,
        634.0,
        635.0,
        639.0,
        640.0,
        643.0,
        644.0,
        646.0,
        647.0,
        649.0,
        650.0,
        651.0,
        652.0,
        655.0,
        656.0,
        658.0,
        659.0,
        661.0,
        662.0,
        667.0,
        668.0,
        677.0,
        678.0,
        681.0,
        682.0,
        684.0,
        685.0,
        686.0,
        687.0,
        688.0,
        689.0,
        690.0,
        691.0,
        692.0,
        693.0,
        694.0,
        695.0,
        697.0,
        698.0,
        701.0,
        702.0,
        708.0,
        709.0,
        717.0,
        718.0,
        725.0,
        727.0,
        728.0,
        729.0,
        729.0,
        731.0,
        731.0,
        736.0,
        737.0,
        738.0,
        739.0,
        740.0,
        741.0,
        743.0,
        777.0,
        778.0,
        778.0,
        780.0,
        780.0,
        781.0,
        781.0,
        782.0,
        782.0,
        783.0,
        783.0,
        785.0,
        788.0,
        789.0,
        796.0,
        797.0,
        799.0,
        800.0,
        801.0,
        802.0,
        803.0,
        804.0,
        805.0,
        806.0,
        807.0,
        808.0,
        812.0,
        813.0,
        815.0,
        816.0,
        819.0,
        820.0,
        822.0,
        823.0,
        825.0,
        826.0,
        827.0,
        828.0,
        829.0,
        832.0,
        832.0,
        831.0,
        831.0,
        830.0,
        830.0,
        829.0,
        829.0,
        828.0,
        828.0,
        827.0,
        827.0,
        826.0,
        826.0,
        824.0,
        824.0,
        823.0,
        822.0,
        821.0,
        818.0,
        817.0,
        812.0,
        811.0,
        809.0,
        808.0,
        806.0,
        805.0,
        802.0,
        801.0,
        797.0,
        796.0,
        793.0,
        792.0,
        790.0,
        789.0,
        787.0,
        786.0,
        773.0,
        772.0,
        769.0,
        768.0,
        765.0,
        764.0,
        759.0,
        758.0,
        754.0,
        753.0,
        750.0,
        749.0,
        748.0,
        744.0,
        744.0,
        739.0,
        738.0,
        737.0,
        735.0,
        733.0,
        732.0,
        726.0,
        725.0,
        724.0,
        721.0,
        720.0,
        716.0,
        715.0,
        696.0,
        695.0,
        679.0,
        678.0,
        659.0,
        658.0,
        652.0,
        651.0,
        648.0,
        647.0,
        645.0,
        644.0,
        642.0,
        634.0,
        633.0,
        632.0,
        631.0,
        630.0,
        619.0,
        618.0,
        612.0,
        611.0,
        607.0
      ]
    }
  },
  {
    "name": "person",
    "class": 0,
    "confidence": 0.84356,
    "box": {
      "x1": 835.53015,
      "y1": 596.32123,
      "x2": 929.86285,
      "y2": 790.71033
    },
    "track_id": 2,
    "segments": {
      "x": [
        885.0,
        884.0,
        882.0,
        881.0,
        878.0,
        877.0,
        874.0,
        873.0,
        870.0,
        869.0,
        868.0,
        866.0,
        866.0,
        865.0,
        865.0,
        863.0,
        863.0,
        860.0,
        859.0,
        853.0,
        853.0,
        852.0,
        852.0,
        851.0,
        851.0,
        849.0,
        849.0,
        846.0,
        845.0,
        843.0,
        843.0,
        841.0,
        841.0,
        840.0,
        840.0,
        839.0,
        839.0,
        840.0,
        840.0,
        839.0,
        839.0,
        838.0,
        838.0,
        837.0,
        837.0,
        836.0,
        836.0,
        838.0,
        838.0,
        841.0,
        842.0,
        843.0,
        860.0,
        863.0,
        863.0,
        864.0,
        864.0,
        863.0,
        863.0,
        864.0,
        864.0,
        865.0,
        865.0,
        866.0,
        866.0,
        868.0,
        868.0,
        872.0,
        873.0,
        878.0,
        879.0,
        880.0,
        882.0,
        886.0,
        886.0,
        887.0,
        887.0,
        888.0,
        888.0,
        889.0,
        889.0,
        890.0,
        890.0,
        891.0,
        891.0,
        892.0,
        892.0,
        893.0,
        893.0,
        894.0,
        894.0,
        896.0,
        896.0,
        897.0,
        897.0,
        900.0,
        900.0,
        902.0,
        903.0,
        905.0,
        906.0,
        907.0,
        908.0,
        909.0,
        910.0,
        912.0,
        913.0,
        914.0,
        915.0,
        916.0,
        919.0,
        920.0,
        921.0,
        922.0,
        923.0,
        924.0,
        924.0,
        925.0,
        925.0,
        924.0,
        924.0,
        923.0,
        923.0,
        922.0,
        922.0,
        921.0,
        921.0,
        920.0,
        920.0,
        916.0,
        916.0,
        914.0,
        914.0,
        913.0,
        913.0,
        912.0,
        912.0,
        911.0,
        911.0,
        909.0,
        909.0,
        907.0,
        906.0,
        902.0,
        901.0,
        900.0,
        899.0,
        897.0,
        895.0,
        894.0,
        893.0,
        892.0,
        891.0,
        886.0,
        886.0,
        887.0,
        887.0,
        891.0,
        892.0,
        894.0,
        895.0,
        897.0,
        897.0,
        899.0,
        899.0,
        903.0,
        904.0,
        905.0,
        908.0,
        909.0,
        915.0,
        916.0,
        918.0,
        922.0,
        922.0,
        921.0,
        921.0,
        922.0,
        922.0,
        923.0,
        923.0,
        924.0,
        924.0,
        923.0,
        923.0,
        922.0,
        922.0
      ],
      "y": [
        596.0,
        597.0,
        597.0,
        598.0,
        598.0,
        599.0,
        599.0,
        600.0,
        600.0,
        601.0,
        601.0,
        603.0,
        604.0,
        605.0,
        606.0,
        608.0,
        609.0,
        612.0,
        612.0,
        618.0,
        622.0,
        623.0,
        626.0,
        627.0,
        630.0,
        632.0,
        633.0,
        636.0,
        636.0,
        638.0,
        639.0,
        641.0,
        645.0,
        646.0,
        653.0,
        654.0,
        658.0,
        659.0,
        666.0,
        667.0,
        696.0,
        697.0,
        706.0,
        707.0,
        713.0,
        714.0,
        783.0,
        785.0,
        786.0,
        789.0,
        789.0,
        790.0,
        790.0,
        787.0,
        786.0,
        785.0,
        763.0,
        762.0,
        758.0,
        757.0,
        722.0,
        721.0,
        713.0,
        712.0,
        711.0,
        709.0,
        708.0,
        704.0,
        704.0,
        699.0,
        699.0,
        698.0,
        698.0,
        702.0,
        703.0,
        704.0,
        705.0,
        706.0,
        707.0,
        708.0,
        709.0,
        710.0,
        711.0,
        712.0,
        713.0,
        714.0,
        716.0,
        717.0,
        718.0,
        719.0,
        720.0,
        722.0,
        724.0,
        725.0,
        726.0,
        729.0,
        730.0,
        732.0,
        732.0,
        734.0,
        734.0,
        735.0,
        735.0,
        736.0,
        736.0,
        738.0,
        738.0,
        739.0,
        739.0,
        740.0,
        740.0,
        739.0,
        739.0,
        738.0,
        738.0,
        737.0,
        733.0,
        732.0,
        725.0,
        724.0,
        722.0,
        721.0,
        719.0,
        718.0,
        716.0,
        715.0,
        713.0,
        712.0,
        711.0,
        707.0,
        706.0,
        704.0,
        703.0,
        702.0,
        701.0,
        700.0,
        699.0,
        698.0,
        697.0,
        695.0,
        694.0,
        692.0,
        692.0,
        688.0,
        688.0,
        687.0,
        687.0,
        685.0,
        685.0,
        684.0,
        684.0,
        683.0,
        683.0,
        678.0,
        669.0,
        668.0,
        665.0,
        661.0,
        661.0,
        659.0,
        659.0,
        657.0,
        656.0,
        654.0,
        653.0,
        649.0,
        649.0,
        648.0,
        648.0,
        647.0,
        647.0,
        646.0,
        646.0,
        642.0,
        634.0,
        633.0,
        628.0,
        627.0,
        624.0,
        623.0,
        619.0,
        618.0,
        605.0,
        604.0,
        599.0,
        598.0,
        596.0
      ]
    }
  }
]