[
  {
    "name": "person",
    "class": 0,
    "confidence": 0.88258,
    "box": {
      "x1": 1007.58362,
      "y1": 557.67639,
      "x2": 1095.62195,
      "y2": 752.93787
    },
    "track_id": 1,
    "segments": {
      "x": [
        1032.0,
        1032.0,
        1031.0,
        1031.0,
        1030.0,
        1030.0,
        1029.0,
        1029.0,
        1027.0,
        1027.0,
        1026.0,
        1025.0,
        1025.0,
        1023.0,
        1023.0,
        1022.0,
        1022.0,
        1021.0,
        1021.0,
        1020.0,
        1020.0,
        1019.0,
        1019.0,
        1018.0,
        1018.0,
        1017.0,
        1017.0,
        1016.0,
        1016.0,
        1009.0,
        1008.0,
        1008.0,
        1014.0,
        1015.0,
        1016.0,
        1018.0,
        1018.0,
        1019.0,
        1019.0,
        1020.0,
        1020.0,
        1021.0,
        1021.0,
        1022.0,
        1022.0,
        1025.0,
        1026.0,
        1029.0,
        1029.0,
        1030.0,
        1030.0,
        1031.0,
        1031.0,
        1032.0,
        1032.0,
        1031.0,
        1031.0,
        1030.0,
        1030.0,
        1029.0,
        1029.0,
        1026.0,
        1025.0,
        1021.0,
        1021.0,
        1020.0,
        1020.0,
        1019.0,
        1019.0,
        1018.0,
        1018.0,
        1021.0,
        1030.0,
        1032.0,
        1033.0,
        1034.0,
        1034.0,
        1035.0,
        1036.0,
        1043.0,
        1043.0,
        1045.0,
        1045.0,
        1046.0,
        1046.0,
        1047.0,
        1047.0,
        1048.0,
        1048.0,
        1050.0,
        1050.0,
        1051.0,
        1051.0,
        1052.0,
        1052.0,
        1053.0,
        1053.0,
        1054.0,
        1054.0,
        1055.0,
        1055.0,
        1056.0,
        1056.0,
        1057.0,
        1057.0,
        1058.0,
        1058.0,
        1061.0,
        1062.0,
        1064.0,
        1064.0,
        1065.0,
        1065.0,
        1066.0,
        1066.0,
        1067.0,
        1067.0,
        1068.0,
        1068.0,
        1069.0,
        1069.0,
        1070.0,
        1070.0,
        1073.0,
        1074.0,
        1075.0,
        1086.0,
        1087.0,
        1088.0,
        1093.0,
        1093.0,
        1092.0,
        1092.0,
        1091.0,
        1091.0,
        1090.0,
        1090.0,
        1089.0,
        1089.0,
        1088.0,
        1088.0,
        1086.0,
        1086.0,
        1084.0,
        1084.0,
        1082.0,
        1082.0,
        1081.0,
        1081.0,
        1082.0,
        1082.0,
        1083.0,
        1083.0,
        1084.0,
        1084.0,
        1085.0,
        1085.0,
        1087.0,
        1087.0,
        1088.0,
        1088.0,
        1089.0,
        1089.0,
        1090.0,
        1090.0,
        1091.0,
        1091.0,
        1092.0,
        1092.0,
        1093.0,
        1093.0,
        1094.0,
        1094.0,
        1093.0,
        1093.0,
        1092.0,
        1092.0,
        1091.0,
        1091.0,
        1090.0,
        1090.0,
        1089.0,
        1089.0,
        1087.0,
        1086.0,
        1084.0,
        1083.0,
        1079.0,
        1079.0,
        1074.0,
        1073.0,
        1072.0,
        1071.0,
        1064.0,
        1064.0,
        1063.0,
        1063.0,
        1061.0,
        1061.0,
        1060.0,
        1060.0,
        1059.0,
        1059.0
      ],
      "y": [
        558.0,
        560.0,
        561.0,
        575.0,
        576.0,
        587.0,
        588.0,
        593.0,
        595.0,
        596.0,
        597.0,
        597.0,
        598.0,
        600.0,
        601.0,
        602.0,
        603.0,
        604.0,
        606.0,
        607.0,
        617.0,
        618.0,
        621.0,
        622.0,
        623.0,
        624.0,
        625.0,
        626.0,
        627.0,
        634.0,
        634.0,
        670.0,
        670.0,
        669.0,
        669.0,
        667.0,
        666.0,
        665.0,
        663.0,
        662.0,
        658.0,
        657.0,
        654.0,
        653.0,
        652.0,
        649.0,
        649.0,
        652.0,
        653.0,
        654.0,
        658.0,
        659.0,
        671.0,
        672.0,
        705.0,
        706.0,
        724.0,
        725.0,
        726.0,
        727.0,
        728.0,
        731.0,
        731.0,
        735.0,
        736.0,
        737.0,
        741.0,
        742.0,
        747.0,
        748.0,
        750.0,
        753.0,
        753.0,
        751.0,
        751.0,
        750.0,
        749.0,
        748.0,
        748.0,
        741.0,
        740.0,
        738.0,
        736.0,
        735.0,
        733.0,
        732.0,
        731.0,
        730.0,
        729.0,
        727.0,
        726.0,
        725.0,
        724.0,
        723.0,
        721.0,
        720.0,
        717.0,
        716.0,
        713.0,
        712.0,
        711.0,
        710.0,
        709.0,
        708.0,
        707.0,
        706.0,
        705.0,
        702.0,
        702.0,
        704.0,
        705.0,
        706.0,
        707.0,
        708.0,
        709.0,
        710.0,
        713.0,
        714.0,
        726.0,
        727.0,
        738.0,
        739.0,
        740.0,
        743.0,
        743.0,
        744.0,
        744.0,
        743.0,
        743.0,
        738.0,
        735.0,
        734.0,
        728.0,
        727.0,
        712.0,
        711.0,
        708.0,
        707.0,
        704.0,
        703.0,
        701.0,
        699.0,
        698.0,
        696.0,
        695.0,
        693.0,
        691.0,
        690.0,
        688.0,
        687.0,
        685.0,
        684.0,
        682.0,
        681.0,
        680.0,
        679.0,
        678.0,
        676.0,
        675.0,
        674.0,
        673.0,
        672.0,
        670.0,
        669.0,
        667.0,
        666.0,
        651.0,
        650.0,
        639.0,
        638.0,
        631.0,
        630.0,
        629.0,
        628.0,
        619.0,
        618.0,
        607.0,
        606.0,
        595.0,
        594.0,
        593.0,
        592.0,
        591.0,
        589.0,
        589.0,
        587.0,
        587.0,
        583.0,
        582.0,
        577.0,
        577.0,
        576.0,
        576.0,
        569.0,
        567.0,
        566.0,
        565.0,
        563.0,
        562.0,
        561.0,
        560.0,
        559.0,
        558.0
      ]
    }
  },
  {
    "name": "person",
    "class": 0,
    "confidence": 0.87754,
    "box": {
      "x1": 843.04498,
      "y1": 575.71094,
      "x2": 927.1817,
      "y2": 801.49268
    },
    "track_id": 2,
    "segments": {
      "x": [
        895.0,
        895.0,
        894.0,
        894.0,
        891.0,
        890.0,
        883.0,
        883.0,
        881.0,
        880.0,
        878.0,
        877.0,
        876.0,
        875.0,
        874.0,
        872.0,
        871.0,
        869.0,
        864.0,
        864.0,
        863.0,
        863.0,
        862.0,
        862.0,
        861.0,
        861.0,
        855.0,
        855.0,
        854.0,
        854.0,
        853.0,
        853.0,
        852.0,
        852.0,
        851.0,
        851.0,
        850.0,
        850.0,
        849.0,
        849.0,
        848.0,
        848.0,
        844.0,
        843.0,
        843.0,
        844.0,
        845.0,
        846.0,
        848.0,
        848.0,
        849.0,
        849.0,
        850.0,
        850.0,
        851.0,
        851.0,
        850.0,
        850.0,
        851.0,
        851.0,
        852.0,
        852.0,
        856.0,
        860.0,
        861.0,
        862.0,
        863.0,
        864.0,
        865.0,
        866.0,
        868.0,
        869.0,
        870.0,
        871.0,
        873.0,
        875.0,
        875.0,
        876.0,
        876.0,
        877.0,
        877.0,
        878.0,
        878.0,
        882.0,
        906.0,
        908.0,
        909.0,
        910.0,
        910.0,
        920.0,
        920.0,
        910.0,
        910.0,
        909.0,
        909.0,
        908.0,
        908.0,
        907.0,
        907.0,
        908.0,
        908.0,
        909.0,
        909.0,
        910.0,
        910.0,
        909.0,
        909.0,
        908.0,
        908.0,
        907.0,
        907.0,
        905.0,
        905.0,
        904.0,
        904.0,
        903.0,
        903.0,
        902.0,
        902.0,
        901.0,
        901.0,
        900.0,
        900.0,
        901.0,
        901.0,
        902.0,
        902.0,
        903.0,
        903.0,
        904.0,
        904.0,
        905.0,
        905.0,
        906.0,
        906.0,
        908.0,
        908.0,
        909.0,
        909.0,
        910.0,
        910.0,
        911.0,
        911.0,
        910.0,
        910.0,
        911.0,
        911.0,
        912.0,
        912.0,
        913.0,
        913.0,
        915.0,
        915.0,
        918.0,
        918.0,
        920.0,
        920.0,
        922.0,
        922.0,
        923.0,
        923.0,
        924.0,
        924.0,
        923.0
      ],
      "y": [
        577.0,
        579.0,
        580.0,
        582.0,
        585.0,
        585.0,
        592.0,
        593.0,
        595.0,
        595.0,
        597.0,
        597.0,
        598.0,
        598.0,
        599.0,
        599.0,
        600.0,
        600.0,
        605.0,
        606.0,
        607.0,
        608.0,
        609.0,
        610.0,
        611.0,
        612.0,
        618.0,
        620.0,
        621.0,
        622.0,
        623.0,
        625.0,
        626.0,
        628.0,
        629.0,
        633.0,
        634.0,
        637.0,
        638.0,
        640.0,
        641.0,
        642.0,
        646.0,
        646.0,
        697.0,
        697.0,
        698.0,
        698.0,
        700.0,
        701.0,
        702.0,
        706.0,
        707.0,
        713.0,
        714.0,
        726.0,
        727.0,
        751.0,
        752.0,
        761.0,
        762.0,
        763.0,
        767.0,
        767.0,
        766.0,
        766.0,
        765.0,
        765.0,
        764.0,
        764.0,
        762.0,
        762.0,
        761.0,
        762.0,
        762.0,
        764.0,
        765.0,
        766.0,
        788.0,
        789.0,
        793.0,
        794.0,
        797.0,
        801.0,
        801.0,
        799.0,
        799.0,
        798.0,
        797.0,
        787.0,
        785.0,
        775.0,
        774.0,
        773.0,
        768.0,
        767.0,
        764.0,
        763.0,
        757.0,
        756.0,
        748.0,
        747.0,
        739.0,
        738.0,
        712.0,
        711.0,
        709.0,
        708.0,
        707.0,
        706.0,
        705.0,
        703.0,
        702.0,
        701.0,
        700.0,
        699.0,
        698.0,
        697.0,
        695.0,
        694.0,
        691.0,
        690.0,
        688.0,
        687.0,
        682.0,
        681.0,
        678.0,
        677.0,
        676.0,
        675.0,
        674.0,
        673.0,
        672.0,
        671.0,
        670.0,
        668.0,
        667.0,
        666.0,
        663.0,
        662.0,
        658.0,
        657.0,
        647.0,
        646.0,
        636.0,
        635.0,
        617.0,
        616.0,
        614.0,
        613.0,
        611.0,
        609.0,
        608.0,
        605.0,
        604.0,
        602.0,
        601.0,
        599.0,
        597.0,
        596.0,
        594.0,
        593.0,
        578.0,
        577.0
      ]
    }
  }
]