[
  {
    "name": "person",
    "class": 0,
    "confidence": 0.9095,
    "box": {
      "x1": 1023.92615,
      "y1": 555.77759,
      "x2": 1121.9519,
      "y2": 747.98584
    },
    "track_id": 1,
    "segments": {
      "x": [
        1068.0,
        1067.0,
        1067.0,
        1066.0,
        1066.0,
        1065.0,
        1065.0,
        1064.0,
        1064.0,
        1059.0,
        1059.0,
        1058.0,
        1058.0,
        1057.0,
        1057.0,
        1056.0,
        1056.0,
        1055.0,
        1055.0,
        1054.0,
        1054.0,
        1053.0,
        1053.0,
        1052.0,
        1052.0,
        1051.0,
        1051.0,
        1049.0,
        1049.0,
        1048.0,
        1048.0,
        1047.0,
        1047.0,
        1046.0,
        1046.0,
        1045.0,
        1045.0,
        1044.0,
        1044.0,
        1043.0,
        1043.0,
        1042.0,
        1042.0,
        1041.0,
        1041.0,
        1040.0,
        1040.0,
        1039.0,
        1039.0,
        1038.0,
        1038.0,
        1037.0,
        1037.0,
        1035.0,
        1035.0,
        1034.0,
        1034.0,
        1033.0,
        1033.0,
        1032.0,
        1032.0,
        1031.0,
        1031.0,
        1026.0,
        1026.0,
        1027.0,
        1028.0,
        1038.0,
        1039.0,
        1047.0,
        1048.0,
        1051.0,
        1055.0,
        1055.0,
        1056.0,
        1056.0,
        1057.0,
        1057.0,
        1058.0,
        1058.0,
        1060.0,
        1060.0,
        1061.0,
        1063.0,
        1064.0,
        1066.0,
        1068.0,
        1068.0,
        1069.0,
        1069.0,
        1070.0,
        1070.0,
        1071.0,
        1071.0,
        1072.0,
        1072.0,
        1073.0,
        1074.0,
        1075.0,
        1075.0,
        1076.0,
        1076.0,
        1077.0,
        1077.0,
        1076.0,
        1076.0,
        1075.0,
        1075.0,
        1074.0,
        1074.0,
        1072.0,
        1072.0,
        1071.0,
        1071.0,
        1070.0,
        1070.0,
        1069.0,
        1069.0,
        1068.0,
        1068.0,
        1069.0,
        1069.0,
        1072.0,
        1074.0,
        1075.0,
        1084.0,
        1085.0,
        1086.0,
        1087.0,
        1091.0,
        1091.0,
        1092.0,
        1092.0,
        1093.0,
        1093.0,
        1094.0,
        1094.0,
        1095.0,
        1095.0,
        1096.0,
        1096.0,
        1097.0,
        1097.0,
        1103.0,
        1104.0,
        1105.0,
        1106.0,
        1107.0,
        1108.0,
        1109.0,
        1110.0,
        1114.0,
        1114.0,
        1115.0,
        1115.0,
        1116.0,
        1116.0,
        1117.0,
        1117.0,
        1118.0,
        1118.0,
        1119.0,
        1119.0,
        1120.0,
        1120.0,
        1121.0,
        1121.0,
        1120.0,
        1120.0,
        1118.0,
        1118.0,
        1117.0,
        1117.0,
        1116.0,
        1116.0,
        1115.0,
        1115.0,
        1113.0,
        1113.0,
        1110.0,
        1109.0,
        1106.0,
        1106.0,
        1105.0,
        1105.0,
        1104.0,
        1104.0,
        1103.0,
        1103.0,
        1102.0,
        1102.0,
        1101.0,
        1101.0,
        1100.0,
        1100.0,
        1099.0,
        1099.0,
        1098.0,
        1098.0,
        1097.0,
        1097.0,
        1096.0
      ],
      "y": [
        556.0,
        557.0,
        569.0,
        570.0,
        571.0,
        572.0,
        573.0,
        574.0,
        575.0,
        580.0,
        581.0,
        582.0,
        585.0,
        586.0,
        589.0,
        590.0,
        594.0,
        595.0,
        598.0,
        599.0,
        601.0,
        602.0,
        604.0,
        605.0,
        606.0,
        607.0,
        608.0,
        610.0,
        611.0,
        612.0,
        613.0,
        614.0,
        616.0,
        617.0,
        631.0,
        632.0,
        658.0,
        659.0,
        681.0,
        682.0,
        695.0,
        696.0,
        702.0,
        703.0,
        705.0,
        706.0,
        707.0,
        708.0,
        709.0,
        710.0,
        711.0,
        712.0,
        713.0,
        715.0,
        716.0,
        717.0,
        718.0,
        719.0,
        721.0,
        722.0,
        724.0,
        725.0,
        726.0,
        731.0,
        746.0,
        746.0,
        745.0,
        745.0,
        744.0,
        744.0,
        743.0,
        743.0,
        739.0,
        738.0,
        737.0,
        722.0,
        721.0,
        716.0,
        715.0,
        713.0,
        711.0,
        710.0,
        709.0,
        709.0,
        708.0,
        708.0,
        706.0,
        704.0,
        703.0,
        700.0,
        699.0,
        696.0,
        695.0,
        691.0,
        690.0,
        689.0,
        688.0,
        688.0,
        689.0,
        691.0,
        692.0,
        697.0,
        698.0,
        704.0,
        705.0,
        709.0,
        710.0,
        713.0,
        714.0,
        715.0,
        717.0,
        719.0,
        720.0,
        723.0,
        724.0,
        728.0,
        729.0,
        735.0,
        736.0,
        737.0,
        738.0,
        739.0,
        742.0,
        742.0,
        743.0,
        743.0,
        744.0,
        743.0,
        743.0,
        739.0,
        738.0,
        737.0,
        708.0,
        707.0,
        701.0,
        700.0,
        698.0,
        697.0,
        695.0,
        694.0,
        693.0,
        692.0,
        691.0,
        685.0,
        685.0,
        684.0,
        684.0,
        683.0,
        683.0,
        682.0,
        682.0,
        678.0,
        676.0,
        675.0,
        672.0,
        671.0,
        668.0,
        667.0,
        665.0,
        664.0,
        661.0,
        660.0,
        658.0,
        657.0,
        655.0,
        654.0,
        605.0,
        604.0,
        603.0,
        601.0,
        599.0,
        598.0,
        597.0,
        596.0,
        593.0,
        592.0,
        591.0,
        589.0,
        588.0,
        585.0,
        585.0,
        582.0,
        581.0,
        580.0,
        579.0,
        578.0,
        576.0,
        575.0,
        574.0,
        573.0,
        571.0,
        570.0,
        568.0,
        567.0,
        564.0,
        563.0,
        562.0,
        561.0,
        559.0,
        558.0,
        557.0,
        556.0
      ]
    }
  },
  {
    "name": "person",
    "class": 0,
    "confidence": 0.85833,
    "box": {
      "x1": 830.96576,
      "y1": 584.31116,
      "x2": 930.81061,
      "y2": 801.64642
    },
    "track_id": 2,
    "segments": {
      "x": [
        897.0,
        897.0,
        896.0,
        896.0,
        895.0,
        895.0,
        893.0,
        892.0,
        891.0,
        890.0,
        889.0,
        887.0,
        886.0,
        883.0,
        882.0,
        879.0,
        878.0,
        876.0,
        875.0,
        874.0,
        873.0,
        872.0,
        871.0,
        870.0,
        868.0,
        868.0,
        866.0,
        866.0,
        865.0,
        865.0,
        864.0,
        864.0,
        863.0,
        863.0,
        862.0,
        862.0,
        853.0,
        853.0,
        852.0,
        852.0,
        851.0,
        851.0,
        850.0,
        850.0,
        848.0,
        848.0,
        847.0,
        846.0,
        842.0,
        842.0,
        841.0,
        841.0,
        840.0,
        840.0,
        839.0,
        839.0,
        838.0,
        838.0,
        837.0,
        837.0,
        836.0,
        836.0,
        835.0,
        835.0,
        831.0,
        831.0,
        830.0,
        830.0,
        829.0,
        829.0,
        828.0,
        828.0,
        829.0,
        830.0,
        836.0,
        837.0,
        838.0,
        839.0,
        840.0,
        842.0,
        843.0,
        847.0,
        847.0,
        849.0,
        849.0,
        851.0,
        851.0,
        852.0,
        852.0,
        853.0,
        853.0,
        854.0,
        854.0,
        855.0,
        855.0,
        857.0,
        859.0,
        860.0,
        861.0,
        867.0,
        867.0,
        871.0,
        871.0,
        872.0,
        872.0,
        873.0,
        873.0,
        874.0,
        874.0,
        875.0,
        875.0,
        876.0,
        876.0,
        877.0,
        877.0,
        878.0,
        893.0,
        894.0,
        895.0,
        896.0,
        897.0,
        898.0,
        899.0,
        902.0,
        902.0,
        905.0,
        905.0,
        906.0,
        906.0,
        907.0,
        907.0,
        901.0,
        901.0,
        900.0,
        900.0,
        899.0,
        899.0,
        898.0,
        898.0,
        897.0,
        897.0,
        898.0,
        898.0,
        897.0,
        897.0,
        896.0,
        896.0,
        895.0,
        895.0,
        894.0,
        894.0,
        893.0,
        893.0,
        892.0,
        892.0,
        891.0,
        891.0,
        892.0,
        892.0,
        906.0,
        907.0,
        910.0,
        910.0,
        912.0,
        912.0,
        913.0,
        913.0,
        912.0,
        912.0,
        913.0,
        913.0,
        914.0,
        914.0,
        916.0,
        916.0,
        920.0,
        920.0,
        922.0,
        922.0,
        924.0,
        924.0,
        925.0,
        925.0,
        926.0,
        926.0,
        930.0,
        930.0
      ],
      "y": [
        585.0,
        587.0,
        588.0,
        592.0,
        593.0,
        594.0,
        596.0,
        596.0,
        597.0,
        597.0,
        598.0,
        598.0,
        599.0,
        599.0,
        600.0,
        600.0,
        601.0,
        601.0,
        602.0,
        602.0,
        603.0,
        603.0,
        604.0,
        604.0,
        606.0,
        607.0,
        609.0,
        610.0,
        611.0,
        612.0,
        613.0,
        615.0,
        616.0,
        617.0,
        618.0,
        619.0,
        628.0,
        631.0,
        632.0,
        638.0,
        639.0,
        642.0,
        643.0,
        644.0,
        646.0,
        647.0,
        648.0,
        648.0,
        652.0,
        653.0,
        654.0,
        659.0,
        660.0,
        670.0,
        671.0,
        710.0,
        711.0,
        715.0,
        716.0,
        717.0,
        718.0,
        719.0,
        720.0,
        721.0,
        725.0,
        726.0,
        727.0,
        728.0,
        729.0,
        730.0,
        731.0,
        778.0,
        778.0,
        779.0,
        779.0,
        778.0,
        778.0,
        777.0,
        777.0,
        775.0,
        775.0,
        771.0,
        770.0,
        768.0,
        767.0,
        765.0,
        763.0,
        762.0,
        753.0,
        752.0,
        744.0,
        743.0,
        738.0,
        737.0,
        736.0,
        734.0,
        734.0,
        735.0,
        735.0,
        741.0,
        742.0,
        746.0,
        747.0,
        748.0,
        753.0,
        754.0,
        768.0,
        769.0,
        786.0,
        787.0,
        796.0,
        797.0,
        798.0,
        799.0,
        800.0,
        801.0,
        801.0,
        800.0,
        800.0,
        799.0,
        799.0,
        798.0,
        798.0,
        795.0,
        794.0,
        791.0,
        790.0,
        789.0,
        787.0,
        786.0,
        785.0,
        779.0,
        778.0,
        777.0,
        776.0,
        775.0,
        770.0,
        769.0,
        758.0,
        757.0,
        739.0,
        738.0,
        735.0,
        734.0,
        710.0,
        709.0,
        702.0,
        701.0,
        699.0,
        698.0,
        696.0,
        695.0,
        693.0,
        692.0,
        690.0,
        689.0,
        678.0,
        677.0,
        676.0,
        662.0,
        662.0,
        659.0,
        658.0,
        656.0,
        655.0,
        654.0,
        651.0,
        650.0,
        627.0,
        626.0,
        625.0,
        624.0,
        623.0,
        621.0,
        620.0,
        616.0,
        615.0,
        613.0,
        612.0,
        610.0,
        609.0,
        608.0,
        607.0,
        606.0,
        605.0,
        601.0,
        585.0
      ]
    }
  }
]