[
  {
    "name": "person",
    "class": 0,
    "confidence": 0.89386,
    "box": {
      "x1": 1011.55865,
      "y1": 567.4729,
      "x2": 1092.58337,
      "y2": 761.38293
    },
    "track_id": 1,
    "segments": {
      "x": [
        1012.0,
        1012.0,
        1018.0,
        1018.0,
        1019.0,
        1019.0,
        1018.0,
        1018.0,
        1017.0,
        1017.0,
        1016.0,
        1016.0,
        1012.0,
        1012.0,
        1015.0,
        1016.0,
        1017.0,
        1018.0,
        1020.0,
        1021.0,
        1023.0,
        1024.0,
        1026.0,
        1028.0,
        1028.0,
        1029.0,
        1029.0,
        1030.0,
        1030.0,
        1031.0,
        1031.0,
        1032.0,
        1032.0,
        1031.0,
        1031.0,
        1030.0,
        1030.0,
        1029.0,
        1029.0,
        1020.0,
        1020.0,
        1019.0,
        1019.0,
        1018.0,
        1018.0,
        1019.0,
        1019.0,
        1020.0,
        1023.0,
        1025.0,
        1026.0,
        1027.0,
        1028.0,
        1029.0,
        1030.0,
        1031.0,
        1032.0,
        1038.0,
        1039.0,
        1042.0,
        1042.0,
        1044.0,
        1044.0,
        1045.0,
        1045.0,
        1046.0,
        1046.0,
        1047.0,
        1047.0,
        1048.0,
        1048.0,
        1050.0,
        1050.0,
        1052.0,
        1052.0,
        1053.0,
        1053.0,
        1054.0,
        1054.0,
        1055.0,
        1055.0,
        1056.0,
        1056.0,
        1057.0,
        1057.0,
        1058.0,
        1058.0,
        1059.0,
        1059.0,
        1060.0,
        1060.0,
        1061.0,
        1062.0,
        1063.0,
        1063.0,
        1064.0,
        1064.0,
        1065.0,
        1065.0,
        1066.0,
        1066.0,
        1067.0,
        1067.0,
        1068.0,
        1068.0,
        1067.0,
        1067.0,
        1068.0,
        1068.0,
        1069.0,
        1069.0,
        1070.0,
        1070.0,
        1071.0,
        1071.0,
        1076.0,
        1084.0,
        1085.0,
        1088.0,
        1088.0,
        1089.0,
        1089.0,
        1090.0,
        1090.0,
        1091.0,
        1091.0,
        1092.0,
        1092.0,
        1091.0,
        1091.0,
        1090.0,
        1090.0,
        1089.0,
        1089.0,
        1088.0,
        1088.0,
        1083.0,
        1083.0,
        1082.0,
        1082.0,
        1081.0,
        1081.0,
        1080.0,
        1080.0,
        1079.0,
        1079.0,
        1078.0,
        1078.0,
        1077.0,
        1077.0,
        1076.0,
        1076.0,
        1074.0,
        1074.0,
        1072.0,
        1071.0,
        1069.0,
        1068.0,
        1066.0,
        1065.0,
        1064.0,
        1063.0,
        1062.0,
        1061.0,
        1052.0,
        1051.0,
        1050.0,
        1049.0,
        1048.0,
        1047.0,
        1042.0,
        1042.0,
        1041.0
      ],
      "y": [
        568.0,
        598.0,
        604.0,
        605.0,
        606.0,
        631.0,
        632.0,
        637.0,
        638.0,
        641.0,
        642.0,
        643.0,
        647.0,
        678.0,
        678.0,
        677.0,
        677.0,
        676.0,
        676.0,
        675.0,
        675.0,
        674.0,
        674.0,
        676.0,
        677.0,
        678.0,
        679.0,
        680.0,
        683.0,
        684.0,
        687.0,
        688.0,
        706.0,
        707.0,
        719.0,
        720.0,
        724.0,
        725.0,
        726.0,
        735.0,
        736.0,
        737.0,
        746.0,
        747.0,
        749.0,
        750.0,
        751.0,
        751.0,
        754.0,
        754.0,
        755.0,
        754.0,
        754.0,
        753.0,
        753.0,
        752.0,
        752.0,
        746.0,
        746.0,
        743.0,
        742.0,
        740.0,
        739.0,
        738.0,
        736.0,
        735.0,
        734.0,
        733.0,
        732.0,
        731.0,
        730.0,
        728.0,
        727.0,
        725.0,
        723.0,
        722.0,
        721.0,
        720.0,
        717.0,
        716.0,
        712.0,
        711.0,
        702.0,
        701.0,
        700.0,
        699.0,
        698.0,
        697.0,
        696.0,
        695.0,
        694.0,
        693.0,
        693.0,
        694.0,
        695.0,
        696.0,
        697.0,
        698.0,
        699.0,
        700.0,
        702.0,
        703.0,
        723.0,
        724.0,
        727.0,
        728.0,
        741.0,
        742.0,
        753.0,
        754.0,
        756.0,
        757.0,
        759.0,
        760.0,
        761.0,
        761.0,
        753.0,
        753.0,
        750.0,
        741.0,
        740.0,
        687.0,
        686.0,
        676.0,
        675.0,
        654.0,
        653.0,
        639.0,
        638.0,
        629.0,
        628.0,
        626.0,
        625.0,
        624.0,
        623.0,
        622.0,
        617.0,
        616.0,
        615.0,
        614.0,
        613.0,
        611.0,
        610.0,
        607.0,
        606.0,
        604.0,
        603.0,
        601.0,
        600.0,
        599.0,
        598.0,
        597.0,
        595.0,
        594.0,
        592.0,
        592.0,
        590.0,
        590.0,
        588.0,
        588.0,
        587.0,
        587.0,
        586.0,
        586.0,
        577.0,
        577.0,
        576.0,
        576.0,
        575.0,
        575.0,
        570.0,
        569.0,
        568.0
      ]
    }
  },
  {
    "name": "person",
    "class": 0,
    "confidence": 0.80045,
    "box": {
      "x1": 846.33307,
      "y1": 629.45142,
      "x2": 951.61334,
      "y2": 800.38513
    },
    "track_id": 2,
    "segments": {
      "x": [
        903.0,
        903.0,
        901.0,
        901.0,
        900.0,
        900.0,
        898.0,
        898.0,
        897.0,
        897.0,
        893.0,
        892.0,
        891.0,
        890.0,
        889.0,
        887.0,
        886.0,
        883.0,
        882.0,
        881.0,
        880.0,
        879.0,
        876.0,
        876.0,
        875.0,
        875.0,
        871.0,
        870.0,
        869.0,
        868.0,
        865.0,
        865.0,
        863.0,
        863.0,
        862.0,
        862.0,
        859.0,
        858.0,
        856.0,
        855.0,
        852.0,
        852.0,
        847.0,
        847.0,
        848.0,
        848.0,
        851.0,
        851.0,
        853.0,
        853.0,
        854.0,
        854.0,
        853.0,
        853.0,
        852.0,
        852.0,
        851.0,
        851.0,
        850.0,
        850.0,
        849.0,
        849.0,
        850.0,
        850.0,
        853.0,
        854.0,
        855.0,
        856.0,
        857.0,
        859.0,
        860.0,
        861.0,
        862.0,
        863.0,
        873.0,
        873.0,
        874.0,
        874.0,
        875.0,
        875.0,
        876.0,
        876.0,
        881.0,
        885.0,
        886.0,
        889.0,
        890.0,
        893.0,
        897.0,
        897.0,
        898.0,
        898.0,
        899.0,
        899.0,
        900.0,
        900.0,
        899.0,
        899.0,
        898.0,
        898.0,
        897.0,
        897.0,
        896.0,
        896.0,
        895.0,
        895.0,
        896.0,
        898.0,
        921.0,
        924.0,
        924.0,
        925.0,
        925.0,
        927.0,
        927.0,
        929.0,
        929.0,
        930.0,
        930.0,
        928.0,
        928.0,
        927.0,
        927.0,
        926.0,
        926.0,
        925.0,
        925.0,
        926.0,
        926.0,
        927.0,
        927.0,
        928.0,
        928.0,
        929.0,
        929.0,
        930.0,
        930.0,
        931.0,
        931.0,
        932.0,
        932.0,
        933.0,
        933.0,
        934.0,
        934.0,
        935.0,
        935.0,
        936.0,
        936.0,
        937.0,
        937.0,
        941.0,
        941.0,
        938.0,
        937.0,
        935.0,
        934.0,
        932.0,
        931.0,
        930.0,
        927.0,
        927.0,
        924.0,
        924.0,
        923.0,
        923.0,
        922.0,
        922.0,
        921.0,
        921.0,
        922.0,
        922.0,
        923.0,
        923.0,
        924.0,
        924.0,
        925.0,
        925.0,
        926.0,
        926.0,
        928.0,
        928.0,
        931.0,
        931.0,
        932.0,
        932.0,
        933.0,
        933.0,
        932.0,
        932.0,
        931.0,
        931.0,
        930.0,
        930.0,
        929.0
      ],
      "y": [
        629.0,
        630.0,
        632.0,
        633.0,
        634.0,
        635.0,
        637.0,
        638.0,
        639.0,
        640.0,
        644.0,
        644.0,
        645.0,
        645.0,
        646.0,
        646.0,
        647.0,
        647.0,
        648.0,
        648.0,
        649.0,
        649.0,
        652.0,
        653.0,
        654.0,
        655.0,
        659.0,
        659.0,
        660.0,
        660.0,
        663.0,
        664.0,
        666.0,
        667.0,
        668.0,
        669.0,
        672.0,
        672.0,
        674.0,
        674.0,
        677.0,
        678.0,
        683.0,
        715.0,
        716.0,
        717.0,
        720.0,
        721.0,
        723.0,
        724.0,
        725.0,
        727.0,
        728.0,
        730.0,
        731.0,
        734.0,
        735.0,
        741.0,
        742.0,
        748.0,
        749.0,
        751.0,
        752.0,
        762.0,
        765.0,
        765.0,
        766.0,
        766.0,
        767.0,
        767.0,
        766.0,
        766.0,
        765.0,
        765.0,
        755.0,
        754.0,
        753.0,
        751.0,
        750.0,
        744.0,
        743.0,
        737.0,
        732.0,
        732.0,
        733.0,
        733.0,
        734.0,
        734.0,
        738.0,
        739.0,
        740.0,
        742.0,
        743.0,
        747.0,
        748.0,
        775.0,
        776.0,
        780.0,
        781.0,
        783.0,
        784.0,
        789.0,
        790.0,
        794.0,
        795.0,
        798.0,
        798.0,
        800.0,
        800.0,
        797.0,
        796.0,
        795.0,
        794.0,
        792.0,
        791.0,
        789.0,
        788.0,
        787.0,
        784.0,
        782.0,
        781.0,
        780.0,
        779.0,
        778.0,
        777.0,
        776.0,
        763.0,
        762.0,
        759.0,
        758.0,
        756.0,
        755.0,
        754.0,
        753.0,
        752.0,
        751.0,
        749.0,
        748.0,
        745.0,
        744.0,
        740.0,
        739.0,
        735.0,
        734.0,
        731.0,
        730.0,
        727.0,
        726.0,
        723.0,
        722.0,
        719.0,
        715.0,
        712.0,
        712.0,
        711.0,
        711.0,
        710.0,
        710.0,
        709.0,
        709.0,
        706.0,
        705.0,
        702.0,
        701.0,
        700.0,
        697.0,
        696.0,
        692.0,
        691.0,
        688.0,
        687.0,
        676.0,
        675.0,
        667.0,
        666.0,
        661.0,
        660.0,
        657.0,
        656.0,
        653.0,
        651.0,
        650.0,
        647.0,
        646.0,
        645.0,
        644.0,
        643.0,
        639.0,
        638.0,
        635.0,
        634.0,
        633.0,
        632.0,
        630.0,
        629.0
      ]
    }
  }
]