[
  {
    "name": "person",
    "class": 0,
    "confidence": 0.89204,
    "box": {
      "x1": 1130.82861,
      "y1": 605.10785,
      "x2": 1210.51501,
      "y2": 828.42706
    },
    "track_id": 1,
    "segments": {
      "x": [
        1161.0,
        1159.0,
        1159.0,
        1156.0,
        1156.0,
        1155.0,
        1155.0,
        1154.0,
        1154.0,
        1153.0,
        1153.0,
        1154.0,
        1154.0,
        1160.0,
        1160.0,
        1162.0,
        1162.0,
        1163.0,
        1163.0,
        1164.0,
        1164.0,
        1163.0,
        1163.0,
        1162.0,
        1162.0,
        1161.0,
        1161.0,
        1159.0,
        1159.0,
        1156.0,
        1156.0,
        1155.0,
        1155.0,
        1154.0,
        1154.0,
        1153.0,
        1153.0,
        1152.0,
        1152.0,
        1151.0,
        1151.0,
        1150.0,
        1150.0,
        1149.0,
        1149.0,
        1143.0,
        1143.0,
        1142.0,
        1142.0,
        1140.0,
        1140.0,
        1139.0,
        1139.0,
        1138.0,
        1138.0,
        1137.0,
        1137.0,
        1133.0,
        1131.0,
        1130.0,
        1130.0,
        1131.0,
        1132.0,
        1134.0,
        1136.0,
        1136.0,
        1138.0,
        1138.0,
        1139.0,
        1139.0,
        1140.0,
        1140.0,
        1141.0,
        1141.0,
        1142.0,
        1142.0,
        1144.0,
        1144.0,
        1147.0,
        1146.0,
        1146.0,
        1145.0,
        1145.0,
        1144.0,
        1144.0,
        1143.0,
        1143.0,
        1142.0,
        1142.0,
        1141.0,
        1141.0,
        1145.0,
        1172.0,
        1174.0,
        1175.0,
        1178.0,
        1178.0,
        1179.0,
        1179.0,
        1180.0,
        1180.0,
        1181.0,
        1181.0,
        1180.0,
        1180.0,
        1179.0,
        1179.0,
        1180.0,
        1180.0,
        1181.0,
        1181.0,
        1182.0,
        1182.0,
        1183.0,
        1183.0,
        1184.0,
        1184.0,
        1185.0,
        1185.0,
        1186.0,
        1186.0,
        1187.0,
        1187.0,
        1188.0,
        1188.0,
        1194.0,
        1195.0,
        1197.0,
        1197.0,
        1199.0,
        1199.0,
        1200.0,
        1200.0,
        1201.0,
        1201.0,
        1202.0,
        1202.0,
        1203.0,
        1203.0,
        1204.0,
        1204.0,
        1205.0,
        1205.0,
        1206.0,
        1206.0,
        1207.0,
        1207.0,
        1208.0,
        1208.0,
        1209.0,
        1209.0,
        1210.0,
        1210.0,
        1209.0,
        1209.0,
        1208.0,
        1208.0,
        1207.0,
        1207.0,
        1201.0,
        1201.0,
        1200.0,
        1200.0,
        1199.0,
        1199.0,
        1198.0,
        1198.0,
        1197.0,
        1197.0,
        1196.0,
        1196.0,
        1195.0,
        1195.0,
        1194.0,
        1194.0,
        1193.0,
        1193.0,
        1192.0,
        1192.0
      ],
      "y": [
        606.0,
        608.0,
        609.0,
        612.0,
        613.0,
        614.0,
        615.0,
        616.0,
        623.0,
        624.0,
        630.0,
        631.0,
        632.0,
        638.0,
        639.0,
        641.0,
        644.0,
        645.0,
        650.0,
        651.0,
        659.0,
        660.0,
        666.0,
        667.0,
        669.0,
        670.0,
        671.0,
        673.0,
        674.0,
        677.0,
        678.0,
        679.0,
        681.0,
        682.0,
        684.0,
        685.0,
        688.0,
        689.0,
        705.0,
        706.0,
        715.0,
        716.0,
        717.0,
        718.0,
        719.0,
        725.0,
        726.0,
        727.0,
        728.0,
        730.0,
        731.0,
        732.0,
        733.0,
        734.0,
        735.0,
        736.0,
        737.0,
        741.0,
        741.0,
        742.0,
        776.0,
        776.0,
        777.0,
        777.0,
        779.0,
        780.0,
        782.0,
        783.0,
        784.0,
        785.0,
        786.0,
        788.0,
        789.0,
        790.0,
        791.0,
        792.0,
        794.0,
        795.0,
        798.0,
        799.0,
        801.0,
        802.0,
        805.0,
        806.0,
        809.0,
        810.0,
        813.0,
        814.0,
        818.0,
        819.0,
        822.0,
        826.0,
        826.0,
        824.0,
        824.0,
        821.0,
        820.0,
        819.0,
        817.0,
        816.0,
        814.0,
        813.0,
        806.0,
        805.0,
        802.0,
        801.0,
        795.0,
        794.0,
        792.0,
        791.0,
        790.0,
        789.0,
        787.0,
        786.0,
        780.0,
        779.0,
        773.0,
        772.0,
        767.0,
        766.0,
        759.0,
        758.0,
        750.0,
        749.0,
        748.0,
        742.0,
        742.0,
        740.0,
        739.0,
        737.0,
        734.0,
        733.0,
        730.0,
        729.0,
        727.0,
        726.0,
        724.0,
        723.0,
        722.0,
        721.0,
        720.0,
        719.0,
        718.0,
        717.0,
        716.0,
        715.0,
        714.0,
        713.0,
        711.0,
        710.0,
        706.0,
        705.0,
        648.0,
        647.0,
        646.0,
        645.0,
        644.0,
        643.0,
        642.0,
        636.0,
        635.0,
        634.0,
        633.0,
        632.0,
        631.0,
        630.0,
        627.0,
        626.0,
        623.0,
        622.0,
        620.0,
        619.0,
        617.0,
        616.0,
        612.0,
        611.0,
        608.0,
        607.0,
        606.0
      ]
    }
  },
  {
    "name": "person",
    "class": 0,
    "confidence": 0.85163,
    "box": {
      "x1": 835.67389,
      "y1": 590.94623,
      "x2": 931.98077,
      "y2": 790.46918
    },
    "track_id": 2,
    "segments": {
      "x": [
        888.0,
        888.0,
        887.0,
        887.0,
        883.0,
        882.0,
        881.0,
        879.0,
        878.0,
        874.0,
        873.0,
        869.0,
        864.0,
        864.0,
        863.0,
        863.0,
        861.0,
        861.0,
        859.0,
        858.0,
        855.0,
        855.0,
        854.0,
        854.0,
        853.0,
        853.0,
        852.0,
        852.0,
        851.0,
        851.0,
        849.0,
        849.0,
        842.0,
        842.0,
        841.0,
        841.0,
        840.0,
        840.0,
        841.0,
        841.0,
        840.0,
        840.0,
        839.0,
        839.0,
        838.0,
        838.0,
        837.0,
        837.0,
        836.0,
        836.0,
        837.0,
        837.0,
        840.0,
        840.0,
        841.0,
        843.0,
        860.0,
        863.0,
        863.0,
        864.0,
        864.0,
        865.0,
        865.0,
        866.0,
        866.0,
        867.0,
        867.0,
        868.0,
        868.0,
        869.0,
        869.0,
        870.0,
        870.0,
        871.0,
        871.0,
        872.0,
        872.0,
        873.0,
        873.0,
        874.0,
        874.0,
        875.0,
        875.0,
        880.0,
        883.0,
        886.0,
        886.0,
        888.0,
        888.0,
        889.0,
        889.0,
        890.0,
        890.0,
        891.0,
        891.0,
        892.0,
        892.0,
        894.0,
        894.0,
        896.0,
        896.0,
        903.0,
        904.0,
        905.0,
        906.0,
        907.0,
        909.0,
        910.0,
        911.0,
        913.0,
        914.0,
        915.0,
        916.0,
        917.0,
        918.0,
        919.0,
        920.0,
        922.0,
        922.0,
        923.0,
        923.0,
        924.0,
        924.0,
        923.0,
        923.0,
        922.0,
        922.0,
        921.0,
        921.0,
        920.0,
        920.0,
        915.0,
        915.0,
        913.0,
        913.0,
        912.0,
        912.0,
        911.0,
        911.0,
        910.0,
        910.0,
        907.0,
        906.0,
        905.0,
        899.0,
        898.0,
        893.0,
        892.0,
        891.0,
        886.0,
        886.0,
        884.0,
        884.0,
        879.0,
        879.0,
        878.0,
        878.0,
        879.0,
        879.0,
        883.0,
        883.0,
        884.0,
        884.0,
        885.0,
        885.0,
        891.0,
        892.0,
        893.0,
        894.0,
        899.0,
        899.0,
        904.0,
        905.0,
        906.0,
        908.0,
        909.0,
        910.0,
        921.0,
        921.0,
        922.0,
        922.0,
        923.0,
        923.0,
        924.0,
        924.0,
        925.0,
        925.0
      ],
      "y": [
        590.0,
        591.0,
        592.0,
        593.0,
        597.0,
        597.0,
        598.0,
        598.0,
        599.0,
        599.0,
        600.0,
        600.0,
        605.0,
        606.0,
        607.0,
        608.0,
        610.0,
        611.0,
        613.0,
        613.0,
        616.0,
        617.0,
        618.0,
        619.0,
        620.0,
        623.0,
        624.0,
        628.0,
        629.0,
        631.0,
        633.0,
        634.0,
        641.0,
        644.0,
        645.0,
        650.0,
        651.0,
        659.0,
        660.0,
        670.0,
        671.0,
        680.0,
        681.0,
        695.0,
        696.0,
        704.0,
        705.0,
        711.0,
        712.0,
        782.0,
        783.0,
        784.0,
        787.0,
        788.0,
        788.0,
        790.0,
        790.0,
        787.0,
        786.0,
        785.0,
        741.0,
        740.0,
        726.0,
        725.0,
        722.0,
        721.0,
        719.0,
        718.0,
        716.0,
        715.0,
        714.0,
        713.0,
        712.0,
        711.0,
        710.0,
        709.0,
        708.0,
        707.0,
        705.0,
        704.0,
        702.0,
        701.0,
        700.0,
        695.0,
        695.0,
        698.0,
        699.0,
        701.0,
        705.0,
        706.0,
        711.0,
        712.0,
        715.0,
        716.0,
        717.0,
        718.0,
        719.0,
        721.0,
        722.0,
        724.0,
        725.0,
        732.0,
        732.0,
        733.0,
        733.0,
        734.0,
        734.0,
        735.0,
        735.0,
        737.0,
        737.0,
        738.0,
        738.0,
        739.0,
        739.0,
        738.0,
        738.0,
        736.0,
        735.0,
        734.0,
        731.0,
        730.0,
        724.0,
        723.0,
        721.0,
        720.0,
        718.0,
        717.0,
        716.0,
        715.0,
        713.0,
        708.0,
        707.0,
        705.0,
        704.0,
        703.0,
        697.0,
        696.0,
        690.0,
        689.0,
        688.0,
        685.0,
        685.0,
        684.0,
        684.0,
        683.0,
        683.0,
        682.0,
        682.0,
        677.0,
        676.0,
        674.0,
        673.0,
        668.0,
        667.0,
        666.0,
        665.0,
        664.0,
        663.0,
        659.0,
        658.0,
        657.0,
        656.0,
        655.0,
        654.0,
        648.0,
        648.0,
        647.0,
        647.0,
        642.0,
        641.0,
        636.0,
        636.0,
        635.0,
        635.0,
        634.0,
        634.0,
        623.0,
        622.0,
        621.0,
        620.0,
        619.0,
        617.0,
        616.0,
        592.0,
        591.0,
        590.0
      ]
    }
  }
]