[
  {
    "name": "person",
    "class": 0,
    "confidence": 0.90292,
    "box": {
      "x1": 1276.63831,
      "y1": 713.6886,
      "x2": 1404.84448,
      "y2": 993.45227
    },
    "track_id": 1,
    "segments": {
      "x": [
        1333.0,
        1333.0,
        1332.0,
        1332.0,
        1331.0,
        1331.0,
        1330.0,
        1330.0,
        1331.0,
        1331.0,
        1332.0,
        1332.0,
        1333.0,
        1333.0,
        1335.0,
        1335.0,
        1337.0,
        1338.0,
        1340.0,
        1340.0,
        1339.0,
        1339.0,
        1338.0,
        1338.0,
        1337.0,
        1337.0,
        1336.0,
        1336.0,
        1335.0,
        1335.0,
        1334.0,
        1334.0,
        1333.0,
        1333.0,
        1332.0,
        1332.0,
        1331.0,
        1331.0,
        1330.0,
        1330.0,
        1328.0,
        1328.0,
        1322.0,
        1322.0,
        1321.0,
        1321.0,
        1320.0,
        1320.0,
        1319.0,
        1319.0,
        1318.0,
        1318.0,
        1317.0,
        1317.0,
        1316.0,
        1316.0,
        1310.0,
        1309.0,
        1308.0,
        1307.0,
        1306.0,
        1305.0,
        1304.0,
        1303.0,
        1302.0,
        1301.0,
        1300.0,
        1299.0,
        1298.0,
        1297.0,
        1293.0,
        1292.0,
        1289.0,
        1288.0,
        1282.0,
        1282.0,
        1283.0,
        1283.0,
        1286.0,
        1287.0,
        1288.0,
        1296.0,
        1297.0,
        1302.0,
        1303.0,
        1304.0,
        1308.0,
        1308.0,
        1307.0,
        1307.0,
        1305.0,
        1305.0,
        1302.0,
        1300.0,
        1299.0,
        1296.0,
        1295.0,
        1292.0,
        1291.0,
        1289.0,
        1286.0,
        1286.0,
        1285.0,
        1285.0,
        1283.0,
        1282.0,
        1281.0,
        1280.0,
        1279.0,
        1275.0,
        1275.0,
        1276.0,
        1277.0,
        1278.0,
        1279.0,
        1279.0,
        1281.0,
        1281.0,
        1283.0,
        1283.0,
        1284.0,
        1284.0,
        1289.0,
        1291.0,
        1292.0,
        1295.0,
        1296.0,
        1299.0,
        1300.0,
        1303.0,
        1304.0,
        1307.0,
        1308.0,
        1309.0,
        1310.0,
        1311.0,
        1313.0,
        1315.0,
        1315.0,
        1316.0,
        1316.0,
        1317.0,
        1317.0,
        1318.0,
        1318.0,
        1319.0,
        1319.0,
        1320.0,
        1320.0,
        1321.0,
        1321.0,
        1322.0,
        1322.0,
        1323.0,
        1323.0,
        1324.0,
        1324.0,
        1327.0,
        1327.0,
        1329.0,
        1329.0,
        1330.0,
        1330.0,
        1331.0,
        1331.0,
        1330.0,
        1330.0,
        1329.0,
        1329.0,
        1321.0,
        1322.0,
        1322.0,
        1326.0,
        1328.0,
        1329.0,
        1330.0,
        1331.0,
        1332.0,
        1333.0,
        1334.0,
        1335.0,
        1336.0,
        1337.0,
        1338.0,
        1341.0,
        1342.0,
        1345.0,
        1364.0,
        1365.0,
        1365.0,
        1366.0,
        1366.0,
        1367.0,
        1367.0,
        1366.0,
        1366.0,
        1365.0,
        1365.0,
        1364.0,
        1364.0,
        1363.0,
        1363.0,
        1362.0,
        1362.0,
        1361.0,
        1361.0,
        1360.0,
        1360.0,
        1359.0,
        1359.0,
        1358.0,
        1358.0,
        1357.0,
        1357.0,
        1356.0,
        1356.0,
        1357.0,
        1357.0,
        1359.0,
        1359.0,
        1364.0,
        1364.0,
        1366.0,
        1366.0,
        1370.0,
        1371.0,
        1373.0,
        1381.0,
        1382.0,
        1386.0,
        1396.0,
        1397.0,
        1401.0,
        1401.0,
        1402.0,
        1402.0,
        1403.0,
        1403.0,
        1404.0,
        1404.0,
        1403.0,
        1403.0,
        1402.0,
        1402.0,
        1392.0,
        1392.0,
        1389.0,
        1388.0,
        1386.0,
        1385.0,
        1380.0,
        1380.0,
        1379.0,
        1379.0,
        1378.0,
        1378.0,
        1377.0,
        1377.0,
        1376.0,
        1376.0,
        1375.0,
        1375.0,
        1374.0,
        1374.0,
        1373.0,
        1373.0,
        1372.0,
        1372.0,
        1371.0,
        1371.0,
        1370.0,
        1370.0
      ],
      "y": [
        714.0,
        716.0,
        717.0,
        721.0,
        722.0,
        731.0,
        732.0,
        742.0,
        743.0,
        750.0,
        751.0,
        752.0,
        753.0,
        754.0,
        756.0,
        757.0,
        759.0,
        759.0,
        761.0,
        762.0,
        763.0,
        765.0,
        766.0,
        767.0,
        768.0,
        769.0,
        770.0,
        771.0,
        772.0,
        774.0,
        775.0,
        776.0,
        777.0,
        778.0,
        779.0,
        780.0,
        781.0,
        782.0,
        783.0,
        785.0,
        787.0,
        788.0,
        794.0,
        795.0,
        796.0,
        799.0,
        800.0,
        808.0,
        809.0,
        812.0,
        813.0,
        815.0,
        816.0,
        817.0,
        818.0,
        819.0,
        825.0,
        825.0,
        826.0,
        826.0,
        827.0,
        827.0,
        828.0,
        828.0,
        829.0,
        829.0,
        830.0,
        830.0,
        831.0,
        831.0,
        835.0,
        835.0,
        838.0,
        838.0,
        844.0,
        847.0,
        848.0,
        849.0,
        852.0,
        852.0,
        853.0,
        853.0,
        852.0,
        852.0,
        853.0,
        853.0,
        857.0,
        862.0,
        863.0,
        870.0,
        872.0,
        873.0,
        876.0,
        876.0,
        875.0,
        875.0,
        874.0,
        874.0,
        873.0,
        873.0,
        870.0,
        869.0,
        868.0,
        867.0,
        865.0,
        865.0,
        864.0,
        864.0,
        863.0,
        863.0,
        893.0,
        893.0,
        894.0,
        894.0,
        895.0,
        896.0,
        898.0,
        899.0,
        901.0,
        902.0,
        903.0,
        905.0,
        910.0,
        910.0,
        911.0,
        911.0,
        912.0,
        912.0,
        913.0,
        913.0,
        912.0,
        912.0,
        911.0,
        911.0,
        910.0,
        910.0,
        908.0,
        910.0,
        911.0,
        912.0,
        913.0,
        914.0,
        915.0,
        916.0,
        918.0,
        919.0,
        921.0,
        922.0,
        923.0,
        924.0,
        926.0,
        927.0,
        928.0,
        929.0,
        930.0,
        931.0,
        932.0,
        935.0,
        936.0,
        938.0,
        940.0,
        941.0,
        947.0,
        948.0,
        954.0,
        955.0,
        956.0,
        957.0,
        958.0,
        966.0,
        967.0,
        977.0,
        981.0,
        981.0,
        982.0,
        982.0,
        983.0,
        983.0,
        984.0,
        984.0,
        985.0,
        985.0,
        986.0,
        986.0,
        989.0,
        989.0,
        992.0,
        992.0,
        991.0,
        990.0,
        989.0,
        983.0,
        982.0,
        966.0,
        965.0,
        955.0,
        954.0,
        948.0,
        947.0,
        942.0,
        941.0,
        940.0,
        939.0,
        937.0,
        936.0,
        935.0,
        934.0,
        933.0,
        932.0,
        930.0,
        929.0,
        925.0,
        924.0,
        918.0,
        917.0,
        903.0,
        902.0,
        893.0,
        891.0,
        890.0,
        885.0,
        884.0,
        882.0,
        881.0,
        877.0,
        877.0,
        875.0,
        875.0,
        874.0,
        874.0,
        864.0,
        864.0,
        860.0,
        859.0,
        858.0,
        852.0,
        851.0,
        824.0,
        823.0,
        783.0,
        782.0,
        773.0,
        772.0,
        771.0,
        761.0,
        760.0,
        757.0,
        757.0,
        755.0,
        755.0,
        750.0,
        747.0,
        746.0,
        737.0,
        736.0,
        733.0,
        732.0,
        730.0,
        729.0,
        727.0,
        726.0,
        725.0,
        724.0,
        723.0,
        722.0,
        721.0,
        720.0,
        719.0,
        718.0,
        716.0,
        715.0,
        714.0
      ]
    }
  },
  {
    "name": "person",
    "class": 0,
    "confidence": 0.8412,
    "box": {
      "x1": 836.85059,
      "y1": 619.38391,
      "x2": 937.01678,
      "y2": 789.50336
    },
    "track_id": 2,
    "segments": {
      "x": [
        878.0,
        874.0,
        873.0,
        870.0,
        869.0,
        866.0,
        866.0,
        863.0,
        862.0,
        859.0,
        858.0,
        855.0,
        855.0,
        854.0,
        854.0,
        853.0,
        853.0,
        852.0,
        852.0,
        851.0,
        851.0,
        850.0,
        850.0,
        849.0,
        849.0,
        848.0,
        848.0,
        847.0,
        847.0,
        846.0,
        846.0,
        843.0,
        843.0,
        842.0,
        842.0,
        841.0,
        841.0,
        840.0,
        840.0,
        839.0,
        839.0,
        842.0,
        860.0,
        863.0,
        863.0,
        864.0,
        864.0,
        865.0,
        865.0,
        864.0,
        864.0,
        865.0,
        865.0,
        866.0,
        866.0,
        867.0,
        867.0,
        868.0,
        868.0,
        869.0,
        869.0,
        870.0,
        870.0,
        873.0,
        873.0,
        874.0,
        874.0,
        876.0,
        876.0,
        877.0,
        877.0,
        878.0,
        878.0,
        879.0,
        879.0,
        880.0,
        880.0,
        881.0,
        881.0,
        882.0,
        882.0,
        883.0,
        883.0,
        884.0,
        884.0,
        885.0,
        885.0,
        884.0,
        884.0,
        885.0,
        885.0,
        889.0,
        890.0,
        891.0,
        892.0,
        893.0,
        894.0,
        898.0,
        898.0,
        900.0,
        900.0,
        901.0,
        901.0,
        902.0,
        902.0,
        903.0,
        903.0,
        906.0,
        906.0,
        908.0,
        908.0,
        911.0,
        911.0,
        915.0,
        916.0,
        917.0,
        923.0,
        924.0,
        929.0,
        934.0,
        934.0,
        935.0,
        935.0,
        934.0,
        934.0,
        935.0,
        935.0,
        936.0,
        936.0,
        935.0,
        935.0,
        934.0,
        934.0,
        933.0,
        933.0,
        926.0,
        926.0,
        921.0,
        920.0,
        918.0
      ],
      "y": [
        620.0,
        624.0,
        624.0,
        627.0,
        627.0,
        630.0,
        631.0,
        634.0,
        634.0,
        637.0,
        637.0,
        640.0,
        641.0,
        642.0,
        644.0,
        645.0,
        648.0,
        649.0,
        653.0,
        654.0,
        685.0,
        686.0,
        703.0,
        704.0,
        708.0,
        709.0,
        712.0,
        713.0,
        714.0,
        715.0,
        716.0,
        719.0,
        720.0,
        721.0,
        722.0,
        723.0,
        726.0,
        727.0,
        731.0,
        732.0,
        786.0,
        789.0,
        789.0,
        786.0,
        783.0,
        782.0,
        777.0,
        776.0,
        764.0,
        763.0,
        761.0,
        760.0,
        750.0,
        749.0,
        746.0,
        745.0,
        742.0,
        741.0,
        740.0,
        739.0,
        738.0,
        737.0,
        736.0,
        733.0,
        732.0,
        731.0,
        730.0,
        728.0,
        727.0,
        726.0,
        725.0,
        724.0,
        721.0,
        720.0,
        718.0,
        717.0,
        715.0,
        714.0,
        713.0,
        712.0,
        710.0,
        709.0,
        706.0,
        705.0,
        702.0,
        701.0,
        699.0,
        698.0,
        690.0,
        689.0,
        688.0,
        684.0,
        684.0,
        683.0,
        683.0,
        682.0,
        682.0,
        686.0,
        687.0,
        689.0,
        695.0,
        696.0,
        702.0,
        703.0,
        704.0,
        705.0,
        706.0,
        709.0,
        710.0,
        712.0,
        713.0,
        716.0,
        717.0,
        721.0,
        721.0,
        722.0,
        722.0,
        721.0,
        721.0,
        716.0,
        715.0,
        714.0,
        697.0,
        696.0,
        680.0,
        679.0,
        664.0,
        663.0,
        641.0,
        640.0,
        639.0,
        638.0,
        637.0,
        636.0,
        635.0,
        628.0,
        627.0,
        622.0,
        622.0,
        620.0
      ]
    }
  }
]