[
  {
    "name": "person",
    "class": 0,
    "confidence": 0.85914,
    "box": {
      "x1": 1074.57324,
      "y1": 583.86487,
      "x2": 1135.82483,
      "y2": 804.33722
    },
    "track_id": 1,
    "segments": {
      "x": [
        1086.0,
        1084.0,
        1084.0,
        1082.0,
        1082.0,
        1081.0,
        1081.0,
        1080.0,
        1080.0,
        1081.0,
        1081.0,
        1082.0,
        1082.0,
        1083.0,
        1083.0,
        1089.0,
        1089.0,
        1090.0,
        1090.0,
        1089.0,
        1089.0,
        1088.0,
        1088.0,
        1087.0,
        1087.0,
        1085.0,
        1085.0,
        1084.0,
        1084.0,
        1083.0,
        1083.0,
        1082.0,
        1082.0,
        1081.0,
        1081.0,
        1080.0,
        1080.0,
        1079.0,
        1079.0,
        1078.0,
        1078.0,
        1074.0,
        1074.0,
        1075.0,
        1075.0,
        1077.0,
        1077.0,
        1078.0,
        1078.0,
        1079.0,
        1079.0,
        1080.0,
        1080.0,
        1081.0,
        1081.0,
        1082.0,
        1082.0,
        1083.0,
        1083.0,
        1084.0,
        1084.0,
        1085.0,
        1084.0,
        1084.0,
        1083.0,
        1083.0,
        1082.0,
        1082.0,
        1081.0,
        1081.0,
        1079.0,
        1079.0,
        1080.0,
        1080.0,
        1081.0,
        1081.0,
        1082.0,
        1082.0,
        1083.0,
        1083.0,
        1084.0,
        1085.0,
        1087.0,
        1088.0,
        1090.0,
        1090.0,
        1092.0,
        1092.0,
        1093.0,
        1093.0,
        1094.0,
        1094.0,
        1086.0,
        1085.0,
        1084.0,
        1084.0,
        1083.0,
        1083.0,
        1086.0,
        1087.0,
        1088.0,
        1091.0,
        1092.0,
        1095.0,
        1096.0,
        1114.0,
        1115.0,
        1122.0,
        1127.0,
        1127.0,
        1126.0,
        1126.0,
        1125.0,
        1125.0,
        1124.0,
        1124.0,
        1123.0,
        1123.0,
        1122.0,
        1122.0,
        1121.0,
        1121.0,
        1120.0,
        1120.0,
        1119.0,
        1119.0,
        1122.0,
        1122.0,
        1124.0,
        1124.0,
        1125.0,
        1125.0,
        1126.0,
        1126.0,
        1127.0,
        1127.0,
        1128.0,
        1128.0,
        1130.0,
        1130.0,
        1135.0,
        1135.0,
        1129.0,
        1129.0,
        1128.0,
        1128.0,
        1127.0,
        1127.0,
        1126.0,
        1126.0,
        1118.0,
        1118.0,
        1117.0,
        1117.0,
        1116.0,
        1116.0,
        1115.0,
        1115.0
      ],
      "y": [
        584.0,
        586.0,
        587.0,
        589.0,
        590.0,
        591.0,
        594.0,
        595.0,
        610.0,
        611.0,
        615.0,
        616.0,
        618.0,
        619.0,
        620.0,
        626.0,
        627.0,
        628.0,
        637.0,
        638.0,
        642.0,
        643.0,
        645.0,
        646.0,
        647.0,
        649.0,
        650.0,
        651.0,
        652.0,
        653.0,
        655.0,
        656.0,
        658.0,
        659.0,
        661.0,
        662.0,
        664.0,
        665.0,
        666.0,
        667.0,
        668.0,
        672.0,
        693.0,
        694.0,
        695.0,
        697.0,
        698.0,
        699.0,
        700.0,
        701.0,
        729.0,
        730.0,
        737.0,
        738.0,
        741.0,
        742.0,
        744.0,
        745.0,
        747.0,
        748.0,
        749.0,
        750.0,
        751.0,
        753.0,
        754.0,
        755.0,
        756.0,
        757.0,
        758.0,
        759.0,
        761.0,
        763.0,
        764.0,
        766.0,
        767.0,
        768.0,
        769.0,
        770.0,
        771.0,
        772.0,
        773.0,
        773.0,
        775.0,
        775.0,
        777.0,
        778.0,
        780.0,
        781.0,
        782.0,
        783.0,
        784.0,
        786.0,
        794.0,
        794.0,
        795.0,
        796.0,
        797.0,
        798.0,
        801.0,
        801.0,
        802.0,
        802.0,
        803.0,
        803.0,
        804.0,
        804.0,
        803.0,
        803.0,
        798.0,
        766.0,
        765.0,
        759.0,
        758.0,
        756.0,
        755.0,
        754.0,
        753.0,
        752.0,
        751.0,
        750.0,
        749.0,
        747.0,
        746.0,
        743.0,
        742.0,
        736.0,
        733.0,
        732.0,
        730.0,
        728.0,
        727.0,
        726.0,
        725.0,
        721.0,
        720.0,
        716.0,
        715.0,
        712.0,
        710.0,
        709.0,
        704.0,
        626.0,
        620.0,
        619.0,
        618.0,
        617.0,
        616.0,
        615.0,
        614.0,
        613.0,
        605.0,
        603.0,
        602.0,
        599.0,
        598.0,
        586.0,
        585.0,
        584.0
      ]
    }
  },
  {
    "name": "person",
    "class": 0,
    "confidence": 0.8505,
    "box": {
      "x1": 826.06488,
      "y1": 565.90002,
      "x2": 913.17938,
      "y2": 788.289
    },
    "track_id": 2,
    "segments": {
      "x": [
        876.0,
        876.0,
        875.0,
        875.0,
        874.0,
        874.0,
        870.0,
        869.0,
        865.0,
        865.0,
        860.0,
        859.0,
        857.0,
        856.0,
        854.0,
        853.0,
        853.0,
        851.0,
        851.0,
        846.0,
        845.0,
        841.0,
        841.0,
        840.0,
        840.0,
        839.0,
        839.0,
        838.0,
        838.0,
        837.0,
        837.0,
        836.0,
        836.0,
        835.0,
        835.0,
        834.0,
        834.0,
        833.0,
        833.0,
        834.0,
        834.0,
        836.0,
        836.0,
        837.0,
        837.0,
        838.0,
        838.0,
        839.0,
        839.0,
        840.0,
        840.0,
        841.0,
        841.0,
        842.0,
        842.0,
        850.0,
        850.0,
        851.0,
        851.0,
        852.0,
        852.0,
        851.0,
        851.0,
        849.0,
        849.0,
        845.0,
        844.0,
        843.0,
        843.0,
        841.0,
        841.0,
        840.0,
        840.0,
        838.0,
        838.0,
        834.0,
        833.0,
        825.0,
        825.0,
        827.0,
        828.0,
        829.0,
        830.0,
        831.0,
        832.0,
        833.0,
        834.0,
        835.0,
        836.0,
        842.0,
        842.0,
        844.0,
        860.0,
        860.0,
        861.0,
        861.0,
        862.0,
        862.0,
        863.0,
        863.0,
        864.0,
        864.0,
        865.0,
        865.0,
        866.0,
        866.0,
        867.0,
        867.0,
        874.0,
        874.0,
        875.0,
        875.0,
        876.0,
        876.0,
        877.0,
        877.0,
        882.0,
        883.0,
        888.0,
        888.0,
        889.0,
        889.0,
        890.0,
        890.0,
        892.0,
        892.0,
        896.0,
        896.0,
        900.0,
        901.0,
        902.0,
        903.0,
        904.0,
        905.0,
        908.0,
        908.0,
        909.0,
        909.0,
        910.0,
        910.0,
        911.0,
        911.0,
        910.0,
        910.0,
        909.0,
        909.0,
        906.0,
        906.0,
        902.0,
        902.0,
        903.0,
        903.0,
        904.0,
        904.0,
        905.0,
        905.0,
        906.0,
        906.0,
        907.0,
        907.0,
        906.0,
        906.0,
        905.0,
        905.0,
        904.0,
        904.0,
        903.0
      ],
      "y": [
        566.0,
        567.0,
        568.0,
        570.0,
        571.0,
        572.0,
        576.0,
        576.0,
        580.0,
        581.0,
        586.0,
        586.0,
        588.0,
        588.0,
        590.0,
        590.0,
        591.0,
        593.0,
        594.0,
        599.0,
        599.0,
        603.0,
        604.0,
        605.0,
        610.0,
        611.0,
        618.0,
        619.0,
        623.0,
        624.0,
        628.0,
        629.0,
        632.0,
        633.0,
        637.0,
        638.0,
        640.0,
        641.0,
        665.0,
        666.0,
        667.0,
        669.0,
        671.0,
        672.0,
        673.0,
        674.0,
        677.0,
        678.0,
        680.0,
        681.0,
        684.0,
        685.0,
        687.0,
        688.0,
        690.0,
        698.0,
        699.0,
        700.0,
        704.0,
        705.0,
        717.0,
        718.0,
        726.0,
        728.0,
        729.0,
        733.0,
        733.0,
        734.0,
        735.0,
        737.0,
        738.0,
        739.0,
        740.0,
        742.0,
        743.0,
        747.0,
        747.0,
        755.0,
        773.0,
        775.0,
        775.0,
        776.0,
        776.0,
        777.0,
        777.0,
        778.0,
        778.0,
        779.0,
        779.0,
        785.0,
        786.0,
        788.0,
        788.0,
        787.0,
        786.0,
        783.0,
        782.0,
        764.0,
        763.0,
        759.0,
        758.0,
        756.0,
        755.0,
        754.0,
        753.0,
        752.0,
        751.0,
        750.0,
        743.0,
        742.0,
        741.0,
        740.0,
        739.0,
        738.0,
        737.0,
        736.0,
        731.0,
        731.0,
        726.0,
        725.0,
        724.0,
        722.0,
        721.0,
        720.0,
        718.0,
        717.0,
        713.0,
        712.0,
        708.0,
        708.0,
        707.0,
        707.0,
        706.0,
        706.0,
        703.0,
        702.0,
        701.0,
        687.0,
        686.0,
        624.0,
        623.0,
        614.0,
        613.0,
        605.0,
        604.0,
        603.0,
        600.0,
        599.0,
        595.0,
        591.0,
        590.0,
        589.0,
        588.0,
        587.0,
        586.0,
        585.0,
        584.0,
        583.0,
        582.0,
        579.0,
        578.0,
        573.0,
        572.0,
        569.0,
        568.0,
        567.0,
        566.0
      ]
    }
  }
]