[
  {
    "name": "person",
    "class": 0,
    "confidence": 0.8996,
    "box": {
      "x1": 1244.15784,
      "y1": 673.18518,
      "x2": 1347.86523,
      "y2": 921.48822
    },
    "track_id": 1,
    "segments": {
      "x": [
        1292.0,
        1292.0,
        1291.0,
        1291.0,
        1288.0,
        1288.0,
        1287.0,
        1287.0,
        1286.0,
        1286.0,
        1285.0,
        1285.0,
        1284.0,
        1285.0,
        1285.0,
        1286.0,
        1286.0,
        1287.0,
        1287.0,
        1288.0,
        1288.0,
        1290.0,
        1290.0,
        1291.0,
        1291.0,
        1292.0,
        1292.0,
        1293.0,
        1293.0,
        1294.0,
        1294.0,
        1295.0,
        1295.0,
        1294.0,
        1294.0,
        1292.0,
        1292.0,
        1287.0,
        1287.0,
        1286.0,
        1286.0,
        1285.0,
        1285.0,
        1284.0,
        1284.0,
        1283.0,
        1283.0,
        1282.0,
        1282.0,
        1281.0,
        1281.0,
        1280.0,
        1280.0,
        1276.0,
        1276.0,
        1274.0,
        1274.0,
        1273.0,
        1273.0,
        1272.0,
        1272.0,
        1271.0,
        1271.0,
        1270.0,
        1270.0,
        1268.0,
        1268.0,
        1265.0,
        1264.0,
        1264.0,
        1261.0,
        1261.0,
        1256.0,
        1255.0,
        1253.0,
        1252.0,
        1250.0,
        1249.0,
        1249.0,
        1244.0,
        1244.0,
        1245.0,
        1245.0,
        1246.0,
        1246.0,
        1247.0,
        1247.0,
        1249.0,
        1249.0,
        1250.0,
        1251.0,
        1253.0,
        1254.0,
        1257.0,
        1257.0,
        1258.0,
        1258.0,
        1259.0,
        1259.0,
        1258.0,
        1258.0,
        1257.0,
        1257.0,
        1256.0,
        1256.0,
        1255.0,
        1255.0,
        1254.0,
        1254.0,
        1253.0,
        1253.0,
        1255.0,
        1256.0,
        1258.0,
        1259.0,
        1260.0,
        1261.0,
        1263.0,
        1264.0,
        1265.0,
        1266.0,
        1267.0,
        1269.0,
        1270.0,
        1271.0,
        1273.0,
        1274.0,
        1275.0,
        1277.0,
        1278.0,
        1281.0,
        1282.0,
        1293.0,
        1294.0,
        1296.0,
        1297.0,
        1298.0,
        1299.0,
        1300.0,
        1303.0,
        1303.0,
        1304.0,
        1304.0,
        1305.0,
        1305.0,
        1306.0,
        1306.0,
        1307.0,
        1307.0,
        1308.0,
        1308.0,
        1309.0,
        1309.0,
        1310.0,
        1310.0,
        1311.0,
        1311.0,
        1315.0,
        1315.0,
        1317.0,
        1317.0,
        1318.0,
        1318.0,
        1319.0,
        1319.0,
        1320.0,
        1320.0,
        1321.0,
        1321.0,
        1323.0,
        1323.0,
        1324.0,
        1325.0,
        1330.0,
        1330.0,
        1331.0,
        1331.0,
        1332.0,
        1332.0,
        1333.0,
        1333.0,
        1334.0,
        1334.0,
        1335.0,
        1335.0,
        1337.0,
        1337.0,
        1339.0,
        1339.0,
        1340.0,
        1340.0,
        1341.0,
        1341.0,
        1342.0,
        1342.0,
        1343.0,
        1343.0,
        1344.0,
        1344.0,
        1345.0,
        1345.0,
        1346.0,
        1346.0,
        1347.0,
        1347.0,
        1346.0,
        1346.0,
        1345.0,
        1345.0,
        1344.0,
        1344.0,
        1342.0,
        1342.0,
        1341.0,
        1341.0,
        1340.0,
        1340.0,
        1335.0,
        1335.0,
        1334.0,
        1334.0,
        1333.0,
        1333.0,
        1332.0,
        1332.0,
        1331.0,
        1331.0,
        1330.0,
        1330.0,
        1329.0,
        1329.0,
        1328.0,
        1328.0,
        1327.0,
        1327.0
      ],
      "y": [
        674.0,
        677.0,
        678.0,
        679.0,
        682.0,
        683.0,
        684.0,
        685.0,
        686.0,
        688.0,
        689.0,
        700.0,
        701.0,
        702.0,
        705.0,
        706.0,
        707.0,
        708.0,
        709.0,
        710.0,
        711.0,
        713.0,
        714.0,
        715.0,
        716.0,
        717.0,
        718.0,
        719.0,
        721.0,
        722.0,
        724.0,
        725.0,
        726.0,
        727.0,
        728.0,
        730.0,
        731.0,
        736.0,
        737.0,
        738.0,
        740.0,
        741.0,
        744.0,
        745.0,
        748.0,
        749.0,
        753.0,
        754.0,
        756.0,
        757.0,
        759.0,
        760.0,
        761.0,
        765.0,
        766.0,
        768.0,
        769.0,
        770.0,
        772.0,
        773.0,
        782.0,
        783.0,
        787.0,
        788.0,
        789.0,
        791.0,
        792.0,
        795.0,
        795.0,
        796.0,
        799.0,
        800.0,
        805.0,
        805.0,
        807.0,
        807.0,
        809.0,
        809.0,
        810.0,
        815.0,
        851.0,
        852.0,
        853.0,
        854.0,
        856.0,
        857.0,
        858.0,
        860.0,
        861.0,
        862.0,
        862.0,
        864.0,
        864.0,
        867.0,
        868.0,
        869.0,
        878.0,
        879.0,
        881.0,
        882.0,
        885.0,
        886.0,
        888.0,
        889.0,
        890.0,
        891.0,
        892.0,
        893.0,
        898.0,
        899.0,
        906.0,
        908.0,
        908.0,
        910.0,
        910.0,
        911.0,
        911.0,
        913.0,
        913.0,
        914.0,
        914.0,
        915.0,
        915.0,
        916.0,
        916.0,
        918.0,
        918.0,
        919.0,
        919.0,
        920.0,
        920.0,
        921.0,
        921.0,
        920.0,
        920.0,
        919.0,
        919.0,
        918.0,
        918.0,
        915.0,
        914.0,
        913.0,
        912.0,
        911.0,
        909.0,
        908.0,
        903.0,
        902.0,
        883.0,
        882.0,
        859.0,
        858.0,
        853.0,
        852.0,
        848.0,
        847.0,
        845.0,
        841.0,
        840.0,
        838.0,
        837.0,
        836.0,
        834.0,
        833.0,
        829.0,
        828.0,
        825.0,
        824.0,
        822.0,
        820.0,
        819.0,
        818.0,
        818.0,
        813.0,
        812.0,
        811.0,
        808.0,
        807.0,
        801.0,
        800.0,
        797.0,
        796.0,
        795.0,
        794.0,
        793.0,
        791.0,
        790.0,
        788.0,
        787.0,
        786.0,
        785.0,
        784.0,
        781.0,
        780.0,
        777.0,
        776.0,
        765.0,
        764.0,
        756.0,
        755.0,
        751.0,
        750.0,
        747.0,
        746.0,
        728.0,
        727.0,
        725.0,
        724.0,
        723.0,
        722.0,
        721.0,
        719.0,
        718.0,
        717.0,
        716.0,
        715.0,
        714.0,
        709.0,
        708.0,
        707.0,
        706.0,
        705.0,
        704.0,
        703.0,
        697.0,
        696.0,
        687.0,
        686.0,
        683.0,
        682.0,
        680.0,
        679.0,
        678.0,
        677.0,
        674.0
      ]
    }
  },
  {
    "name": "person",
    "class": 0,
    "confidence": 0.84802,
    "box": {
      "x1": 838.74042,
      "y1": 638.11456,
      "x2": 937.78027,
      "y2": 788.96729
    },
    "track_id": 2,
    "segments": {
      "x": [
        854.0,
        854.0,
        853.0,
        853.0,
        852.0,
        852.0,
        842.0,
        842.0,
        841.0,
        841.0,
        840.0,
        840.0,
        839.0,
        839.0,
        840.0,
        840.0,
        841.0,
        841.0,
        842.0,
        842.0,
        843.0,
        843.0,
        844.0,
        844.0,
        846.0,
        846.0,
        848.0,
        848.0,
        849.0,
        849.0,
        850.0,
        850.0,
        849.0,
        849.0,
        848.0,
        848.0,
        844.0,
        844.0,
        842.0,
        842.0,
        841.0,
        841.0,
        840.0,
        840.0,
        839.0,
        839.0,
        841.0,
        842.0,
        844.0,
        859.0,
        863.0,
        863.0,
        864.0,
        864.0,
        866.0,
        866.0,
        870.0,
        871.0,
        874.0,
        874.0,
        875.0,
        875.0,
        876.0,
        876.0,
        877.0,
        877.0,
        878.0,
        878.0,
        880.0,
        880.0,
        882.0,
        882.0,
        884.0,
        884.0,
        885.0,
        885.0,
        887.0,
        887.0,
        889.0,
        889.0,
        892.0,
        893.0,
        894.0,
        905.0,
        906.0,
        907.0,
        923.0,
        923.0,
        925.0,
        925.0,
        926.0,
        926.0,
        927.0,
        927.0,
        928.0,
        928.0,
        929.0,
        930.0,
        930.0,
        931.0,
        931.0,
        932.0,
        932.0,
        933.0,
        933.0,
        934.0,
        934.0,
        935.0,
        935.0,
        936.0,
        936.0,
        935.0,
        935.0,
        934.0,
        934.0,
        932.0,
        932.0,
        931.0,
        929.0,
        928.0,
        922.0,
        922.0,
        919.0,
        918.0,
        917.0,
        916.0,
        915.0,
        913.0,
        912.0,
        910.0,
        909.0,
        908.0,
        907.0,
        906.0,
        901.0,
        901.0
      ],
      "y": [
        639.0,
        640.0,
        641.0,
        642.0,
        643.0,
        644.0,
        654.0,
        655.0,
        656.0,
        658.0,
        659.0,
        661.0,
        662.0,
        679.0,
        680.0,
        683.0,
        684.0,
        686.0,
        687.0,
        689.0,
        690.0,
        691.0,
        692.0,
        693.0,
        695.0,
        696.0,
        698.0,
        700.0,
        701.0,
        706.0,
        707.0,
        716.0,
        717.0,
        721.0,
        722.0,
        725.0,
        729.0,
        730.0,
        732.0,
        733.0,
        734.0,
        735.0,
        736.0,
        740.0,
        741.0,
        786.0,
        788.0,
        788.0,
        790.0,
        790.0,
        786.0,
        785.0,
        784.0,
        783.0,
        781.0,
        780.0,
        776.0,
        776.0,
        773.0,
        755.0,
        754.0,
        748.0,
        747.0,
        744.0,
        743.0,
        740.0,
        739.0,
        737.0,
        735.0,
        734.0,
        732.0,
        731.0,
        729.0,
        728.0,
        727.0,
        725.0,
        723.0,
        722.0,
        720.0,
        719.0,
        716.0,
        716.0,
        715.0,
        715.0,
        716.0,
        716.0,
        732.0,
        733.0,
        735.0,
        736.0,
        737.0,
        738.0,
        739.0,
        740.0,
        741.0,
        742.0,
        743.0,
        743.0,
        742.0,
        741.0,
        740.0,
        739.0,
        738.0,
        737.0,
        732.0,
        731.0,
        725.0,
        724.0,
        702.0,
        701.0,
        676.0,
        675.0,
        668.0,
        667.0,
        665.0,
        663.0,
        662.0,
        662.0,
        660.0,
        660.0,
        654.0,
        653.0,
        650.0,
        650.0,
        649.0,
        649.0,
        648.0,
        648.0,
        647.0,
        647.0,
        646.0,
        646.0,
        645.0,
        645.0,
        640.0,
        639.0
      ]
    }
  }
]