[
  {
    "name": "person",
    "class": 0,
    "confidence": 0.89671,
    "box": {
      "x1": 1006.64062,
      "y1": 566.22937,
      "x2": 1086.50183,
      "y2": 760.57709
    },
    "track_id": 1,
    "segments": {
      "x": [
        1007.0,
        1007.0,
        1008.0,
        1008.0,
        1009.0,
        1009.0,
        1010.0,
        1010.0,
        1011.0,
        1011.0,
        1012.0,
        1012.0,
        1011.0,
        1011.0,
        1010.0,
        1010.0,
        1009.0,
        1009.0,
        1008.0,
        1008.0,
        1007.0,
        1007.0,
        1008.0,
        1015.0,
        1020.0,
        1020.0,
        1021.0,
        1021.0,
        1022.0,
        1022.0,
        1023.0,
        1023.0,
        1024.0,
        1024.0,
        1025.0,
        1026.0,
        1027.0,
        1027.0,
        1028.0,
        1028.0,
        1029.0,
        1029.0,
        1030.0,
        1030.0,
        1031.0,
        1031.0,
        1032.0,
        1032.0,
        1031.0,
        1031.0,
        1030.0,
        1030.0,
        1021.0,
        1021.0,
        1020.0,
        1020.0,
        1019.0,
        1019.0,
        1022.0,
        1023.0,
        1024.0,
        1027.0,
        1028.0,
        1029.0,
        1030.0,
        1031.0,
        1038.0,
        1039.0,
        1043.0,
        1043.0,
        1045.0,
        1045.0,
        1046.0,
        1046.0,
        1047.0,
        1047.0,
        1048.0,
        1048.0,
        1050.0,
        1050.0,
        1052.0,
        1052.0,
        1054.0,
        1054.0,
        1055.0,
        1055.0,
        1056.0,
        1056.0,
        1057.0,
        1057.0,
        1061.0,
        1062.0,
        1063.0,
        1063.0,
        1065.0,
        1065.0,
        1066.0,
        1066.0,
        1067.0,
        1067.0,
        1068.0,
        1068.0,
        1069.0,
        1069.0,
        1071.0,
        1071.0,
        1073.0,
        1075.0,
        1077.0,
        1078.0,
        1079.0,
        1080.0,
        1082.0,
        1083.0,
        1084.0,
        1085.0,
        1086.0,
        1086.0,
        1085.0,
        1085.0,
        1084.0,
        1084.0,
        1083.0,
        1083.0,
        1082.0,
        1082.0,
        1081.0,
        1081.0,
        1080.0,
        1080.0,
        1081.0,
        1081.0,
        1082.0,
        1082.0,
        1083.0,
        1083.0,
        1084.0,
        1084.0,
        1085.0,
        1085.0,
        1086.0,
        1086.0,
        1082.0,
        1082.0,
        1081.0,
        1081.0,
        1080.0,
        1080.0,
        1079.0,
        1079.0,
        1078.0,
        1078.0,
        1076.0,
        1076.0,
        1074.0,
        1073.0,
        1069.0,
        1069.0,
        1068.0,
        1068.0,
        1062.0,
        1061.0,
        1060.0,
        1059.0,
        1051.0,
        1050.0,
        1049.0,
        1048.0,
        1047.0,
        1046.0,
        1043.0,
        1042.0,
        1039.0,
        1039.0
      ],
      "y": [
        567.0,
        597.0,
        598.0,
        600.0,
        601.0,
        602.0,
        603.0,
        604.0,
        605.0,
        606.0,
        607.0,
        619.0,
        620.0,
        621.0,
        622.0,
        623.0,
        624.0,
        626.0,
        627.0,
        630.0,
        631.0,
        671.0,
        672.0,
        672.0,
        667.0,
        666.0,
        665.0,
        662.0,
        661.0,
        659.0,
        658.0,
        656.0,
        655.0,
        654.0,
        653.0,
        653.0,
        654.0,
        655.0,
        656.0,
        658.0,
        659.0,
        662.0,
        663.0,
        667.0,
        668.0,
        680.0,
        681.0,
        698.0,
        699.0,
        722.0,
        723.0,
        726.0,
        735.0,
        736.0,
        737.0,
        743.0,
        744.0,
        750.0,
        753.0,
        753.0,
        754.0,
        754.0,
        753.0,
        753.0,
        752.0,
        752.0,
        745.0,
        745.0,
        741.0,
        740.0,
        738.0,
        735.0,
        734.0,
        732.0,
        731.0,
        730.0,
        729.0,
        728.0,
        726.0,
        725.0,
        723.0,
        722.0,
        720.0,
        719.0,
        718.0,
        717.0,
        716.0,
        715.0,
        714.0,
        713.0,
        709.0,
        709.0,
        710.0,
        711.0,
        713.0,
        715.0,
        716.0,
        720.0,
        721.0,
        742.0,
        743.0,
        751.0,
        752.0,
        754.0,
        756.0,
        757.0,
        759.0,
        759.0,
        757.0,
        757.0,
        756.0,
        756.0,
        754.0,
        754.0,
        753.0,
        753.0,
        752.0,
        724.0,
        723.0,
        721.0,
        720.0,
        718.0,
        717.0,
        714.0,
        713.0,
        709.0,
        708.0,
        702.0,
        701.0,
        677.0,
        676.0,
        669.0,
        668.0,
        663.0,
        662.0,
        659.0,
        658.0,
        655.0,
        654.0,
        653.0,
        652.0,
        637.0,
        633.0,
        632.0,
        631.0,
        630.0,
        629.0,
        621.0,
        620.0,
        611.0,
        610.0,
        605.0,
        603.0,
        602.0,
        600.0,
        600.0,
        596.0,
        595.0,
        594.0,
        593.0,
        587.0,
        587.0,
        586.0,
        586.0,
        578.0,
        578.0,
        577.0,
        577.0,
        576.0,
        576.0,
        573.0,
        573.0,
        570.0,
        567.0
      ]
    }
  },
  {
    "name": "person",
    "class": 0,
    "confidence": 0.74179,
    "box": {
      "x1": 844.47437,
      "y1": 619.39563,
      "x2": 935.23218,
      "y2": 774.19122
    },
    "track_id": 2,
    "segments": {
      "x": [
        896.0,
        892.0,
        892.0,
        891.0,
        891.0,
        890.0,
        890.0,
        889.0,
        889.0,
        886.0,
        885.0,
        883.0,
        881.0,
        880.0,
        878.0,
        877.0,
        875.0,
        874.0,
        873.0,
        872.0,
        871.0,
        870.0,
        869.0,
        868.0,
        868.0,
        867.0,
        867.0,
        866.0,
        866.0,
        865.0,
        865.0,
        864.0,
        864.0,
        863.0,
        863.0,
        862.0,
        862.0,
        856.0,
        855.0,
        854.0,
        854.0,
        852.0,
        852.0,
        851.0,
        851.0,
        846.0,
        845.0,
        845.0,
        851.0,
        851.0,
        852.0,
        852.0,
        855.0,
        856.0,
        857.0,
        861.0,
        862.0,
        866.0,
        867.0,
        869.0,
        870.0,
        871.0,
        873.0,
        873.0,
        874.0,
        874.0,
        875.0,
        875.0,
        876.0,
        876.0,
        877.0,
        877.0,
        882.0,
        883.0,
        884.0,
        886.0,
        887.0,
        888.0,
        892.0,
        892.0,
        894.0,
        896.0,
        897.0,
        897.0,
        898.0,
        898.0,
        899.0,
        899.0,
        900.0,
        900.0,
        901.0,
        901.0,
        902.0,
        902.0,
        901.0,
        901.0,
        900.0,
        900.0,
        899.0,
        899.0,
        900.0,
        900.0,
        901.0,
        901.0,
        906.0,
        908.0,
        909.0,
        912.0,
        913.0,
        917.0,
        918.0,
        919.0,
        923.0,
        923.0,
        922.0,
        922.0,
        923.0,
        923.0,
        922.0,
        922.0
      ],
      "y": [
        619.0,
        623.0,
        624.0,
        625.0,
        626.0,
        627.0,
        628.0,
        629.0,
        630.0,
        633.0,
        633.0,
        635.0,
        635.0,
        636.0,
        636.0,
        637.0,
        637.0,
        638.0,
        638.0,
        639.0,
        639.0,
        640.0,
        640.0,
        641.0,
        642.0,
        643.0,
        644.0,
        645.0,
        646.0,
        647.0,
        648.0,
        649.0,
        652.0,
        653.0,
        654.0,
        655.0,
        656.0,
        662.0,
        662.0,
        663.0,
        664.0,
        666.0,
        667.0,
        668.0,
        669.0,
        674.0,
        674.0,
        707.0,
        713.0,
        761.0,
        762.0,
        763.0,
        766.0,
        766.0,
        767.0,
        767.0,
        766.0,
        766.0,
        765.0,
        765.0,
        764.0,
        764.0,
        762.0,
        760.0,
        759.0,
        755.0,
        754.0,
        733.0,
        732.0,
        725.0,
        724.0,
        723.0,
        718.0,
        718.0,
        719.0,
        719.0,
        720.0,
        720.0,
        724.0,
        726.0,
        728.0,
        726.0,
        726.0,
        725.0,
        724.0,
        722.0,
        721.0,
        720.0,
        719.0,
        718.0,
        717.0,
        716.0,
        715.0,
        713.0,
        712.0,
        710.0,
        709.0,
        701.0,
        700.0,
        687.0,
        686.0,
        680.0,
        679.0,
        677.0,
        672.0,
        672.0,
        671.0,
        671.0,
        670.0,
        670.0,
        669.0,
        669.0,
        665.0,
        648.0,
        647.0,
        634.0,
        633.0,
        623.0,
        622.0,
        619.0
      ]
    }
  }
]