[
  {
    "name": "person",
    "class": 0,
    "confidence": 0.90593,
    "box": {
      "x1": 1144.09558,
      "y1": 626.43817,
      "x2": 1255.65405,
      "y2": 862.13678
    },
    "track_id": 1,
    "segments": {
      "x": [
        1192.0,
        1192.0,
        1191.0,
        1191.0,
        1190.0,
        1190.0,
        1189.0,
        1189.0,
        1188.0,
        1188.0,
        1189.0,
        1189.0,
        1190.0,
        1190.0,
        1191.0,
        1191.0,
        1192.0,
        1192.0,
        1194.0,
        1194.0,
        1195.0,
        1195.0,
        1196.0,
        1196.0,
        1197.0,
        1197.0,
        1198.0,
        1198.0,
        1199.0,
        1198.0,
        1198.0,
        1197.0,
        1197.0,
        1196.0,
        1196.0,
        1192.0,
        1192.0,
        1191.0,
        1191.0,
        1190.0,
        1190.0,
        1189.0,
        1189.0,
        1188.0,
        1188.0,
        1187.0,
        1187.0,
        1186.0,
        1186.0,
        1178.0,
        1178.0,
        1177.0,
        1177.0,
        1171.0,
        1170.0,
        1165.0,
        1165.0,
        1164.0,
        1164.0,
        1165.0,
        1165.0,
        1168.0,
        1169.0,
        1175.0,
        1175.0,
        1174.0,
        1174.0,
        1173.0,
        1173.0,
        1172.0,
        1172.0,
        1171.0,
        1171.0,
        1170.0,
        1169.0,
        1168.0,
        1166.0,
        1165.0,
        1163.0,
        1162.0,
        1156.0,
        1150.0,
        1149.0,
        1148.0,
        1147.0,
        1146.0,
        1144.0,
        1144.0,
        1147.0,
        1148.0,
        1149.0,
        1150.0,
        1151.0,
        1156.0,
        1157.0,
        1158.0,
        1159.0,
        1160.0,
        1162.0,
        1163.0,
        1166.0,
        1167.0,
        1172.0,
        1173.0,
        1175.0,
        1176.0,
        1178.0,
        1179.0,
        1180.0,
        1182.0,
        1183.0,
        1190.0,
        1191.0,
        1193.0,
        1194.0,
        1196.0,
        1196.0,
        1198.0,
        1198.0,
        1199.0,
        1199.0,
        1200.0,
        1200.0,
        1201.0,
        1201.0,
        1202.0,
        1202.0,
        1203.0,
        1203.0,
        1202.0,
        1202.0,
        1200.0,
        1200.0,
        1197.0,
        1197.0,
        1198.0,
        1198.0,
        1199.0,
        1199.0,
        1200.0,
        1200.0,
        1201.0,
        1201.0,
        1202.0,
        1202.0,
        1203.0,
        1204.0,
        1205.0,
        1206.0,
        1207.0,
        1208.0,
        1209.0,
        1212.0,
        1213.0,
        1231.0,
        1234.0,
        1234.0,
        1235.0,
        1235.0,
        1234.0,
        1234.0,
        1233.0,
        1233.0,
        1232.0,
        1232.0,
        1231.0,
        1231.0,
        1230.0,
        1230.0,
        1227.0,
        1227.0,
        1226.0,
        1226.0,
        1225.0,
        1225.0,
        1224.0,
        1224.0,
        1223.0,
        1223.0,
        1224.0,
        1224.0,
        1230.0,
        1231.0,
        1236.0,
        1236.0,
        1237.0,
        1237.0,
        1242.0,
        1246.0,
        1247.0,
        1250.0,
        1251.0,
        1253.0,
        1254.0,
        1254.0,
        1253.0,
        1253.0,
        1252.0,
        1252.0,
        1251.0,
        1251.0,
        1250.0,
        1250.0,
        1249.0,
        1249.0,
        1248.0,
        1248.0,
        1247.0,
        1247.0,
        1242.0,
        1241.0,
        1240.0,
        1239.0,
        1234.0,
        1234.0,
        1233.0,
        1233.0,
        1232.0,
        1232.0,
        1231.0,
        1231.0,
        1229.0,
        1229.0,
        1228.0,
        1228.0,
        1227.0,
        1227.0,
        1226.0,
        1226.0,
        1225.0,
        1225.0
      ],
      "y": [
        627.0,
        629.0,
        630.0,
        632.0,
        633.0,
        635.0,
        636.0,
        639.0,
        640.0,
        655.0,
        656.0,
        658.0,
        659.0,
        660.0,
        661.0,
        662.0,
        663.0,
        664.0,
        666.0,
        667.0,
        668.0,
        669.0,
        670.0,
        671.0,
        672.0,
        673.0,
        674.0,
        676.0,
        677.0,
        678.0,
        680.0,
        681.0,
        682.0,
        683.0,
        684.0,
        688.0,
        689.0,
        690.0,
        691.0,
        692.0,
        694.0,
        695.0,
        698.0,
        699.0,
        707.0,
        708.0,
        724.0,
        725.0,
        727.0,
        735.0,
        736.0,
        737.0,
        738.0,
        744.0,
        744.0,
        749.0,
        759.0,
        760.0,
        761.0,
        762.0,
        763.0,
        766.0,
        766.0,
        772.0,
        776.0,
        777.0,
        779.0,
        780.0,
        781.0,
        782.0,
        783.0,
        784.0,
        785.0,
        786.0,
        786.0,
        787.0,
        787.0,
        788.0,
        788.0,
        789.0,
        789.0,
        783.0,
        783.0,
        782.0,
        782.0,
        781.0,
        781.0,
        804.0,
        804.0,
        805.0,
        805.0,
        806.0,
        806.0,
        811.0,
        811.0,
        812.0,
        812.0,
        813.0,
        813.0,
        814.0,
        814.0,
        815.0,
        815.0,
        814.0,
        814.0,
        813.0,
        813.0,
        812.0,
        812.0,
        810.0,
        810.0,
        803.0,
        803.0,
        801.0,
        801.0,
        803.0,
        804.0,
        806.0,
        807.0,
        808.0,
        814.0,
        815.0,
        823.0,
        824.0,
        827.0,
        828.0,
        830.0,
        831.0,
        836.0,
        837.0,
        839.0,
        841.0,
        842.0,
        845.0,
        846.0,
        847.0,
        848.0,
        849.0,
        850.0,
        851.0,
        852.0,
        853.0,
        854.0,
        855.0,
        857.0,
        858.0,
        858.0,
        859.0,
        859.0,
        860.0,
        860.0,
        861.0,
        861.0,
        862.0,
        862.0,
        859.0,
        855.0,
        854.0,
        844.0,
        843.0,
        839.0,
        838.0,
        835.0,
        834.0,
        833.0,
        832.0,
        831.0,
        830.0,
        829.0,
        826.0,
        825.0,
        824.0,
        823.0,
        822.0,
        816.0,
        815.0,
        800.0,
        799.0,
        784.0,
        783.0,
        773.0,
        767.0,
        767.0,
        762.0,
        761.0,
        760.0,
        759.0,
        754.0,
        754.0,
        753.0,
        753.0,
        752.0,
        752.0,
        751.0,
        689.0,
        688.0,
        685.0,
        684.0,
        681.0,
        680.0,
        677.0,
        676.0,
        675.0,
        674.0,
        672.0,
        671.0,
        669.0,
        668.0,
        665.0,
        660.0,
        660.0,
        659.0,
        659.0,
        654.0,
        652.0,
        651.0,
        649.0,
        648.0,
        647.0,
        646.0,
        644.0,
        642.0,
        641.0,
        640.0,
        639.0,
        638.0,
        636.0,
        635.0,
        633.0,
        632.0,
        627.0
      ]
    }
  },
  {
    "name": "person",
    "class": 0,
    "confidence": 0.84857,
    "box": {
      "x1": 834.72015,
      "y1": 630.58344,
      "x2": 938.65283,
      "y2": 792.401
    },
    "track_id": 2,
    "segments": {
      "x": [
        854.0,
        849.0,
        848.0,
        847.0,
        846.0,
        840.0,
        840.0,
        839.0,
        839.0,
        837.0,
        837.0,
        835.0,
        835.0,
        836.0,
        836.0,
        837.0,
        837.0,
        836.0,
        836.0,
        835.0,
        835.0,
        836.0,
        836.0,
        838.0,
        838.0,
        841.0,
        842.0,
        843.0,
        844.0,
        845.0,
        853.0,
        854.0,
        857.0,
        858.0,
        859.0,
        862.0,
        862.0,
        863.0,
        863.0,
        864.0,
        864.0,
        865.0,
        865.0,
        866.0,
        866.0,
        867.0,
        867.0,
        868.0,
        868.0,
        869.0,
        870.0,
        872.0,
        872.0,
        874.0,
        874.0,
        875.0,
        875.0,
        876.0,
        876.0,
        877.0,
        877.0,
        878.0,
        878.0,
        881.0,
        882.0,
        888.0,
        888.0,
        890.0,
        890.0,
        894.0,
        895.0,
        896.0,
        898.0,
        899.0,
        900.0,
        902.0,
        903.0,
        905.0,
        906.0,
        907.0,
        910.0,
        911.0,
        914.0,
        915.0,
        919.0,
        920.0,
        924.0,
        925.0,
        929.0,
        930.0,
        931.0,
        936.0,
        936.0,
        937.0,
        937.0,
        938.0,
        938.0,
        939.0,
        939.0,
        941.0,
        941.0,
        940.0,
        940.0,
        938.0,
        938.0,
        937.0,
        937.0,
        936.0,
        936.0,
        935.0,
        935.0,
        934.0,
        934.0,
        933.0,
        933.0,
        931.0,
        931.0,
        927.0,
        927.0,
        926.0,
        926.0,
        925.0,
        925.0,
        924.0,
        924.0,
        923.0,
        923.0,
        924.0,
        924.0,
        925.0,
        925.0,
        926.0,
        926.0,
        927.0,
        927.0,
        928.0,
        928.0,
        930.0,
        930.0,
        928.0,
        928.0,
        927.0,
        927.0,
        926.0,
        926.0,
        925.0,
        925.0,
        924.0,
        924.0,
        923.0,
        923.0,
        922.0,
        922.0,
        921.0,
        921.0,
        919.0,
        919.0,
        909.0,
        908.0,
        906.0,
        905.0,
        904.0
      ],
      "y": [
        630.0,
        635.0,
        635.0,
        636.0,
        636.0,
        642.0,
        643.0,
        644.0,
        645.0,
        647.0,
        648.0,
        650.0,
        686.0,
        687.0,
        695.0,
        696.0,
        713.0,
        714.0,
        725.0,
        726.0,
        781.0,
        782.0,
        783.0,
        785.0,
        786.0,
        789.0,
        789.0,
        790.0,
        790.0,
        791.0,
        791.0,
        792.0,
        792.0,
        791.0,
        791.0,
        788.0,
        787.0,
        786.0,
        750.0,
        749.0,
        746.0,
        745.0,
        742.0,
        741.0,
        740.0,
        739.0,
        738.0,
        737.0,
        736.0,
        735.0,
        735.0,
        737.0,
        738.0,
        740.0,
        741.0,
        742.0,
        743.0,
        744.0,
        745.0,
        746.0,
        747.0,
        748.0,
        749.0,
        752.0,
        752.0,
        758.0,
        759.0,
        761.0,
        762.0,
        766.0,
        766.0,
        767.0,
        767.0,
        768.0,
        768.0,
        770.0,
        770.0,
        772.0,
        772.0,
        771.0,
        771.0,
        770.0,
        770.0,
        769.0,
        769.0,
        768.0,
        768.0,
        767.0,
        767.0,
        766.0,
        766.0,
        761.0,
        759.0,
        758.0,
        757.0,
        756.0,
        755.0,
        754.0,
        753.0,
        751.0,
        740.0,
        739.0,
        737.0,
        735.0,
        734.0,
        733.0,
        731.0,
        730.0,
        729.0,
        728.0,
        725.0,
        724.0,
        722.0,
        721.0,
        720.0,
        718.0,
        717.0,
        713.0,
        712.0,
        711.0,
        710.0,
        709.0,
        707.0,
        706.0,
        703.0,
        702.0,
        686.0,
        685.0,
        678.0,
        677.0,
        675.0,
        674.0,
        672.0,
        671.0,
        670.0,
        669.0,
        668.0,
        666.0,
        665.0,
        663.0,
        662.0,
        661.0,
        660.0,
        659.0,
        657.0,
        656.0,
        654.0,
        653.0,
        652.0,
        651.0,
        650.0,
        649.0,
        648.0,
        647.0,
        646.0,
        644.0,
        643.0,
        633.0,
        633.0,
        631.0,
        631.0,
        630.0
      ]
    }
  }
]