[
  {
    "name": "person",
    "class": 0,
    "confidence": 0.88342,
    "box": {
      "x1": 1015.7226,
      "y1": 569.32117,
      "x2": 1103.62317,
      "y2": 760.4436
    },
    "track_id": 1,
    "segments": {
      "x": [
        1018.0,
        1018.0,
        1019.0,
        1019.0,
        1020.0,
        1020.0,
        1021.0,
        1021.0,
        1030.0,
        1030.0,
        1031.0,
        1031.0,
        1030.0,
        1030.0,
        1029.0,
        1029.0,
        1028.0,
        1028.0,
        1026.0,
        1026.0,
        1024.0,
        1024.0,
        1023.0,
        1023.0,
        1022.0,
        1022.0,
        1021.0,
        1021.0,
        1020.0,
        1020.0,
        1019.0,
        1019.0,
        1018.0,
        1018.0,
        1020.0,
        1021.0,
        1023.0,
        1024.0,
        1026.0,
        1027.0,
        1028.0,
        1033.0,
        1033.0,
        1032.0,
        1032.0,
        1031.0,
        1031.0,
        1030.0,
        1030.0,
        1029.0,
        1029.0,
        1028.0,
        1028.0,
        1027.0,
        1027.0,
        1023.0,
        1023.0,
        1021.0,
        1021.0,
        1020.0,
        1020.0,
        1019.0,
        1019.0,
        1018.0,
        1018.0,
        1022.0,
        1023.0,
        1027.0,
        1028.0,
        1030.0,
        1031.0,
        1034.0,
        1035.0,
        1036.0,
        1037.0,
        1038.0,
        1040.0,
        1040.0,
        1041.0,
        1041.0,
        1042.0,
        1042.0,
        1043.0,
        1043.0,
        1044.0,
        1044.0,
        1045.0,
        1045.0,
        1046.0,
        1046.0,
        1047.0,
        1047.0,
        1048.0,
        1048.0,
        1051.0,
        1051.0,
        1052.0,
        1052.0,
        1053.0,
        1053.0,
        1054.0,
        1054.0,
        1055.0,
        1055.0,
        1056.0,
        1056.0,
        1057.0,
        1057.0,
        1059.0,
        1059.0,
        1061.0,
        1062.0,
        1064.0,
        1064.0,
        1066.0,
        1066.0,
        1067.0,
        1067.0,
        1068.0,
        1068.0,
        1069.0,
        1069.0,
        1070.0,
        1070.0,
        1071.0,
        1071.0,
        1073.0,
        1075.0,
        1080.0,
        1081.0,
        1086.0,
        1086.0,
        1087.0,
        1087.0,
        1088.0,
        1088.0,
        1089.0,
        1089.0,
        1090.0,
        1090.0,
        1091.0,
        1091.0,
        1092.0,
        1092.0,
        1093.0,
        1093.0,
        1094.0,
        1094.0,
        1095.0,
        1095.0,
        1096.0,
        1096.0,
        1099.0,
        1099.0,
        1100.0,
        1100.0,
        1101.0,
        1101.0,
        1102.0,
        1102.0,
        1103.0,
        1103.0,
        1102.0,
        1102.0,
        1101.0,
        1101.0,
        1094.0,
        1094.0,
        1093.0,
        1093.0,
        1092.0,
        1092.0,
        1091.0,
        1091.0,
        1089.0,
        1089.0,
        1087.0,
        1086.0,
        1080.0,
        1080.0,
        1076.0,
        1075.0,
        1074.0,
        1070.0,
        1069.0,
        1063.0,
        1062.0,
        1061.0,
        1057.0,
        1057.0,
        1056.0,
        1056.0,
        1055.0,
        1055.0,
        1053.0,
        1053.0,
        1050.0,
        1049.0,
        1048.0
      ],
      "y": [
        570.0,
        578.0,
        579.0,
        588.0,
        589.0,
        594.0,
        595.0,
        596.0,
        605.0,
        608.0,
        609.0,
        625.0,
        626.0,
        631.0,
        632.0,
        634.0,
        635.0,
        636.0,
        638.0,
        639.0,
        641.0,
        642.0,
        643.0,
        644.0,
        645.0,
        647.0,
        648.0,
        650.0,
        651.0,
        654.0,
        655.0,
        657.0,
        658.0,
        669.0,
        669.0,
        670.0,
        670.0,
        671.0,
        671.0,
        672.0,
        672.0,
        677.0,
        681.0,
        682.0,
        702.0,
        703.0,
        711.0,
        712.0,
        715.0,
        716.0,
        717.0,
        718.0,
        719.0,
        720.0,
        721.0,
        725.0,
        726.0,
        728.0,
        729.0,
        730.0,
        732.0,
        733.0,
        734.0,
        735.0,
        754.0,
        754.0,
        755.0,
        755.0,
        754.0,
        754.0,
        753.0,
        753.0,
        752.0,
        752.0,
        751.0,
        751.0,
        749.0,
        748.0,
        747.0,
        746.0,
        745.0,
        744.0,
        743.0,
        742.0,
        741.0,
        740.0,
        739.0,
        735.0,
        734.0,
        730.0,
        729.0,
        726.0,
        725.0,
        724.0,
        721.0,
        720.0,
        719.0,
        718.0,
        717.0,
        715.0,
        714.0,
        709.0,
        708.0,
        701.0,
        700.0,
        699.0,
        698.0,
        697.0,
        695.0,
        694.0,
        692.0,
        692.0,
        694.0,
        695.0,
        697.0,
        698.0,
        699.0,
        701.0,
        702.0,
        752.0,
        753.0,
        754.0,
        755.0,
        756.0,
        757.0,
        758.0,
        760.0,
        760.0,
        755.0,
        755.0,
        750.0,
        749.0,
        748.0,
        746.0,
        745.0,
        742.0,
        741.0,
        736.0,
        735.0,
        729.0,
        728.0,
        696.0,
        695.0,
        687.0,
        686.0,
        684.0,
        683.0,
        682.0,
        681.0,
        680.0,
        679.0,
        678.0,
        675.0,
        674.0,
        673.0,
        672.0,
        671.0,
        670.0,
        669.0,
        667.0,
        666.0,
        638.0,
        637.0,
        633.0,
        632.0,
        629.0,
        622.0,
        621.0,
        620.0,
        619.0,
        618.0,
        614.0,
        613.0,
        605.0,
        603.0,
        602.0,
        600.0,
        600.0,
        594.0,
        593.0,
        589.0,
        589.0,
        588.0,
        588.0,
        587.0,
        587.0,
        586.0,
        586.0,
        582.0,
        581.0,
        580.0,
        579.0,
        578.0,
        577.0,
        575.0,
        574.0,
        571.0,
        571.0,
        570.0
      ]
    }
  },
  {
    "name": "person",
    "class": 0,
    "confidence": 0.83695,
    "box": {
      "x1": 851.14258,
      "y1": 592.38385,
      "x2": 944.6795,
      "y2": 800.7027
    },
    "track_id": 2,
    "segments": {
      "x": [
        910.0,
        910.0,
        909.0,
        909.0,
        904.0,
        904.0,
        902.0,
        902.0,
        901.0,
        901.0,
        898.0,
        897.0,
        895.0,
        894.0,
        893.0,
        891.0,
        889.0,
        888.0,
        886.0,
        886.0,
        883.0,
        882.0,
        880.0,
        879.0,
        877.0,
        877.0,
        875.0,
        875.0,
        865.0,
        865.0,
        864.0,
        864.0,
        863.0,
        863.0,
        862.0,
        862.0,
        861.0,
        861.0,
        860.0,
        860.0,
        859.0,
        859.0,
        857.0,
        857.0,
        856.0,
        856.0,
        855.0,
        855.0,
        854.0,
        854.0,
        853.0,
        853.0,
        852.0,
        852.0,
        853.0,
        855.0,
        856.0,
        858.0,
        859.0,
        860.0,
        865.0,
        865.0,
        864.0,
        864.0,
        863.0,
        863.0,
        862.0,
        862.0,
        861.0,
        861.0,
        856.0,
        855.0,
        853.0,
        853.0,
        852.0,
        852.0,
        853.0,
        854.0,
        859.0,
        860.0,
        862.0,
        863.0,
        865.0,
        866.0,
        867.0,
        868.0,
        869.0,
        872.0,
        872.0,
        873.0,
        873.0,
        874.0,
        874.0,
        875.0,
        875.0,
        876.0,
        876.0,
        878.0,
        878.0,
        881.0,
        883.0,
        884.0,
        885.0,
        887.0,
        888.0,
        892.0,
        894.0,
        897.0,
        897.0,
        898.0,
        898.0,
        899.0,
        899.0,
        898.0,
        898.0,
        897.0,
        897.0,
        896.0,
        896.0,
        895.0,
        895.0,
        894.0,
        894.0,
        893.0,
        893.0,
        895.0,
        896.0,
        897.0,
        913.0,
        914.0,
        915.0,
        918.0,
        918.0,
        920.0,
        920.0,
        921.0,
        921.0,
        922.0,
        922.0,
        923.0,
        923.0,
        924.0,
        924.0,
        925.0,
        925.0,
        926.0,
        926.0,
        930.0,
        930.0,
        931.0,
        931.0,
        932.0,
        932.0,
        933.0,
        933.0,
        934.0,
        934.0,
        935.0,
        935.0,
        936.0,
        936.0,
        937.0,
        937.0,
        942.0,
        942.0,
        941.0,
        941.0,
        940.0,
        936.0,
        935.0,
        929.0,
        928.0,
        927.0,
        925.0,
        924.0,
        923.0,
        921.0,
        920.0,
        918.0,
        916.0,
        916.0,
        915.0,
        915.0,
        914.0,
        914.0,
        913.0,
        913.0,
        912.0,
        912.0,
        913.0,
        913.0,
        914.0,
        914.0,
        916.0,
        916.0,
        917.0,
        930.0,
        931.0,
        932.0,
        934.0,
        934.0,
        935.0,
        935.0,
        936.0,
        936.0
      ],
      "y": [
        593.0,
        594.0,
        595.0,
        596.0,
        601.0,
        602.0,
        604.0,
        605.0,
        606.0,
        607.0,
        610.0,
        610.0,
        612.0,
        612.0,
        613.0,
        613.0,
        615.0,
        615.0,
        617.0,
        618.0,
        621.0,
        621.0,
        623.0,
        623.0,
        625.0,
        626.0,
        628.0,
        629.0,
        639.0,
        640.0,
        641.0,
        646.0,
        647.0,
        653.0,
        654.0,
        656.0,
        657.0,
        658.0,
        659.0,
        660.0,
        661.0,
        662.0,
        664.0,
        665.0,
        666.0,
        667.0,
        668.0,
        669.0,
        670.0,
        672.0,
        673.0,
        675.0,
        676.0,
        705.0,
        706.0,
        706.0,
        707.0,
        707.0,
        708.0,
        708.0,
        713.0,
        715.0,
        716.0,
        719.0,
        720.0,
        724.0,
        725.0,
        726.0,
        727.0,
        728.0,
        733.0,
        733.0,
        735.0,
        736.0,
        737.0,
        767.0,
        767.0,
        768.0,
        768.0,
        767.0,
        767.0,
        766.0,
        766.0,
        765.0,
        765.0,
        764.0,
        764.0,
        761.0,
        760.0,
        759.0,
        757.0,
        756.0,
        754.0,
        753.0,
        751.0,
        750.0,
        748.0,
        746.0,
        745.0,
        742.0,
        742.0,
        741.0,
        741.0,
        739.0,
        739.0,
        735.0,
        735.0,
        738.0,
        741.0,
        742.0,
        746.0,
        747.0,
        767.0,
        768.0,
        775.0,
        776.0,
        778.0,
        779.0,
        781.0,
        782.0,
        783.0,
        784.0,
        785.0,
        786.0,
        797.0,
        799.0,
        799.0,
        800.0,
        800.0,
        799.0,
        799.0,
        796.0,
        795.0,
        793.0,
        792.0,
        791.0,
        789.0,
        788.0,
        786.0,
        785.0,
        736.0,
        735.0,
        727.0,
        726.0,
        724.0,
        723.0,
        721.0,
        717.0,
        716.0,
        715.0,
        714.0,
        713.0,
        710.0,
        709.0,
        706.0,
        705.0,
        702.0,
        701.0,
        699.0,
        698.0,
        696.0,
        695.0,
        694.0,
        689.0,
        673.0,
        672.0,
        670.0,
        671.0,
        671.0,
        672.0,
        672.0,
        671.0,
        671.0,
        669.0,
        669.0,
        668.0,
        668.0,
        667.0,
        667.0,
        665.0,
        663.0,
        662.0,
        661.0,
        660.0,
        658.0,
        657.0,
        655.0,
        654.0,
        650.0,
        649.0,
        641.0,
        640.0,
        639.0,
        637.0,
        636.0,
        635.0,
        635.0,
        634.0,
        634.0,
        632.0,
        631.0,
        630.0,
        611.0,
        610.0,
        593.0
      ]
    }
  }
]