[
  {
    "name": "person",
    "class": 0,
    "confidence": 0.86632,
    "box": {
      "x1": 1085.26733,
      "y1": 598.06427,
      "x2": 1170.61292,
      "y2": 806.55774
    },
    "track_id": 1,
    "segments": {
      "x": [
        1117.0,
        1117.0,
        1116.0,
        1116.0,
        1115.0,
        1115.0,
        1116.0,
        1116.0,
        1117.0,
        1117.0,
        1121.0,
        1122.0,
        1125.0,
        1125.0,
        1126.0,
        1126.0,
        1125.0,
        1125.0,
        1124.0,
        1124.0,
        1123.0,
        1123.0,
        1120.0,
        1120.0,
        1119.0,
        1119.0,
        1118.0,
        1118.0,
        1117.0,
        1117.0,
        1116.0,
        1116.0,
        1115.0,
        1115.0,
        1114.0,
        1114.0,
        1113.0,
        1113.0,
        1112.0,
        1112.0,
        1111.0,
        1111.0,
        1110.0,
        1110.0,
        1109.0,
        1109.0,
        1108.0,
        1108.0,
        1107.0,
        1107.0,
        1106.0,
        1106.0,
        1105.0,
        1105.0,
        1104.0,
        1104.0,
        1102.0,
        1102.0,
        1100.0,
        1100.0,
        1097.0,
        1096.0,
        1095.0,
        1094.0,
        1093.0,
        1092.0,
        1091.0,
        1089.0,
        1088.0,
        1087.0,
        1087.0,
        1091.0,
        1092.0,
        1108.0,
        1109.0,
        1123.0,
        1124.0,
        1129.0,
        1130.0,
        1132.0,
        1133.0,
        1134.0,
        1135.0,
        1136.0,
        1137.0,
        1138.0,
        1139.0,
        1140.0,
        1142.0,
        1143.0,
        1147.0,
        1148.0,
        1151.0,
        1152.0,
        1155.0,
        1156.0,
        1158.0,
        1162.0,
        1162.0,
        1163.0,
        1163.0,
        1164.0,
        1164.0,
        1165.0,
        1165.0,
        1166.0,
        1166.0,
        1167.0,
        1167.0,
        1166.0,
        1166.0,
        1165.0,
        1165.0,
        1164.0,
        1164.0,
        1163.0,
        1163.0,
        1162.0,
        1162.0,
        1160.0,
        1160.0,
        1159.0,
        1153.0,
        1153.0,
        1152.0,
        1152.0,
        1151.0,
        1151.0,
        1150.0,
        1150.0,
        1151.0,
        1151.0,
        1152.0,
        1152.0,
        1153.0,
        1153.0,
        1155.0,
        1155.0,
        1160.0,
        1160.0,
        1161.0,
        1161.0,
        1162.0,
        1162.0,
        1163.0,
        1163.0,
        1164.0,
        1164.0,
        1165.0,
        1165.0,
        1166.0,
        1166.0,
        1167.0,
        1167.0,
        1168.0,
        1168.0,
        1169.0,
        1169.0,
        1170.0,
        1170.0,
        1165.0,
        1165.0,
        1164.0,
        1164.0,
        1163.0,
        1163.0,
        1161.0,
        1161.0,
        1160.0,
        1159.0,
        1157.0,
        1156.0,
        1154.0,
        1154.0,
        1152.0,
        1152.0,
        1151.0,
        1151.0,
        1150.0,
        1150.0
      ],
      "y": [
        599.0,
        601.0,
        602.0,
        609.0,
        610.0,
        626.0,
        627.0,
        631.0,
        632.0,
        633.0,
        637.0,
        637.0,
        640.0,
        641.0,
        642.0,
        643.0,
        644.0,
        647.0,
        648.0,
        651.0,
        652.0,
        654.0,
        657.0,
        658.0,
        659.0,
        660.0,
        661.0,
        662.0,
        663.0,
        666.0,
        667.0,
        699.0,
        700.0,
        715.0,
        716.0,
        722.0,
        723.0,
        726.0,
        727.0,
        729.0,
        730.0,
        731.0,
        732.0,
        733.0,
        734.0,
        735.0,
        736.0,
        740.0,
        741.0,
        754.0,
        755.0,
        773.0,
        774.0,
        776.0,
        777.0,
        778.0,
        780.0,
        781.0,
        783.0,
        784.0,
        787.0,
        787.0,
        788.0,
        788.0,
        789.0,
        789.0,
        790.0,
        790.0,
        791.0,
        791.0,
        803.0,
        803.0,
        804.0,
        804.0,
        803.0,
        803.0,
        802.0,
        802.0,
        801.0,
        801.0,
        800.0,
        801.0,
        801.0,
        802.0,
        802.0,
        803.0,
        803.0,
        804.0,
        804.0,
        805.0,
        805.0,
        804.0,
        804.0,
        803.0,
        803.0,
        802.0,
        802.0,
        798.0,
        797.0,
        796.0,
        795.0,
        794.0,
        792.0,
        791.0,
        790.0,
        789.0,
        788.0,
        787.0,
        784.0,
        783.0,
        782.0,
        781.0,
        779.0,
        778.0,
        776.0,
        775.0,
        773.0,
        772.0,
        771.0,
        769.0,
        768.0,
        768.0,
        762.0,
        761.0,
        760.0,
        757.0,
        756.0,
        752.0,
        751.0,
        741.0,
        740.0,
        736.0,
        735.0,
        733.0,
        732.0,
        731.0,
        729.0,
        728.0,
        723.0,
        722.0,
        721.0,
        720.0,
        719.0,
        717.0,
        716.0,
        714.0,
        713.0,
        707.0,
        706.0,
        702.0,
        701.0,
        698.0,
        697.0,
        694.0,
        693.0,
        692.0,
        691.0,
        689.0,
        688.0,
        639.0,
        634.0,
        633.0,
        632.0,
        631.0,
        630.0,
        629.0,
        627.0,
        626.0,
        625.0,
        625.0,
        623.0,
        623.0,
        621.0,
        620.0,
        618.0,
        613.0,
        612.0,
        604.0,
        603.0,
        599.0
      ]
    }
  },
  {
    "name": "person",
    "class": 0,
    "confidence": 0.8078,
    "box": {
      "x1": 832.05194,
      "y1": 571.60651,
      "x2": 935.86462,
      "y2": 790.88367
    },
    "track_id": 2,
    "segments": {
      "x": [
        879.0,
        878.0,
        878.0,
        877.0,
        877.0,
        876.0,
        876.0,
        875.0,
        875.0,
        874.0,
        874.0,
        872.0,
        872.0,
        863.0,
        862.0,
        861.0,
        860.0,
        859.0,
        858.0,
        857.0,
        856.0,
        853.0,
        853.0,
        852.0,
        852.0,
        851.0,
        851.0,
        850.0,
        850.0,
        849.0,
        849.0,
        848.0,
        848.0,
        847.0,
        847.0,
        846.0,
        846.0,
        845.0,
        845.0,
        844.0,
        844.0,
        843.0,
        843.0,
        842.0,
        842.0,
        841.0,
        841.0,
        842.0,
        842.0,
        843.0,
        843.0,
        844.0,
        844.0,
        845.0,
        845.0,
        847.0,
        847.0,
        849.0,
        849.0,
        850.0,
        850.0,
        851.0,
        851.0,
        852.0,
        852.0,
        851.0,
        851.0,
        850.0,
        850.0,
        846.0,
        845.0,
        840.0,
        840.0,
        839.0,
        839.0,
        838.0,
        838.0,
        836.0,
        836.0,
        833.0,
        833.0,
        835.0,
        836.0,
        841.0,
        842.0,
        844.0,
        860.0,
        863.0,
        863.0,
        864.0,
        864.0,
        865.0,
        865.0,
        866.0,
        866.0,
        873.0,
        873.0,
        874.0,
        874.0,
        875.0,
        875.0,
        876.0,
        876.0,
        877.0,
        877.0,
        878.0,
        878.0,
        883.0,
        884.0,
        888.0,
        888.0,
        893.0,
        894.0,
        898.0,
        898.0,
        900.0,
        901.0,
        903.0,
        904.0,
        905.0,
        906.0,
        908.0,
        909.0,
        912.0,
        912.0,
        917.0,
        918.0,
        919.0,
        920.0,
        921.0,
        922.0,
        923.0,
        924.0,
        930.0,
        931.0,
        932.0,
        933.0,
        933.0,
        934.0,
        934.0,
        935.0,
        935.0,
        934.0,
        934.0,
        933.0,
        933.0,
        931.0,
        931.0,
        926.0,
        926.0,
        924.0,
        924.0,
        923.0,
        923.0,
        922.0,
        922.0,
        921.0,
        921.0,
        920.0,
        920.0,
        919.0,
        919.0,
        920.0,
        920.0,
        921.0,
        921.0,
        922.0,
        922.0,
        921.0,
        921.0,
        920.0,
        920.0,
        918.0,
        917.0,
        915.0,
        914.0,
        911.0,
        911.0,
        910.0,
        910.0,
        909.0,
        909.0,
        910.0,
        910.0,
        911.0,
        911.0,
        910.0,
        910.0,
        909.0,
        909.0,
        908.0,
        908.0,
        907.0
      ],
      "y": [
        572.0,
        573.0,
        575.0,
        576.0,
        578.0,
        579.0,
        582.0,
        583.0,
        584.0,
        585.0,
        586.0,
        588.0,
        589.0,
        598.0,
        598.0,
        599.0,
        599.0,
        600.0,
        600.0,
        601.0,
        601.0,
        604.0,
        605.0,
        606.0,
        608.0,
        609.0,
        611.0,
        612.0,
        614.0,
        615.0,
        616.0,
        617.0,
        619.0,
        620.0,
        622.0,
        623.0,
        626.0,
        627.0,
        631.0,
        632.0,
        640.0,
        641.0,
        646.0,
        647.0,
        654.0,
        655.0,
        679.0,
        680.0,
        682.0,
        683.0,
        685.0,
        686.0,
        687.0,
        688.0,
        689.0,
        691.0,
        692.0,
        694.0,
        695.0,
        696.0,
        698.0,
        699.0,
        703.0,
        704.0,
        729.0,
        730.0,
        734.0,
        735.0,
        738.0,
        742.0,
        742.0,
        747.0,
        748.0,
        749.0,
        750.0,
        751.0,
        752.0,
        754.0,
        755.0,
        758.0,
        781.0,
        783.0,
        783.0,
        788.0,
        788.0,
        790.0,
        790.0,
        787.0,
        785.0,
        784.0,
        777.0,
        776.0,
        761.0,
        760.0,
        759.0,
        752.0,
        751.0,
        750.0,
        748.0,
        747.0,
        744.0,
        743.0,
        741.0,
        740.0,
        738.0,
        737.0,
        736.0,
        731.0,
        731.0,
        727.0,
        726.0,
        721.0,
        721.0,
        725.0,
        726.0,
        728.0,
        728.0,
        730.0,
        730.0,
        731.0,
        731.0,
        733.0,
        733.0,
        736.0,
        737.0,
        742.0,
        742.0,
        743.0,
        743.0,
        744.0,
        744.0,
        745.0,
        745.0,
        751.0,
        750.0,
        750.0,
        749.0,
        748.0,
        747.0,
        745.0,
        744.0,
        736.0,
        735.0,
        734.0,
        733.0,
        732.0,
        730.0,
        729.0,
        724.0,
        723.0,
        721.0,
        720.0,
        719.0,
        718.0,
        717.0,
        716.0,
        715.0,
        711.0,
        710.0,
        705.0,
        704.0,
        699.0,
        698.0,
        694.0,
        693.0,
        679.0,
        678.0,
        645.0,
        644.0,
        624.0,
        623.0,
        617.0,
        615.0,
        615.0,
        613.0,
        613.0,
        610.0,
        609.0,
        608.0,
        607.0,
        606.0,
        602.0,
        601.0,
        584.0,
        583.0,
        582.0,
        581.0,
        578.0,
        577.0,
        575.0,
        574.0,
        573.0,
        572.0
      ]
    }
  }
]