[
  {
    "name": "person",
    "class": 0,
    "confidence": 0.87104,
    "box": {
      "x1": 1063.49194,
      "y1": 574.58508,
      "x2": 1125.91858,
      "y2": 792.10516
    },
    "track_id": 1,
    "segments": {
      "x": [
        1069.0,
        1068.0,
        1068.0,
        1067.0,
        1067.0,
        1068.0,
        1068.0,
        1069.0,
        1069.0,
        1072.0,
        1073.0,
        1078.0,
        1078.0,
        1079.0,
        1079.0,
        1078.0,
        1078.0,
        1077.0,
        1077.0,
        1076.0,
        1076.0,
        1075.0,
        1075.0,
        1073.0,
        1073.0,
        1072.0,
        1072.0,
        1071.0,
        1071.0,
        1070.0,
        1070.0,
        1069.0,
        1069.0,
        1068.0,
        1068.0,
        1067.0,
        1067.0,
        1066.0,
        1066.0,
        1065.0,
        1065.0,
        1064.0,
        1064.0,
        1065.0,
        1065.0,
        1064.0,
        1064.0,
        1066.0,
        1066.0,
        1067.0,
        1067.0,
        1068.0,
        1068.0,
        1069.0,
        1069.0,
        1073.0,
        1073.0,
        1072.0,
        1072.0,
        1071.0,
        1071.0,
        1070.0,
        1070.0,
        1069.0,
        1069.0,
        1068.0,
        1068.0,
        1067.0,
        1068.0,
        1068.0,
        1070.0,
        1071.0,
        1072.0,
        1091.0,
        1092.0,
        1093.0,
        1094.0,
        1095.0,
        1101.0,
        1101.0,
        1102.0,
        1102.0,
        1103.0,
        1103.0,
        1104.0,
        1104.0,
        1105.0,
        1105.0,
        1106.0,
        1106.0,
        1107.0,
        1107.0,
        1106.0,
        1106.0,
        1107.0,
        1107.0,
        1108.0,
        1108.0,
        1109.0,
        1109.0,
        1110.0,
        1110.0,
        1111.0,
        1111.0,
        1112.0,
        1112.0,
        1113.0,
        1113.0,
        1114.0,
        1114.0,
        1115.0,
        1115.0,
        1116.0,
        1116.0,
        1117.0,
        1117.0,
        1121.0,
        1122.0,
        1125.0,
        1125.0,
        1123.0,
        1123.0,
        1118.0,
        1118.0,
        1117.0,
        1117.0,
        1116.0,
        1116.0,
        1115.0,
        1115.0,
        1114.0,
        1114.0,
        1113.0,
        1113.0,
        1106.0,
        1106.0,
        1104.0,
        1104.0,
        1103.0,
        1103.0,
        1102.0,
        1102.0,
        1101.0,
        1101.0,
        1100.0
      ],
      "y": [
        576.0,
        577.0,
        581.0,
        582.0,
        605.0,
        606.0,
        607.0,
        608.0,
        609.0,
        612.0,
        612.0,
        617.0,
        621.0,
        622.0,
        634.0,
        635.0,
        641.0,
        642.0,
        644.0,
        645.0,
        646.0,
        647.0,
        648.0,
        650.0,
        651.0,
        652.0,
        653.0,
        654.0,
        655.0,
        656.0,
        657.0,
        658.0,
        659.0,
        660.0,
        662.0,
        663.0,
        666.0,
        667.0,
        669.0,
        670.0,
        671.0,
        672.0,
        698.0,
        699.0,
        709.0,
        710.0,
        746.0,
        748.0,
        749.0,
        750.0,
        752.0,
        753.0,
        755.0,
        756.0,
        757.0,
        761.0,
        764.0,
        765.0,
        769.0,
        770.0,
        774.0,
        775.0,
        777.0,
        778.0,
        780.0,
        781.0,
        784.0,
        785.0,
        786.0,
        787.0,
        789.0,
        789.0,
        790.0,
        790.0,
        789.0,
        789.0,
        788.0,
        788.0,
        782.0,
        781.0,
        780.0,
        779.0,
        778.0,
        777.0,
        776.0,
        775.0,
        774.0,
        765.0,
        764.0,
        755.0,
        754.0,
        732.0,
        731.0,
        725.0,
        724.0,
        723.0,
        722.0,
        721.0,
        720.0,
        719.0,
        718.0,
        717.0,
        716.0,
        715.0,
        714.0,
        712.0,
        711.0,
        710.0,
        709.0,
        707.0,
        706.0,
        705.0,
        704.0,
        702.0,
        701.0,
        700.0,
        696.0,
        696.0,
        693.0,
        626.0,
        624.0,
        623.0,
        618.0,
        617.0,
        616.0,
        615.0,
        614.0,
        612.0,
        611.0,
        610.0,
        609.0,
        608.0,
        607.0,
        606.0,
        599.0,
        598.0,
        596.0,
        594.0,
        593.0,
        589.0,
        588.0,
        584.0,
        583.0,
        577.0,
        576.0
      ]
    }
  },
  {
    "name": "person",
    "class": 0,
    "confidence": 0.79099,
    "box": {
      "x1": 840.95331,
      "y1": 566.86676,
      "x2": 918.4848,
      "y2": 796.09552
    },
    "track_id": 2,
    "segments": {
      "x": [
        878.0,
        878.0,
        877.0,
        877.0,
        876.0,
        876.0,
        875.0,
        875.0,
        874.0,
        874.0,
        871.0,
        870.0,
        868.0,
        867.0,
        857.0,
        856.0,
        855.0,
        854.0,
        850.0,
        850.0,
        845.0,
        844.0,
        842.0,
        842.0,
        844.0,
        846.0,
        847.0,
        848.0,
        848.0,
        851.0,
        851.0,
        852.0,
        852.0,
        853.0,
        853.0,
        854.0,
        854.0,
        856.0,
        856.0,
        859.0,
        859.0,
        855.0,
        855.0,
        854.0,
        854.0,
        853.0,
        853.0,
        852.0,
        852.0,
        851.0,
        851.0,
        850.0,
        850.0,
        851.0,
        851.0,
        852.0,
        852.0,
        853.0,
        853.0,
        854.0,
        854.0,
        856.0,
        856.0,
        857.0,
        858.0,
        863.0,
        864.0,
        868.0,
        870.0,
        872.0,
        872.0,
        874.0,
        874.0,
        875.0,
        875.0,
        876.0,
        876.0,
        877.0,
        877.0,
        878.0,
        878.0,
        879.0,
        879.0,
        912.0,
        912.0,
        918.0,
        918.0,
        919.0,
        919.0,
        917.0,
        916.0,
        915.0,
        914.0,
        912.0,
        911.0,
        909.0,
        908.0,
        903.0,
        903.0,
        902.0,
        902.0,
        901.0,
        901.0,
        900.0,
        900.0,
        899.0,
        899.0,
        900.0,
        900.0,
        901.0,
        901.0,
        902.0,
        902.0,
        903.0,
        903.0,
        902.0,
        902.0,
        897.0,
        896.0,
        895.0,
        894.0,
        891.0,
        891.0,
        890.0,
        890.0,
        889.0,
        889.0,
        888.0,
        888.0,
        887.0,
        887.0,
        886.0,
        886.0,
        884.0,
        884.0,
        883.0,
        883.0,
        882.0,
        882.0,
        881.0,
        881.0,
        880.0,
        880.0,
        879.0,
        879.0,
        878.0,
        878.0,
        877.0,
        877.0,
        876.0,
        876.0,
        877.0,
        877.0,
        878.0,
        878.0,
        879.0,
        879.0,
        880.0,
        880.0,
        886.0,
        887.0,
        888.0,
        889.0,
        890.0,
        891.0,
        892.0,
        896.0,
        897.0,
        901.0,
        902.0,
        905.0,
        908.0,
        908.0,
        909.0,
        909.0,
        910.0,
        910.0,
        909.0,
        909.0,
        908.0,
        908.0,
        907.0,
        907.0,
        906.0,
        906.0,
        905.0,
        905.0
      ],
      "y": [
        567.0,
        569.0,
        570.0,
        573.0,
        574.0,
        580.0,
        581.0,
        582.0,
        583.0,
        584.0,
        587.0,
        587.0,
        589.0,
        589.0,
        599.0,
        599.0,
        600.0,
        600.0,
        604.0,
        605.0,
        610.0,
        610.0,
        612.0,
        692.0,
        692.0,
        694.0,
        694.0,
        695.0,
        696.0,
        699.0,
        700.0,
        701.0,
        702.0,
        703.0,
        705.0,
        706.0,
        707.0,
        709.0,
        710.0,
        713.0,
        714.0,
        718.0,
        719.0,
        720.0,
        722.0,
        723.0,
        725.0,
        726.0,
        733.0,
        734.0,
        743.0,
        744.0,
        751.0,
        752.0,
        753.0,
        754.0,
        755.0,
        756.0,
        757.0,
        758.0,
        759.0,
        761.0,
        762.0,
        763.0,
        763.0,
        758.0,
        758.0,
        754.0,
        754.0,
        756.0,
        757.0,
        759.0,
        761.0,
        762.0,
        773.0,
        774.0,
        787.0,
        788.0,
        791.0,
        792.0,
        795.0,
        796.0,
        797.0,
        797.0,
        796.0,
        790.0,
        789.0,
        788.0,
        783.0,
        781.0,
        781.0,
        780.0,
        780.0,
        778.0,
        778.0,
        776.0,
        776.0,
        771.0,
        770.0,
        769.0,
        768.0,
        767.0,
        765.0,
        764.0,
        759.0,
        758.0,
        729.0,
        728.0,
        721.0,
        720.0,
        717.0,
        716.0,
        715.0,
        714.0,
        713.0,
        712.0,
        711.0,
        706.0,
        706.0,
        705.0,
        705.0,
        702.0,
        699.0,
        698.0,
        694.0,
        693.0,
        689.0,
        688.0,
        686.0,
        685.0,
        683.0,
        682.0,
        681.0,
        679.0,
        678.0,
        677.0,
        676.0,
        675.0,
        674.0,
        673.0,
        671.0,
        670.0,
        666.0,
        665.0,
        656.0,
        655.0,
        640.0,
        639.0,
        635.0,
        634.0,
        618.0,
        617.0,
        615.0,
        614.0,
        613.0,
        612.0,
        611.0,
        610.0,
        609.0,
        603.0,
        603.0,
        602.0,
        602.0,
        601.0,
        601.0,
        600.0,
        600.0,
        599.0,
        599.0,
        598.0,
        598.0,
        595.0,
        594.0,
        593.0,
        588.0,
        587.0,
        579.0,
        578.0,
        576.0,
        575.0,
        573.0,
        572.0,
        571.0,
        570.0,
        569.0,
        568.0,
        567.0
      ]
    }
  }
]