[
  {
    "name": "person",
    "class": 0,
    "confidence": 0.8588,
    "box": {
      "x1": 1067.6687,
      "y1": 578.60327,
      "x2": 1131.21326,
      "y2": 804.01752
    },
    "track_id": 1,
    "segments": {
      "x": [
        1079.0,
        1079.0,
        1078.0,
        1078.0,
        1079.0,
        1079.0,
        1080.0,
        1080.0,
        1081.0,
        1081.0,
        1082.0,
        1082.0,
        1083.0,
        1082.0,
        1082.0,
        1081.0,
        1081.0,
        1080.0,
        1080.0,
        1079.0,
        1079.0,
        1078.0,
        1078.0,
        1077.0,
        1077.0,
        1073.0,
        1070.0,
        1069.0,
        1068.0,
        1068.0,
        1073.0,
        1075.0,
        1076.0,
        1077.0,
        1077.0,
        1079.0,
        1079.0,
        1080.0,
        1080.0,
        1081.0,
        1081.0,
        1082.0,
        1082.0,
        1083.0,
        1083.0,
        1086.0,
        1086.0,
        1087.0,
        1087.0,
        1088.0,
        1088.0,
        1089.0,
        1089.0,
        1090.0,
        1090.0,
        1091.0,
        1091.0,
        1090.0,
        1090.0,
        1088.0,
        1088.0,
        1083.0,
        1083.0,
        1086.0,
        1088.0,
        1089.0,
        1091.0,
        1092.0,
        1115.0,
        1116.0,
        1120.0,
        1121.0,
        1122.0,
        1125.0,
        1125.0,
        1126.0,
        1126.0,
        1125.0,
        1125.0,
        1123.0,
        1123.0,
        1122.0,
        1121.0,
        1120.0,
        1120.0,
        1117.0,
        1117.0,
        1116.0,
        1116.0,
        1115.0,
        1115.0,
        1114.0,
        1114.0,
        1113.0,
        1113.0,
        1112.0,
        1112.0,
        1111.0,
        1111.0,
        1110.0,
        1110.0,
        1108.0,
        1108.0,
        1107.0,
        1107.0,
        1106.0,
        1106.0,
        1105.0,
        1106.0,
        1106.0,
        1111.0,
        1111.0,
        1113.0,
        1113.0,
        1114.0,
        1114.0,
        1115.0,
        1115.0,
        1116.0,
        1116.0,
        1117.0,
        1117.0,
        1118.0,
        1118.0,
        1124.0,
        1124.0,
        1125.0,
        1125.0,
        1126.0,
        1126.0,
        1127.0,
        1127.0,
        1128.0,
        1128.0,
        1129.0,
        1129.0,
        1130.0,
        1130.0,
        1129.0,
        1129.0,
        1128.0,
        1128.0,
        1127.0,
        1127.0,
        1126.0,
        1126.0,
        1122.0,
        1121.0,
        1116.0,
        1116.0,
        1115.0,
        1115.0,
        1114.0,
        1114.0,
        1113.0,
        1113.0,
        1111.0,
        1111.0,
        1108.0,
        1108.0,
        1106.0,
        1106.0
      ],
      "y": [
        579.0,
        585.0,
        586.0,
        602.0,
        603.0,
        610.0,
        611.0,
        615.0,
        616.0,
        622.0,
        623.0,
        628.0,
        629.0,
        630.0,
        633.0,
        634.0,
        638.0,
        639.0,
        650.0,
        651.0,
        659.0,
        660.0,
        664.0,
        665.0,
        666.0,
        670.0,
        670.0,
        671.0,
        671.0,
        694.0,
        694.0,
        696.0,
        696.0,
        697.0,
        698.0,
        700.0,
        732.0,
        733.0,
        752.0,
        753.0,
        755.0,
        756.0,
        757.0,
        758.0,
        759.0,
        762.0,
        763.0,
        764.0,
        766.0,
        767.0,
        769.0,
        770.0,
        773.0,
        774.0,
        778.0,
        779.0,
        787.0,
        788.0,
        789.0,
        791.0,
        792.0,
        797.0,
        798.0,
        801.0,
        801.0,
        802.0,
        802.0,
        803.0,
        803.0,
        802.0,
        802.0,
        801.0,
        801.0,
        798.0,
        792.0,
        791.0,
        785.0,
        784.0,
        783.0,
        781.0,
        780.0,
        779.0,
        779.0,
        778.0,
        777.0,
        774.0,
        771.0,
        770.0,
        763.0,
        762.0,
        758.0,
        757.0,
        755.0,
        754.0,
        752.0,
        751.0,
        750.0,
        749.0,
        748.0,
        747.0,
        746.0,
        744.0,
        743.0,
        742.0,
        741.0,
        740.0,
        739.0,
        738.0,
        737.0,
        736.0,
        731.0,
        730.0,
        728.0,
        727.0,
        726.0,
        724.0,
        723.0,
        721.0,
        720.0,
        719.0,
        718.0,
        717.0,
        716.0,
        715.0,
        709.0,
        708.0,
        707.0,
        706.0,
        705.0,
        704.0,
        703.0,
        701.0,
        700.0,
        694.0,
        693.0,
        686.0,
        685.0,
        645.0,
        644.0,
        634.0,
        633.0,
        623.0,
        622.0,
        617.0,
        616.0,
        615.0,
        611.0,
        611.0,
        606.0,
        603.0,
        602.0,
        598.0,
        597.0,
        594.0,
        593.0,
        591.0,
        589.0,
        588.0,
        585.0,
        584.0,
        582.0,
        579.0
      ]
    }
  },
  {
    "name": "person",
    "class": 0,
    "confidence": 0.87411,
    "box": {
      "x1": 825.77893,
      "y1": 565.1571,
      "x2": 915.56781,
      "y2": 793.22437
    },
    "track_id": 2,
    "segments": {
      "x": [
        877.0,
        876.0,
        876.0,
        875.0,
        875.0,
        873.0,
        873.0,
        863.0,
        862.0,
        860.0,
        858.0,
        857.0,
        856.0,
        851.0,
        851.0,
        845.0,
        844.0,
        841.0,
        841.0,
        840.0,
        840.0,
        839.0,
        839.0,
        838.0,
        838.0,
        837.0,
        837.0,
        836.0,
        836.0,
        837.0,
        837.0,
        838.0,
        838.0,
        839.0,
        839.0,
        840.0,
        840.0,
        841.0,
        841.0,
        842.0,
        842.0,
        847.0,
        847.0,
        849.0,
        849.0,
        850.0,
        850.0,
        851.0,
        851.0,
        852.0,
        852.0,
        851.0,
        851.0,
        850.0,
        850.0,
        841.0,
        841.0,
        840.0,
        840.0,
        839.0,
        839.0,
        838.0,
        838.0,
        828.0,
        828.0,
        829.0,
        832.0,
        833.0,
        836.0,
        837.0,
        838.0,
        839.0,
        841.0,
        843.0,
        844.0,
        856.0,
        859.0,
        863.0,
        863.0,
        867.0,
        867.0,
        868.0,
        868.0,
        867.0,
        867.0,
        866.0,
        866.0,
        870.0,
        871.0,
        874.0,
        874.0,
        875.0,
        875.0,
        876.0,
        876.0,
        878.0,
        878.0,
        881.0,
        882.0,
        884.0,
        884.0,
        886.0,
        886.0,
        887.0,
        887.0,
        888.0,
        888.0,
        889.0,
        889.0,
        890.0,
        890.0,
        892.0,
        892.0,
        895.0,
        895.0,
        896.0,
        896.0,
        897.0,
        897.0,
        898.0,
        898.0,
        899.0,
        899.0,
        900.0,
        900.0,
        903.0,
        904.0,
        905.0,
        906.0,
        908.0,
        908.0,
        909.0,
        909.0,
        910.0,
        910.0,
        911.0,
        911.0,
        910.0,
        910.0,
        909.0,
        909.0,
        908.0,
        908.0,
        907.0,
        907.0,
        906.0,
        906.0,
        905.0,
        905.0,
        904.0,
        904.0,
        905.0,
        906.0,
        909.0,
        909.0,
        911.0,
        911.0,
        912.0,
        912.0,
        913.0,
        913.0,
        912.0,
        912.0,
        911.0,
        911.0,
        910.0,
        910.0,
        909.0,
        909.0,
        908.0,
        908.0,
        907.0,
        907.0,
        906.0,
        906.0,
        905.0
      ],
      "y": [
        566.0,
        567.0,
        569.0,
        570.0,
        572.0,
        574.0,
        575.0,
        585.0,
        585.0,
        587.0,
        587.0,
        588.0,
        588.0,
        593.0,
        594.0,
        600.0,
        600.0,
        603.0,
        604.0,
        605.0,
        609.0,
        610.0,
        618.0,
        619.0,
        630.0,
        631.0,
        652.0,
        653.0,
        667.0,
        668.0,
        671.0,
        672.0,
        676.0,
        677.0,
        679.0,
        680.0,
        681.0,
        682.0,
        683.0,
        684.0,
        685.0,
        690.0,
        691.0,
        693.0,
        694.0,
        695.0,
        697.0,
        698.0,
        700.0,
        701.0,
        725.0,
        726.0,
        734.0,
        735.0,
        738.0,
        747.0,
        748.0,
        749.0,
        750.0,
        751.0,
        752.0,
        753.0,
        754.0,
        764.0,
        778.0,
        779.0,
        779.0,
        780.0,
        780.0,
        781.0,
        781.0,
        782.0,
        782.0,
        784.0,
        784.0,
        796.0,
        796.0,
        792.0,
        791.0,
        787.0,
        786.0,
        785.0,
        771.0,
        770.0,
        766.0,
        765.0,
        761.0,
        757.0,
        757.0,
        754.0,
        753.0,
        752.0,
        751.0,
        750.0,
        749.0,
        747.0,
        746.0,
        743.0,
        743.0,
        741.0,
        740.0,
        738.0,
        736.0,
        735.0,
        733.0,
        732.0,
        731.0,
        730.0,
        728.0,
        727.0,
        726.0,
        724.0,
        723.0,
        720.0,
        719.0,
        718.0,
        717.0,
        716.0,
        715.0,
        714.0,
        713.0,
        712.0,
        711.0,
        710.0,
        709.0,
        706.0,
        706.0,
        705.0,
        705.0,
        703.0,
        702.0,
        701.0,
        687.0,
        686.0,
        680.0,
        679.0,
        676.0,
        675.0,
        670.0,
        669.0,
        667.0,
        666.0,
        664.0,
        663.0,
        661.0,
        660.0,
        658.0,
        657.0,
        656.0,
        655.0,
        653.0,
        652.0,
        652.0,
        649.0,
        648.0,
        646.0,
        645.0,
        644.0,
        643.0,
        642.0,
        635.0,
        634.0,
        623.0,
        622.0,
        604.0,
        603.0,
        600.0,
        599.0,
        579.0,
        578.0,
        574.0,
        573.0,
        569.0,
        568.0,
        567.0,
        566.0
      ]
    }
  }
]