[
  {
    "name": "person",
    "class": 0,
    "confidence": 0.88212,
    "box": {
      "x1": 1014.66852,
      "y1": 567.3465,
      "x2": 1098.07397,
      "y2": 761.19293
    },
    "track_id": 1,
    "segments": {
      "x": [
        1018.0,
        1018.0,
        1019.0,
        1019.0,
        1020.0,
        1020.0,
        1021.0,
        1021.0,
        1020.0,
        1020.0,
        1019.0,
        1019.0,
        1018.0,
        1018.0,
        1017.0,
        1017.0,
        1016.0,
        1016.0,
        1015.0,
        1015.0,
        1026.0,
        1027.0,
        1029.0,
        1032.0,
        1032.0,
        1033.0,
        1033.0,
        1032.0,
        1032.0,
        1031.0,
        1031.0,
        1030.0,
        1030.0,
        1029.0,
        1029.0,
        1025.0,
        1024.0,
        1021.0,
        1021.0,
        1019.0,
        1019.0,
        1018.0,
        1018.0,
        1017.0,
        1017.0,
        1021.0,
        1022.0,
        1023.0,
        1024.0,
        1025.0,
        1026.0,
        1027.0,
        1028.0,
        1029.0,
        1030.0,
        1031.0,
        1032.0,
        1038.0,
        1039.0,
        1042.0,
        1042.0,
        1044.0,
        1044.0,
        1045.0,
        1045.0,
        1046.0,
        1046.0,
        1048.0,
        1048.0,
        1052.0,
        1052.0,
        1053.0,
        1053.0,
        1054.0,
        1054.0,
        1055.0,
        1055.0,
        1056.0,
        1056.0,
        1057.0,
        1057.0,
        1058.0,
        1058.0,
        1061.0,
        1062.0,
        1065.0,
        1065.0,
        1066.0,
        1066.0,
        1067.0,
        1067.0,
        1068.0,
        1068.0,
        1069.0,
        1069.0,
        1070.0,
        1070.0,
        1071.0,
        1077.0,
        1077.0,
        1081.0,
        1081.0,
        1083.0,
        1084.0,
        1087.0,
        1087.0,
        1088.0,
        1088.0,
        1089.0,
        1089.0,
        1090.0,
        1090.0,
        1091.0,
        1091.0,
        1092.0,
        1092.0,
        1093.0,
        1093.0,
        1094.0,
        1094.0,
        1095.0,
        1095.0,
        1096.0,
        1096.0,
        1097.0,
        1097.0,
        1098.0,
        1098.0,
        1095.0,
        1095.0,
        1093.0,
        1093.0,
        1092.0,
        1092.0,
        1091.0,
        1091.0,
        1090.0,
        1090.0,
        1089.0,
        1089.0,
        1088.0,
        1088.0,
        1085.0,
        1084.0,
        1082.0,
        1082.0,
        1080.0,
        1080.0,
        1079.0,
        1079.0,
        1078.0,
        1078.0,
        1076.0,
        1075.0,
        1074.0,
        1073.0,
        1072.0,
        1071.0,
        1070.0,
        1068.0,
        1066.0,
        1065.0,
        1062.0,
        1061.0,
        1058.0,
        1057.0,
        1055.0,
        1054.0,
        1053.0,
        1052.0,
        1051.0,
        1050.0,
        1045.0,
        1045.0
      ],
      "y": [
        568.0,
        588.0,
        589.0,
        596.0,
        597.0,
        602.0,
        603.0,
        616.0,
        617.0,
        632.0,
        633.0,
        644.0,
        645.0,
        648.0,
        649.0,
        652.0,
        653.0,
        654.0,
        655.0,
        679.0,
        679.0,
        680.0,
        680.0,
        683.0,
        685.0,
        686.0,
        695.0,
        696.0,
        713.0,
        714.0,
        719.0,
        720.0,
        724.0,
        725.0,
        726.0,
        730.0,
        730.0,
        733.0,
        734.0,
        736.0,
        738.0,
        739.0,
        747.0,
        748.0,
        749.0,
        753.0,
        753.0,
        754.0,
        754.0,
        755.0,
        755.0,
        754.0,
        754.0,
        753.0,
        753.0,
        752.0,
        752.0,
        746.0,
        746.0,
        743.0,
        742.0,
        740.0,
        739.0,
        738.0,
        737.0,
        736.0,
        735.0,
        733.0,
        732.0,
        728.0,
        727.0,
        726.0,
        724.0,
        723.0,
        719.0,
        718.0,
        707.0,
        706.0,
        700.0,
        699.0,
        698.0,
        697.0,
        696.0,
        693.0,
        693.0,
        696.0,
        697.0,
        698.0,
        699.0,
        700.0,
        709.0,
        710.0,
        753.0,
        754.0,
        757.0,
        758.0,
        760.0,
        761.0,
        761.0,
        760.0,
        756.0,
        755.0,
        753.0,
        753.0,
        750.0,
        747.0,
        746.0,
        742.0,
        741.0,
        734.0,
        733.0,
        718.0,
        717.0,
        677.0,
        676.0,
        665.0,
        664.0,
        661.0,
        660.0,
        658.0,
        657.0,
        656.0,
        655.0,
        654.0,
        653.0,
        652.0,
        651.0,
        637.0,
        634.0,
        633.0,
        631.0,
        630.0,
        629.0,
        622.0,
        621.0,
        614.0,
        613.0,
        609.0,
        608.0,
        606.0,
        605.0,
        604.0,
        601.0,
        601.0,
        599.0,
        598.0,
        596.0,
        595.0,
        594.0,
        593.0,
        592.0,
        591.0,
        589.0,
        589.0,
        588.0,
        588.0,
        587.0,
        587.0,
        586.0,
        586.0,
        584.0,
        584.0,
        581.0,
        581.0,
        578.0,
        578.0,
        576.0,
        576.0,
        575.0,
        575.0,
        574.0,
        574.0,
        569.0,
        568.0
      ]
    }
  },
  {
    "name": "person",
    "class": 0,
    "confidence": 0.82754,
    "box": {
      "x1": 850.52942,
      "y1": 605.97754,
      "x2": 950.8269,
      "y2": 799.87585
    },
    "track_id": 2,
    "segments": {
      "x": [
        915.0,
        915.0,
        914.0,
        914.0,
        913.0,
        913.0,
        912.0,
        912.0,
        911.0,
        911.0,
        909.0,
        909.0,
        908.0,
        907.0,
        906.0,
        904.0,
        903.0,
        894.0,
        893.0,
        892.0,
        890.0,
        889.0,
        888.0,
        888.0,
        883.0,
        882.0,
        879.0,
        878.0,
        878.0,
        876.0,
        876.0,
        875.0,
        875.0,
        870.0,
        869.0,
        865.0,
        865.0,
        864.0,
        864.0,
        863.0,
        863.0,
        862.0,
        862.0,
        854.0,
        854.0,
        851.0,
        851.0,
        853.0,
        854.0,
        855.0,
        856.0,
        857.0,
        858.0,
        860.0,
        860.0,
        859.0,
        859.0,
        858.0,
        858.0,
        855.0,
        855.0,
        854.0,
        854.0,
        853.0,
        853.0,
        852.0,
        852.0,
        851.0,
        851.0,
        852.0,
        853.0,
        856.0,
        857.0,
        858.0,
        859.0,
        860.0,
        861.0,
        862.0,
        864.0,
        865.0,
        867.0,
        867.0,
        872.0,
        872.0,
        873.0,
        873.0,
        874.0,
        874.0,
        875.0,
        875.0,
        876.0,
        876.0,
        877.0,
        877.0,
        878.0,
        878.0,
        881.0,
        885.0,
        886.0,
        890.0,
        891.0,
        894.0,
        897.0,
        897.0,
        898.0,
        898.0,
        899.0,
        899.0,
        900.0,
        900.0,
        899.0,
        899.0,
        898.0,
        898.0,
        897.0,
        897.0,
        896.0,
        896.0,
        895.0,
        896.0,
        896.0,
        897.0,
        897.0,
        898.0,
        898.0,
        899.0,
        918.0,
        923.0,
        923.0,
        925.0,
        925.0,
        927.0,
        927.0,
        928.0,
        928.0,
        927.0,
        927.0,
        926.0,
        926.0,
        925.0,
        925.0,
        924.0,
        924.0,
        923.0,
        923.0,
        924.0,
        924.0,
        925.0,
        925.0,
        926.0,
        926.0,
        927.0,
        927.0,
        928.0,
        928.0,
        929.0,
        929.0,
        930.0,
        930.0,
        931.0,
        931.0,
        932.0,
        932.0,
        933.0,
        933.0,
        934.0,
        934.0,
        939.0,
        940.0,
        941.0,
        942.0,
        944.0,
        944.0,
        945.0,
        945.0,
        944.0,
        944.0,
        943.0,
        943.0,
        942.0,
        941.0,
        940.0,
        939.0,
        938.0,
        937.0,
        934.0,
        933.0,
        932.0,
        931.0,
        929.0,
        928.0,
        926.0,
        926.0,
        924.0,
        924.0,
        923.0,
        923.0,
        924.0,
        924.0,
        925.0,
        925.0,
        930.0,
        931.0,
        933.0,
        934.0,
        936.0,
        936.0,
        938.0,
        938.0,
        940.0,
        940.0,
        944.0,
        944.0,
        945.0,
        945.0,
        944.0,
        944.0,
        943.0,
        943.0
      ],
      "y": [
        607.0,
        608.0,
        609.0,
        610.0,
        611.0,
        613.0,
        614.0,
        616.0,
        617.0,
        618.0,
        620.0,
        621.0,
        622.0,
        622.0,
        623.0,
        623.0,
        624.0,
        624.0,
        625.0,
        625.0,
        627.0,
        627.0,
        628.0,
        629.0,
        634.0,
        634.0,
        637.0,
        637.0,
        638.0,
        640.0,
        641.0,
        642.0,
        643.0,
        648.0,
        648.0,
        652.0,
        653.0,
        654.0,
        656.0,
        657.0,
        658.0,
        659.0,
        660.0,
        668.0,
        669.0,
        672.0,
        707.0,
        709.0,
        709.0,
        710.0,
        710.0,
        711.0,
        711.0,
        713.0,
        714.0,
        715.0,
        716.0,
        717.0,
        718.0,
        721.0,
        722.0,
        723.0,
        725.0,
        726.0,
        727.0,
        728.0,
        729.0,
        730.0,
        766.0,
        766.0,
        767.0,
        767.0,
        768.0,
        768.0,
        767.0,
        767.0,
        766.0,
        766.0,
        764.0,
        764.0,
        762.0,
        761.0,
        756.0,
        755.0,
        754.0,
        753.0,
        752.0,
        751.0,
        750.0,
        745.0,
        744.0,
        739.0,
        738.0,
        737.0,
        736.0,
        735.0,
        732.0,
        732.0,
        733.0,
        733.0,
        734.0,
        734.0,
        737.0,
        739.0,
        740.0,
        743.0,
        744.0,
        748.0,
        749.0,
        763.0,
        764.0,
        775.0,
        776.0,
        779.0,
        780.0,
        782.0,
        783.0,
        785.0,
        786.0,
        787.0,
        791.0,
        792.0,
        796.0,
        797.0,
        798.0,
        799.0,
        799.0,
        794.0,
        793.0,
        791.0,
        790.0,
        788.0,
        787.0,
        786.0,
        785.0,
        784.0,
        783.0,
        782.0,
        781.0,
        780.0,
        778.0,
        777.0,
        774.0,
        773.0,
        760.0,
        759.0,
        747.0,
        746.0,
        742.0,
        741.0,
        738.0,
        737.0,
        735.0,
        734.0,
        733.0,
        732.0,
        731.0,
        730.0,
        728.0,
        727.0,
        725.0,
        724.0,
        720.0,
        719.0,
        715.0,
        714.0,
        712.0,
        707.0,
        707.0,
        706.0,
        706.0,
        704.0,
        703.0,
        702.0,
        699.0,
        698.0,
        697.0,
        696.0,
        695.0,
        694.0,
        694.0,
        693.0,
        693.0,
        692.0,
        692.0,
        689.0,
        689.0,
        688.0,
        688.0,
        686.0,
        686.0,
        684.0,
        683.0,
        681.0,
        680.0,
        679.0,
        660.0,
        659.0,
        650.0,
        649.0,
        642.0,
        637.0,
        637.0,
        635.0,
        635.0,
        633.0,
        632.0,
        630.0,
        629.0,
        627.0,
        626.0,
        622.0,
        621.0,
        620.0,
        613.0,
        612.0,
        610.0,
        609.0,
        607.0
      ]
    }
  }
]