[
  {
    "name": "person",
    "class": 0,
    "confidence": 0.89105,
    "box": {
      "x1": 1011.04626,
      "y1": 567.39215,
      "x2": 1092.20142,
      "y2": 761.6521
    },
    "track_id": 1,
    "segments": {
      "x": [
        1011.0,
        1011.0,
        1013.0,
        1014.0,
        1017.0,
        1017.0,
        1018.0,
        1018.0,
        1019.0,
        1019.0,
        1018.0,
        1018.0,
        1017.0,
        1017.0,
        1016.0,
        1016.0,
        1015.0,
        1015.0,
        1011.0,
        1011.0,
        1014.0,
        1015.0,
        1016.0,
        1018.0,
        1019.0,
        1020.0,
        1021.0,
        1023.0,
        1024.0,
        1025.0,
        1029.0,
        1029.0,
        1030.0,
        1030.0,
        1031.0,
        1031.0,
        1032.0,
        1032.0,
        1031.0,
        1031.0,
        1030.0,
        1030.0,
        1029.0,
        1029.0,
        1021.0,
        1021.0,
        1020.0,
        1020.0,
        1019.0,
        1019.0,
        1018.0,
        1018.0,
        1022.0,
        1023.0,
        1024.0,
        1028.0,
        1029.0,
        1030.0,
        1032.0,
        1033.0,
        1039.0,
        1040.0,
        1041.0,
        1041.0,
        1044.0,
        1044.0,
        1045.0,
        1045.0,
        1046.0,
        1046.0,
        1047.0,
        1047.0,
        1048.0,
        1048.0,
        1050.0,
        1050.0,
        1052.0,
        1052.0,
        1053.0,
        1053.0,
        1054.0,
        1054.0,
        1055.0,
        1055.0,
        1056.0,
        1056.0,
        1057.0,
        1057.0,
        1059.0,
        1059.0,
        1061.0,
        1062.0,
        1064.0,
        1064.0,
        1066.0,
        1066.0,
        1067.0,
        1067.0,
        1068.0,
        1068.0,
        1067.0,
        1067.0,
        1068.0,
        1068.0,
        1069.0,
        1069.0,
        1070.0,
        1070.0,
        1071.0,
        1071.0,
        1076.0,
        1084.0,
        1085.0,
        1088.0,
        1088.0,
        1089.0,
        1089.0,
        1090.0,
        1090.0,
        1091.0,
        1091.0,
        1092.0,
        1092.0,
        1091.0,
        1091.0,
        1090.0,
        1090.0,
        1089.0,
        1089.0,
        1088.0,
        1088.0,
        1082.0,
        1082.0,
        1081.0,
        1081.0,
        1080.0,
        1080.0,
        1079.0,
        1079.0,
        1078.0,
        1078.0,
        1077.0,
        1077.0,
        1076.0,
        1076.0,
        1068.0,
        1067.0,
        1065.0,
        1064.0,
        1063.0,
        1062.0,
        1061.0,
        1060.0,
        1051.0,
        1050.0,
        1049.0,
        1048.0,
        1045.0,
        1044.0,
        1043.0,
        1043.0,
        1041.0,
        1041.0
      ],
      "y": [
        568.0,
        598.0,
        600.0,
        600.0,
        603.0,
        604.0,
        605.0,
        608.0,
        609.0,
        627.0,
        628.0,
        632.0,
        633.0,
        635.0,
        636.0,
        638.0,
        639.0,
        640.0,
        644.0,
        678.0,
        678.0,
        677.0,
        677.0,
        675.0,
        675.0,
        674.0,
        674.0,
        672.0,
        672.0,
        671.0,
        675.0,
        676.0,
        677.0,
        680.0,
        681.0,
        686.0,
        687.0,
        705.0,
        706.0,
        718.0,
        719.0,
        724.0,
        725.0,
        726.0,
        734.0,
        735.0,
        736.0,
        737.0,
        738.0,
        747.0,
        748.0,
        749.0,
        753.0,
        753.0,
        754.0,
        754.0,
        753.0,
        753.0,
        751.0,
        751.0,
        745.0,
        745.0,
        744.0,
        743.0,
        740.0,
        739.0,
        738.0,
        736.0,
        735.0,
        734.0,
        733.0,
        732.0,
        731.0,
        730.0,
        728.0,
        727.0,
        725.0,
        723.0,
        722.0,
        721.0,
        720.0,
        717.0,
        716.0,
        712.0,
        711.0,
        706.0,
        705.0,
        701.0,
        699.0,
        698.0,
        696.0,
        696.0,
        698.0,
        699.0,
        701.0,
        706.0,
        707.0,
        724.0,
        725.0,
        728.0,
        729.0,
        741.0,
        742.0,
        753.0,
        754.0,
        756.0,
        757.0,
        759.0,
        760.0,
        761.0,
        761.0,
        753.0,
        753.0,
        750.0,
        742.0,
        741.0,
        685.0,
        684.0,
        673.0,
        672.0,
        649.0,
        648.0,
        640.0,
        639.0,
        630.0,
        629.0,
        628.0,
        627.0,
        626.0,
        625.0,
        624.0,
        618.0,
        617.0,
        616.0,
        613.0,
        612.0,
        608.0,
        607.0,
        604.0,
        603.0,
        602.0,
        601.0,
        600.0,
        599.0,
        598.0,
        590.0,
        590.0,
        588.0,
        588.0,
        587.0,
        587.0,
        586.0,
        586.0,
        577.0,
        577.0,
        576.0,
        576.0,
        573.0,
        573.0,
        572.0,
        571.0,
        569.0,
        568.0
      ]
    }
  },
  {
    "name": "person",
    "class": 0,
    "confidence": 0.813,
    "box": {
      "x1": 846.29645,
      "y1": 630.80298,
      "x2": 952.40479,
      "y2": 800.60571
    },
    "track_id": 2,
    "segments": {
      "x": [
        901.0,
        901.0,
        900.0,
        900.0,
        899.0,
        899.0,
        898.0,
        898.0,
        897.0,
        897.0,
        895.0,
        894.0,
        893.0,
        891.0,
        890.0,
        885.0,
        884.0,
        881.0,
        880.0,
        879.0,
        877.0,
        877.0,
        875.0,
        875.0,
        871.0,
        870.0,
        868.0,
        867.0,
        865.0,
        865.0,
        863.0,
        863.0,
        862.0,
        862.0,
        858.0,
        857.0,
        851.0,
        851.0,
        848.0,
        847.0,
        847.0,
        848.0,
        848.0,
        850.0,
        850.0,
        852.0,
        852.0,
        853.0,
        853.0,
        852.0,
        852.0,
        851.0,
        851.0,
        850.0,
        850.0,
        849.0,
        849.0,
        850.0,
        850.0,
        854.0,
        855.0,
        856.0,
        859.0,
        860.0,
        861.0,
        862.0,
        863.0,
        865.0,
        866.0,
        872.0,
        872.0,
        873.0,
        873.0,
        874.0,
        874.0,
        875.0,
        875.0,
        876.0,
        876.0,
        877.0,
        877.0,
        881.0,
        883.0,
        884.0,
        885.0,
        886.0,
        887.0,
        888.0,
        889.0,
        890.0,
        891.0,
        894.0,
        894.0,
        895.0,
        895.0,
        896.0,
        896.0,
        897.0,
        897.0,
        898.0,
        898.0,
        899.0,
        899.0,
        898.0,
        898.0,
        897.0,
        897.0,
        896.0,
        896.0,
        895.0,
        895.0,
        896.0,
        898.0,
        921.0,
        924.0,
        924.0,
        926.0,
        926.0,
        928.0,
        928.0,
        930.0,
        930.0,
        931.0,
        931.0,
        930.0,
        930.0,
        929.0,
        929.0,
        927.0,
        927.0,
        926.0,
        926.0,
        925.0,
        925.0,
        926.0,
        926.0,
        927.0,
        927.0,
        928.0,
        928.0,
        929.0,
        929.0,
        930.0,
        930.0,
        931.0,
        931.0,
        932.0,
        932.0,
        933.0,
        933.0,
        934.0,
        934.0,
        935.0,
        935.0,
        936.0,
        936.0,
        937.0,
        937.0,
        938.0,
        938.0,
        941.0,
        941.0,
        943.0,
        943.0,
        944.0,
        944.0,
        945.0,
        945.0,
        946.0,
        946.0,
        950.0,
        949.0,
        949.0,
        948.0,
        948.0,
        947.0,
        946.0,
        945.0,
        944.0,
        943.0,
        942.0,
        941.0,
        936.0,
        935.0,
        933.0,
        932.0,
        931.0,
        928.0,
        928.0,
        927.0,
        927.0,
        928.0,
        928.0,
        929.0,
        929.0,
        931.0,
        931.0,
        932.0,
        932.0,
        933.0,
        933.0,
        932.0,
        932.0,
        931.0,
        931.0
      ],
      "y": [
        631.0,
        632.0,
        633.0,
        636.0,
        637.0,
        639.0,
        640.0,
        641.0,
        642.0,
        643.0,
        645.0,
        645.0,
        646.0,
        646.0,
        647.0,
        647.0,
        648.0,
        648.0,
        649.0,
        649.0,
        651.0,
        652.0,
        654.0,
        655.0,
        659.0,
        659.0,
        661.0,
        661.0,
        663.0,
        664.0,
        666.0,
        667.0,
        668.0,
        669.0,
        673.0,
        673.0,
        679.0,
        680.0,
        683.0,
        683.0,
        716.0,
        717.0,
        718.0,
        720.0,
        721.0,
        723.0,
        724.0,
        725.0,
        728.0,
        729.0,
        733.0,
        734.0,
        739.0,
        740.0,
        746.0,
        747.0,
        758.0,
        759.0,
        762.0,
        766.0,
        766.0,
        767.0,
        767.0,
        766.0,
        766.0,
        765.0,
        765.0,
        763.0,
        763.0,
        757.0,
        756.0,
        755.0,
        754.0,
        753.0,
        752.0,
        751.0,
        746.0,
        745.0,
        738.0,
        737.0,
        736.0,
        732.0,
        732.0,
        733.0,
        733.0,
        734.0,
        734.0,
        735.0,
        735.0,
        736.0,
        736.0,
        739.0,
        740.0,
        741.0,
        742.0,
        743.0,
        744.0,
        745.0,
        747.0,
        748.0,
        752.0,
        753.0,
        778.0,
        779.0,
        783.0,
        784.0,
        788.0,
        789.0,
        794.0,
        795.0,
        798.0,
        798.0,
        800.0,
        800.0,
        797.0,
        796.0,
        794.0,
        793.0,
        791.0,
        790.0,
        788.0,
        787.0,
        786.0,
        785.0,
        784.0,
        783.0,
        782.0,
        781.0,
        779.0,
        778.0,
        777.0,
        775.0,
        774.0,
        771.0,
        770.0,
        765.0,
        764.0,
        761.0,
        760.0,
        759.0,
        758.0,
        757.0,
        756.0,
        755.0,
        754.0,
        753.0,
        752.0,
        749.0,
        748.0,
        743.0,
        742.0,
        736.0,
        735.0,
        732.0,
        731.0,
        728.0,
        727.0,
        726.0,
        725.0,
        723.0,
        720.0,
        719.0,
        717.0,
        716.0,
        715.0,
        713.0,
        712.0,
        708.0,
        707.0,
        705.0,
        701.0,
        700.0,
        695.0,
        694.0,
        690.0,
        689.0,
        689.0,
        688.0,
        688.0,
        687.0,
        687.0,
        686.0,
        686.0,
        685.0,
        685.0,
        684.0,
        684.0,
        681.0,
        679.0,
        678.0,
        653.0,
        652.0,
        651.0,
        650.0,
        649.0,
        647.0,
        646.0,
        645.0,
        643.0,
        642.0,
        639.0,
        638.0,
        633.0,
        632.0,
        631.0
      ]
    }
  }
]