[
  {
    "name": "person",
    "class": 0,
    "confidence": 0.8972,
    "box": {
      "x1": 1018.14447,
      "y1": 555.95917,
      "x2": 1110.30481,
      "y2": 752.48383
    },
    "track_id": 1,
    "segments": {
      "x": [
        1055.0,
        1055.0,
        1054.0,
        1054.0,
        1053.0,
        1053.0,
        1051.0,
        1051.0,
        1047.0,
        1047.0,
        1046.0,
        1046.0,
        1045.0,
        1045.0,
        1044.0,
        1044.0,
        1043.0,
        1043.0,
        1042.0,
        1042.0,
        1041.0,
        1041.0,
        1038.0,
        1037.0,
        1036.0,
        1036.0,
        1034.0,
        1034.0,
        1033.0,
        1033.0,
        1032.0,
        1032.0,
        1031.0,
        1031.0,
        1030.0,
        1030.0,
        1031.0,
        1031.0,
        1040.0,
        1040.0,
        1039.0,
        1039.0,
        1038.0,
        1038.0,
        1037.0,
        1037.0,
        1036.0,
        1036.0,
        1035.0,
        1035.0,
        1034.0,
        1034.0,
        1033.0,
        1033.0,
        1032.0,
        1032.0,
        1031.0,
        1031.0,
        1030.0,
        1030.0,
        1029.0,
        1029.0,
        1025.0,
        1024.0,
        1022.0,
        1021.0,
        1020.0,
        1020.0,
        1018.0,
        1018.0,
        1031.0,
        1037.0,
        1038.0,
        1043.0,
        1043.0,
        1045.0,
        1045.0,
        1046.0,
        1046.0,
        1051.0,
        1051.0,
        1053.0,
        1053.0,
        1054.0,
        1054.0,
        1055.0,
        1055.0,
        1056.0,
        1056.0,
        1058.0,
        1058.0,
        1061.0,
        1062.0,
        1065.0,
        1065.0,
        1067.0,
        1067.0,
        1068.0,
        1068.0,
        1069.0,
        1069.0,
        1074.0,
        1086.0,
        1087.0,
        1088.0,
        1091.0,
        1091.0,
        1092.0,
        1092.0,
        1091.0,
        1091.0,
        1092.0,
        1092.0,
        1093.0,
        1093.0,
        1095.0,
        1095.0,
        1096.0,
        1097.0,
        1100.0,
        1100.0,
        1101.0,
        1101.0,
        1102.0,
        1102.0,
        1103.0,
        1103.0,
        1104.0,
        1104.0,
        1105.0,
        1105.0,
        1106.0,
        1106.0,
        1107.0,
        1107.0,
        1108.0,
        1108.0,
        1110.0,
        1110.0,
        1107.0,
        1107.0,
        1106.0,
        1106.0,
        1105.0,
        1105.0,
        1104.0,
        1104.0,
        1103.0,
        1103.0,
        1102.0,
        1102.0,
        1099.0,
        1098.0,
        1093.0,
        1093.0,
        1092.0,
        1092.0,
        1090.0,
        1090.0,
        1089.0,
        1089.0,
        1084.0,
        1084.0,
        1083.0,
        1083.0,
        1082.0,
        1082.0
      ],
      "y": [
        557.0,
        561.0,
        562.0,
        569.0,
        570.0,
        571.0,
        573.0,
        574.0,
        578.0,
        579.0,
        580.0,
        581.0,
        582.0,
        587.0,
        588.0,
        595.0,
        596.0,
        603.0,
        604.0,
        606.0,
        607.0,
        608.0,
        611.0,
        611.0,
        612.0,
        613.0,
        615.0,
        616.0,
        617.0,
        621.0,
        622.0,
        638.0,
        639.0,
        650.0,
        651.0,
        654.0,
        655.0,
        656.0,
        665.0,
        669.0,
        670.0,
        673.0,
        674.0,
        676.0,
        677.0,
        679.0,
        680.0,
        682.0,
        683.0,
        686.0,
        687.0,
        690.0,
        691.0,
        697.0,
        698.0,
        710.0,
        711.0,
        718.0,
        719.0,
        724.0,
        725.0,
        726.0,
        730.0,
        730.0,
        732.0,
        732.0,
        733.0,
        734.0,
        736.0,
        752.0,
        752.0,
        746.0,
        746.0,
        741.0,
        740.0,
        738.0,
        737.0,
        736.0,
        735.0,
        730.0,
        729.0,
        727.0,
        725.0,
        724.0,
        719.0,
        718.0,
        709.0,
        708.0,
        701.0,
        699.0,
        698.0,
        695.0,
        695.0,
        698.0,
        699.0,
        701.0,
        706.0,
        707.0,
        717.0,
        718.0,
        738.0,
        743.0,
        743.0,
        742.0,
        742.0,
        739.0,
        735.0,
        734.0,
        725.0,
        724.0,
        686.0,
        685.0,
        677.0,
        676.0,
        675.0,
        673.0,
        672.0,
        671.0,
        671.0,
        668.0,
        667.0,
        666.0,
        665.0,
        664.0,
        660.0,
        659.0,
        653.0,
        652.0,
        649.0,
        648.0,
        645.0,
        644.0,
        643.0,
        642.0,
        641.0,
        640.0,
        639.0,
        637.0,
        605.0,
        602.0,
        601.0,
        600.0,
        599.0,
        598.0,
        597.0,
        596.0,
        594.0,
        593.0,
        592.0,
        591.0,
        590.0,
        587.0,
        587.0,
        582.0,
        581.0,
        580.0,
        579.0,
        577.0,
        576.0,
        575.0,
        574.0,
        569.0,
        566.0,
        565.0,
        562.0,
        561.0,
        557.0
      ]
    }
  },
  {
    "name": "person",
    "class": 0,
    "confidence": 0.85377,
    "box": {
      "x1": 845.13434,
      "y1": 580.52356,
      "x2": 928.3493,
      "y2": 802.78143
    },
    "track_id": 2,
    "segments": {
      "x": [
        898.0,
        898.0,
        897.0,
        897.0,
        896.0,
        896.0,
        893.0,
        892.0,
        891.0,
        890.0,
        889.0,
        887.0,
        886.0,
        883.0,
        882.0,
        879.0,
        878.0,
        876.0,
        875.0,
        874.0,
        872.0,
        871.0,
        867.0,
        867.0,
        866.0,
        866.0,
        865.0,
        865.0,
        864.0,
        864.0,
        863.0,
        863.0,
        862.0,
        862.0,
        861.0,
        861.0,
        856.0,
        856.0,
        854.0,
        854.0,
        853.0,
        853.0,
        852.0,
        852.0,
        851.0,
        851.0,
        850.0,
        850.0,
        849.0,
        849.0,
        848.0,
        848.0,
        847.0,
        847.0,
        845.0,
        845.0,
        847.0,
        847.0,
        848.0,
        848.0,
        849.0,
        848.0,
        848.0,
        847.0,
        847.0,
        848.0,
        848.0,
        849.0,
        849.0,
        855.0,
        856.0,
        857.0,
        859.0,
        860.0,
        862.0,
        863.0,
        864.0,
        866.0,
        867.0,
        868.0,
        868.0,
        869.0,
        871.0,
        871.0,
        872.0,
        872.0,
        873.0,
        873.0,
        874.0,
        874.0,
        875.0,
        875.0,
        876.0,
        876.0,
        877.0,
        877.0,
        878.0,
        878.0,
        879.0,
        880.0,
        881.0,
        896.0,
        897.0,
        900.0,
        901.0,
        902.0,
        903.0,
        905.0,
        907.0,
        907.0,
        908.0,
        908.0,
        909.0,
        909.0,
        910.0,
        910.0,
        911.0,
        910.0,
        910.0,
        900.0,
        900.0,
        899.0,
        899.0,
        900.0,
        900.0,
        901.0,
        901.0,
        900.0,
        900.0,
        899.0,
        899.0,
        898.0,
        898.0,
        899.0,
        899.0,
        901.0,
        901.0,
        903.0,
        903.0,
        906.0,
        907.0,
        907.0,
        909.0,
        909.0,
        910.0,
        910.0,
        911.0,
        911.0,
        912.0,
        912.0,
        913.0,
        913.0,
        914.0,
        914.0,
        915.0,
        915.0,
        918.0,
        919.0,
        921.0,
        921.0,
        924.0,
        924.0,
        925.0,
        925.0,
        926.0,
        926.0,
        928.0,
        928.0,
        927.0,
        927.0,
        926.0
      ],
      "y": [
        582.0,
        585.0,
        586.0,
        590.0,
        591.0,
        593.0,
        596.0,
        596.0,
        597.0,
        597.0,
        598.0,
        598.0,
        599.0,
        599.0,
        600.0,
        600.0,
        601.0,
        601.0,
        602.0,
        602.0,
        604.0,
        604.0,
        608.0,
        609.0,
        610.0,
        611.0,
        612.0,
        613.0,
        614.0,
        615.0,
        616.0,
        618.0,
        619.0,
        620.0,
        621.0,
        622.0,
        627.0,
        628.0,
        630.0,
        632.0,
        633.0,
        635.0,
        636.0,
        638.0,
        639.0,
        642.0,
        643.0,
        646.0,
        647.0,
        649.0,
        650.0,
        651.0,
        652.0,
        653.0,
        655.0,
        700.0,
        702.0,
        706.0,
        707.0,
        713.0,
        714.0,
        715.0,
        732.0,
        733.0,
        752.0,
        753.0,
        758.0,
        759.0,
        762.0,
        768.0,
        768.0,
        769.0,
        769.0,
        768.0,
        768.0,
        767.0,
        767.0,
        765.0,
        765.0,
        764.0,
        763.0,
        762.0,
        764.0,
        765.0,
        766.0,
        767.0,
        768.0,
        771.0,
        772.0,
        779.0,
        780.0,
        790.0,
        791.0,
        796.0,
        797.0,
        798.0,
        799.0,
        800.0,
        801.0,
        801.0,
        802.0,
        802.0,
        801.0,
        801.0,
        800.0,
        800.0,
        799.0,
        799.0,
        797.0,
        796.0,
        795.0,
        794.0,
        793.0,
        791.0,
        790.0,
        787.0,
        786.0,
        785.0,
        784.0,
        774.0,
        767.0,
        766.0,
        742.0,
        741.0,
        730.0,
        729.0,
        699.0,
        698.0,
        693.0,
        692.0,
        685.0,
        684.0,
        671.0,
        670.0,
        665.0,
        663.0,
        662.0,
        660.0,
        659.0,
        656.0,
        656.0,
        655.0,
        653.0,
        652.0,
        651.0,
        649.0,
        648.0,
        645.0,
        644.0,
        636.0,
        635.0,
        626.0,
        625.0,
        620.0,
        619.0,
        617.0,
        614.0,
        614.0,
        612.0,
        611.0,
        608.0,
        607.0,
        606.0,
        604.0,
        603.0,
        602.0,
        600.0,
        585.0,
        584.0,
        583.0,
        582.0
      ]
    }
  }
]