[
  {
    "name": "person",
    "class": 0,
    "confidence": 0.87763,
    "box": {
      "x1": 1035.43335,
      "y1": 579.84985,
      "x2": 1111.81177,
      "y2": 781.61493
    },
    "track_id": 1,
    "segments": {
      "x": [
        1051.0,
        1050.0,
        1050.0,
        1048.0,
        1048.0,
        1047.0,
        1047.0,
        1046.0,
        1046.0,
        1045.0,
        1045.0,
        1046.0,
        1046.0,
        1047.0,
        1047.0,
        1048.0,
        1048.0,
        1049.0,
        1049.0,
        1050.0,
        1050.0,
        1053.0,
        1053.0,
        1055.0,
        1055.0,
        1057.0,
        1057.0,
        1058.0,
        1058.0,
        1059.0,
        1059.0,
        1060.0,
        1060.0,
        1061.0,
        1061.0,
        1062.0,
        1062.0,
        1060.0,
        1060.0,
        1059.0,
        1059.0,
        1058.0,
        1058.0,
        1057.0,
        1057.0,
        1056.0,
        1056.0,
        1055.0,
        1055.0,
        1054.0,
        1054.0,
        1053.0,
        1053.0,
        1049.0,
        1048.0,
        1048.0,
        1045.0,
        1045.0,
        1044.0,
        1044.0,
        1043.0,
        1043.0,
        1042.0,
        1042.0,
        1043.0,
        1043.0,
        1044.0,
        1044.0,
        1045.0,
        1045.0,
        1047.0,
        1048.0,
        1054.0,
        1054.0,
        1055.0,
        1055.0,
        1054.0,
        1054.0,
        1055.0,
        1055.0,
        1054.0,
        1054.0,
        1050.0,
        1048.0,
        1047.0,
        1045.0,
        1044.0,
        1041.0,
        1040.0,
        1037.0,
        1037.0,
        1040.0,
        1041.0,
        1048.0,
        1049.0,
        1061.0,
        1062.0,
        1066.0,
        1067.0,
        1072.0,
        1073.0,
        1075.0,
        1077.0,
        1078.0,
        1085.0,
        1086.0,
        1088.0,
        1089.0,
        1092.0,
        1093.0,
        1095.0,
        1096.0,
        1097.0,
        1098.0,
        1101.0,
        1101.0,
        1102.0,
        1102.0,
        1103.0,
        1103.0,
        1102.0,
        1102.0,
        1101.0,
        1101.0,
        1100.0,
        1100.0,
        1099.0,
        1099.0,
        1094.0,
        1094.0,
        1093.0,
        1093.0,
        1092.0,
        1092.0,
        1091.0,
        1091.0,
        1090.0,
        1090.0,
        1091.0,
        1091.0,
        1092.0,
        1092.0,
        1093.0,
        1093.0,
        1096.0,
        1097.0,
        1099.0,
        1100.0,
        1101.0,
        1101.0,
        1103.0,
        1103.0,
        1104.0,
        1104.0,
        1105.0,
        1105.0,
        1111.0,
        1111.0,
        1110.0,
        1110.0,
        1108.0,
        1108.0,
        1107.0,
        1107.0,
        1106.0,
        1106.0,
        1105.0,
        1105.0,
        1104.0,
        1104.0,
        1103.0,
        1103.0,
        1102.0,
        1102.0,
        1101.0,
        1101.0,
        1093.0,
        1093.0,
        1087.0,
        1086.0,
        1083.0,
        1083.0,
        1082.0,
        1082.0,
        1081.0,
        1081.0,
        1080.0,
        1080.0
      ],
      "y": [
        581.0,
        582.0,
        583.0,
        585.0,
        586.0,
        587.0,
        589.0,
        590.0,
        592.0,
        593.0,
        594.0,
        595.0,
        597.0,
        598.0,
        600.0,
        601.0,
        602.0,
        603.0,
        604.0,
        605.0,
        606.0,
        609.0,
        610.0,
        612.0,
        613.0,
        615.0,
        616.0,
        617.0,
        620.0,
        621.0,
        623.0,
        624.0,
        626.0,
        627.0,
        628.0,
        629.0,
        630.0,
        632.0,
        633.0,
        634.0,
        635.0,
        636.0,
        638.0,
        639.0,
        642.0,
        643.0,
        645.0,
        646.0,
        649.0,
        650.0,
        651.0,
        652.0,
        654.0,
        658.0,
        658.0,
        659.0,
        662.0,
        663.0,
        664.0,
        667.0,
        668.0,
        675.0,
        676.0,
        678.0,
        679.0,
        683.0,
        684.0,
        687.0,
        688.0,
        690.0,
        692.0,
        692.0,
        698.0,
        699.0,
        700.0,
        719.0,
        720.0,
        745.0,
        746.0,
        754.0,
        755.0,
        762.0,
        766.0,
        766.0,
        767.0,
        767.0,
        768.0,
        768.0,
        769.0,
        769.0,
        779.0,
        779.0,
        780.0,
        780.0,
        781.0,
        781.0,
        780.0,
        780.0,
        779.0,
        779.0,
        778.0,
        778.0,
        776.0,
        776.0,
        769.0,
        769.0,
        771.0,
        771.0,
        774.0,
        774.0,
        776.0,
        776.0,
        777.0,
        777.0,
        774.0,
        773.0,
        772.0,
        768.0,
        767.0,
        758.0,
        757.0,
        755.0,
        754.0,
        752.0,
        751.0,
        750.0,
        749.0,
        748.0,
        743.0,
        742.0,
        741.0,
        740.0,
        739.0,
        737.0,
        736.0,
        729.0,
        728.0,
        723.0,
        722.0,
        715.0,
        714.0,
        713.0,
        712.0,
        711.0,
        708.0,
        708.0,
        706.0,
        706.0,
        705.0,
        704.0,
        702.0,
        701.0,
        700.0,
        699.0,
        698.0,
        697.0,
        691.0,
        634.0,
        633.0,
        632.0,
        630.0,
        629.0,
        628.0,
        627.0,
        626.0,
        625.0,
        624.0,
        622.0,
        621.0,
        618.0,
        617.0,
        616.0,
        615.0,
        614.0,
        613.0,
        612.0,
        604.0,
        603.0,
        597.0,
        597.0,
        594.0,
        593.0,
        592.0,
        588.0,
        587.0,
        583.0,
        582.0,
        581.0
      ]
    }
  },
  {
    "name": "person",
    "class": 0,
    "confidence": 0.79319,
    "box": {
      "x1": 850.48737,
      "y1": 575.54883,
      "x2": 932.6889,
      "y2": 799.29626
    },
    "track_id": 2,
    "segments": {
      "x": [
        886.0,
        886.0,
        885.0,
        885.0,
        880.0,
        880.0,
        878.0,
        878.0,
        877.0,
        877.0,
        876.0,
        876.0,
        875.0,
        875.0,
        874.0,
        874.0,
        873.0,
        873.0,
        869.0,
        868.0,
        861.0,
        861.0,
        855.0,
        855.0,
        853.0,
        853.0,
        852.0,
        852.0,
        851.0,
        851.0,
        852.0,
        855.0,
        856.0,
        858.0,
        859.0,
        859.0,
        861.0,
        861.0,
        862.0,
        862.0,
        863.0,
        863.0,
        862.0,
        862.0,
        861.0,
        861.0,
        860.0,
        860.0,
        859.0,
        859.0,
        854.0,
        854.0,
        852.0,
        852.0,
        851.0,
        851.0,
        853.0,
        854.0,
        855.0,
        856.0,
        857.0,
        858.0,
        859.0,
        860.0,
        861.0,
        862.0,
        864.0,
        865.0,
        866.0,
        867.0,
        869.0,
        870.0,
        874.0,
        874.0,
        875.0,
        875.0,
        876.0,
        876.0,
        877.0,
        877.0,
        879.0,
        879.0,
        880.0,
        882.0,
        886.0,
        886.0,
        887.0,
        887.0,
        888.0,
        888.0,
        889.0,
        889.0,
        890.0,
        890.0,
        891.0,
        891.0,
        893.0,
        893.0,
        894.0,
        896.0,
        897.0,
        900.0,
        921.0,
        923.0,
        923.0,
        925.0,
        925.0,
        927.0,
        927.0,
        929.0,
        929.0,
        922.0,
        922.0,
        920.0,
        920.0,
        918.0,
        918.0,
        915.0,
        915.0,
        913.0,
        913.0,
        912.0,
        912.0,
        911.0,
        911.0,
        912.0,
        912.0,
        911.0,
        911.0,
        910.0,
        910.0,
        909.0,
        909.0,
        908.0,
        908.0,
        907.0,
        907.0,
        905.0,
        905.0,
        904.0,
        904.0,
        903.0,
        903.0,
        902.0,
        902.0,
        901.0,
        906.0,
        910.0,
        911.0,
        913.0,
        914.0,
        915.0,
        919.0,
        919.0,
        916.0,
        915.0,
        913.0,
        912.0,
        910.0,
        909.0,
        907.0,
        906.0,
        904.0,
        904.0,
        898.0,
        898.0,
        894.0,
        894.0,
        893.0,
        893.0,
        892.0,
        892.0,
        893.0,
        893.0,
        895.0,
        895.0,
        896.0,
        896.0,
        897.0,
        897.0,
        898.0,
        898.0,
        903.0,
        904.0,
        905.0,
        906.0,
        907.0,
        908.0,
        912.0,
        912.0,
        913.0,
        913.0,
        912.0,
        912.0,
        911.0
      ],
      "y": [
        576.0,
        581.0,
        582.0,
        583.0,
        588.0,
        589.0,
        591.0,
        592.0,
        593.0,
        595.0,
        596.0,
        598.0,
        599.0,
        601.0,
        602.0,
        603.0,
        604.0,
        605.0,
        609.0,
        609.0,
        616.0,
        617.0,
        623.0,
        624.0,
        626.0,
        627.0,
        628.0,
        635.0,
        636.0,
        702.0,
        703.0,
        703.0,
        704.0,
        704.0,
        705.0,
        706.0,
        708.0,
        709.0,
        710.0,
        711.0,
        712.0,
        716.0,
        717.0,
        719.0,
        720.0,
        721.0,
        722.0,
        723.0,
        724.0,
        725.0,
        730.0,
        731.0,
        733.0,
        734.0,
        735.0,
        755.0,
        757.0,
        757.0,
        758.0,
        758.0,
        759.0,
        759.0,
        758.0,
        758.0,
        757.0,
        757.0,
        755.0,
        755.0,
        754.0,
        754.0,
        752.0,
        752.0,
        748.0,
        746.0,
        745.0,
        743.0,
        742.0,
        740.0,
        739.0,
        737.0,
        735.0,
        734.0,
        733.0,
        733.0,
        737.0,
        746.0,
        747.0,
        755.0,
        756.0,
        773.0,
        774.0,
        786.0,
        787.0,
        788.0,
        789.0,
        790.0,
        792.0,
        793.0,
        793.0,
        795.0,
        795.0,
        798.0,
        798.0,
        796.0,
        795.0,
        793.0,
        792.0,
        790.0,
        789.0,
        787.0,
        785.0,
        778.0,
        777.0,
        775.0,
        774.0,
        772.0,
        771.0,
        768.0,
        767.0,
        765.0,
        763.0,
        762.0,
        748.0,
        747.0,
        734.0,
        733.0,
        722.0,
        721.0,
        718.0,
        717.0,
        716.0,
        715.0,
        714.0,
        713.0,
        712.0,
        711.0,
        710.0,
        708.0,
        707.0,
        706.0,
        703.0,
        702.0,
        692.0,
        691.0,
        679.0,
        678.0,
        673.0,
        673.0,
        672.0,
        672.0,
        671.0,
        671.0,
        667.0,
        665.0,
        662.0,
        662.0,
        660.0,
        660.0,
        658.0,
        658.0,
        656.0,
        656.0,
        654.0,
        653.0,
        647.0,
        646.0,
        642.0,
        641.0,
        640.0,
        632.0,
        631.0,
        630.0,
        629.0,
        628.0,
        626.0,
        625.0,
        624.0,
        623.0,
        622.0,
        620.0,
        619.0,
        618.0,
        613.0,
        613.0,
        612.0,
        612.0,
        611.0,
        611.0,
        607.0,
        604.0,
        603.0,
        587.0,
        586.0,
        577.0,
        576.0
      ]
    }
  }
]