[
  {
    "name": "person",
    "class": 0,
    "confidence": 0.89049,
    "box": {
      "x1": 1004.93799,
      "y1": 566.04553,
      "x2": 1085.02295,
      "y2": 760.94702
    },
    "track_id": 1,
    "segments": {
      "x": [
        1005.0,
        1005.0,
        1006.0,
        1006.0,
        1007.0,
        1007.0,
        1008.0,
        1008.0,
        1009.0,
        1009.0,
        1010.0,
        1010.0,
        1009.0,
        1009.0,
        1008.0,
        1008.0,
        1007.0,
        1007.0,
        1006.0,
        1006.0,
        1005.0,
        1005.0,
        1007.0,
        1008.0,
        1014.0,
        1015.0,
        1016.0,
        1017.0,
        1018.0,
        1021.0,
        1021.0,
        1022.0,
        1022.0,
        1023.0,
        1023.0,
        1024.0,
        1024.0,
        1025.0,
        1026.0,
        1027.0,
        1027.0,
        1028.0,
        1028.0,
        1029.0,
        1029.0,
        1030.0,
        1030.0,
        1031.0,
        1031.0,
        1030.0,
        1030.0,
        1029.0,
        1029.0,
        1027.0,
        1026.0,
        1021.0,
        1021.0,
        1020.0,
        1020.0,
        1024.0,
        1027.0,
        1028.0,
        1029.0,
        1030.0,
        1031.0,
        1038.0,
        1039.0,
        1043.0,
        1043.0,
        1045.0,
        1045.0,
        1046.0,
        1046.0,
        1047.0,
        1047.0,
        1048.0,
        1048.0,
        1049.0,
        1049.0,
        1061.0,
        1062.0,
        1063.0,
        1063.0,
        1064.0,
        1064.0,
        1065.0,
        1065.0,
        1066.0,
        1066.0,
        1067.0,
        1067.0,
        1068.0,
        1068.0,
        1069.0,
        1069.0,
        1070.0,
        1070.0,
        1074.0,
        1077.0,
        1078.0,
        1080.0,
        1081.0,
        1084.0,
        1085.0,
        1085.0,
        1084.0,
        1084.0,
        1083.0,
        1083.0,
        1082.0,
        1082.0,
        1081.0,
        1081.0,
        1080.0,
        1080.0,
        1081.0,
        1081.0,
        1082.0,
        1082.0,
        1083.0,
        1083.0,
        1084.0,
        1084.0,
        1083.0,
        1083.0,
        1082.0,
        1082.0,
        1081.0,
        1081.0,
        1080.0,
        1080.0,
        1079.0,
        1079.0,
        1078.0,
        1078.0,
        1077.0,
        1077.0,
        1068.0,
        1068.0,
        1067.0,
        1067.0,
        1063.0,
        1062.0,
        1061.0,
        1060.0,
        1058.0,
        1057.0,
        1053.0,
        1053.0,
        1052.0,
        1051.0,
        1049.0,
        1048.0,
        1047.0,
        1046.0,
        1045.0,
        1044.0,
        1042.0,
        1041.0,
        1037.0,
        1037.0
      ],
      "y": [
        567.0,
        588.0,
        589.0,
        593.0,
        594.0,
        598.0,
        599.0,
        601.0,
        602.0,
        604.0,
        605.0,
        607.0,
        608.0,
        618.0,
        619.0,
        624.0,
        625.0,
        630.0,
        631.0,
        636.0,
        637.0,
        670.0,
        670.0,
        671.0,
        671.0,
        670.0,
        670.0,
        669.0,
        669.0,
        666.0,
        660.0,
        659.0,
        652.0,
        651.0,
        648.0,
        647.0,
        645.0,
        644.0,
        644.0,
        645.0,
        647.0,
        648.0,
        651.0,
        652.0,
        663.0,
        664.0,
        676.0,
        677.0,
        723.0,
        724.0,
        726.0,
        727.0,
        728.0,
        730.0,
        730.0,
        735.0,
        736.0,
        737.0,
        750.0,
        754.0,
        754.0,
        753.0,
        753.0,
        752.0,
        752.0,
        745.0,
        745.0,
        741.0,
        740.0,
        738.0,
        735.0,
        734.0,
        732.0,
        731.0,
        729.0,
        728.0,
        727.0,
        726.0,
        725.0,
        713.0,
        713.0,
        714.0,
        715.0,
        716.0,
        717.0,
        718.0,
        720.0,
        721.0,
        723.0,
        724.0,
        742.0,
        743.0,
        751.0,
        752.0,
        754.0,
        755.0,
        756.0,
        760.0,
        757.0,
        757.0,
        755.0,
        755.0,
        752.0,
        752.0,
        729.0,
        728.0,
        724.0,
        723.0,
        721.0,
        720.0,
        717.0,
        716.0,
        710.0,
        709.0,
        669.0,
        668.0,
        656.0,
        655.0,
        649.0,
        648.0,
        644.0,
        643.0,
        641.0,
        640.0,
        639.0,
        638.0,
        636.0,
        635.0,
        633.0,
        632.0,
        624.0,
        623.0,
        613.0,
        612.0,
        606.0,
        605.0,
        604.0,
        595.0,
        594.0,
        593.0,
        592.0,
        588.0,
        588.0,
        587.0,
        587.0,
        585.0,
        585.0,
        581.0,
        580.0,
        579.0,
        579.0,
        577.0,
        577.0,
        576.0,
        576.0,
        575.0,
        575.0,
        573.0,
        573.0,
        569.0,
        567.0
      ]
    }
  },
  {
    "name": "person",
    "class": 0,
    "confidence": 0.71872,
    "box": {
      "x1": 844.56061,
      "y1": 607.81476,
      "x2": 938.09363,
      "y2": 796.50555
    },
    "track_id": 2,
    "segments": {
      "x": [
        893.0,
        892.0,
        892.0,
        891.0,
        891.0,
        890.0,
        890.0,
        889.0,
        889.0,
        886.0,
        885.0,
        883.0,
        881.0,
        880.0,
        879.0,
        878.0,
        876.0,
        875.0,
        874.0,
        871.0,
        870.0,
        868.0,
        868.0,
        866.0,
        866.0,
        865.0,
        865.0,
        864.0,
        864.0,
        863.0,
        863.0,
        862.0,
        862.0,
        856.0,
        855.0,
        855.0,
        853.0,
        853.0,
        852.0,
        852.0,
        851.0,
        851.0,
        850.0,
        850.0,
        849.0,
        849.0,
        846.0,
        845.0,
        845.0,
        846.0,
        847.0,
        847.0,
        849.0,
        849.0,
        850.0,
        850.0,
        851.0,
        851.0,
        852.0,
        852.0,
        855.0,
        856.0,
        857.0,
        859.0,
        860.0,
        861.0,
        862.0,
        863.0,
        864.0,
        865.0,
        867.0,
        867.0,
        870.0,
        870.0,
        871.0,
        871.0,
        872.0,
        872.0,
        873.0,
        873.0,
        874.0,
        874.0,
        875.0,
        875.0,
        881.0,
        882.0,
        888.0,
        888.0,
        889.0,
        889.0,
        890.0,
        890.0,
        891.0,
        891.0,
        892.0,
        892.0,
        894.0,
        894.0,
        895.0,
        895.0,
        896.0,
        896.0,
        897.0,
        897.0,
        898.0,
        898.0,
        899.0,
        899.0,
        900.0,
        900.0,
        899.0,
        899.0,
        898.0,
        898.0,
        897.0,
        897.0,
        896.0,
        896.0,
        895.0,
        895.0,
        893.0,
        893.0,
        892.0,
        892.0,
        891.0,
        891.0,
        890.0,
        891.0,
        891.0,
        919.0,
        921.0,
        921.0,
        922.0,
        922.0,
        924.0,
        924.0,
        925.0,
        925.0,
        927.0,
        927.0,
        926.0,
        926.0,
        925.0,
        925.0,
        924.0,
        924.0,
        923.0,
        923.0,
        924.0,
        923.0,
        923.0,
        922.0,
        922.0,
        921.0,
        921.0,
        920.0,
        920.0,
        919.0,
        919.0,
        916.0,
        916.0,
        915.0,
        915.0,
        914.0,
        914.0,
        913.0,
        913.0,
        912.0,
        912.0,
        911.0,
        911.0,
        910.0,
        910.0,
        909.0,
        909.0,
        907.0,
        907.0,
        904.0,
        904.0,
        906.0,
        907.0,
        908.0,
        909.0,
        911.0,
        912.0,
        921.0,
        921.0,
        922.0,
        922.0,
        923.0,
        923.0,
        924.0,
        924.0,
        923.0,
        923.0,
        922.0,
        922.0,
        923.0,
        923.0,
        922.0,
        922.0,
        921.0,
        921.0
      ],
      "y": [
        607.0,
        608.0,
        610.0,
        611.0,
        613.0,
        614.0,
        616.0,
        617.0,
        618.0,
        621.0,
        621.0,
        623.0,
        623.0,
        624.0,
        624.0,
        625.0,
        625.0,
        626.0,
        626.0,
        629.0,
        629.0,
        631.0,
        632.0,
        634.0,
        635.0,
        636.0,
        637.0,
        638.0,
        639.0,
        640.0,
        641.0,
        642.0,
        643.0,
        649.0,
        649.0,
        650.0,
        652.0,
        653.0,
        654.0,
        656.0,
        657.0,
        660.0,
        661.0,
        663.0,
        664.0,
        666.0,
        669.0,
        669.0,
        706.0,
        706.0,
        707.0,
        708.0,
        710.0,
        711.0,
        712.0,
        719.0,
        720.0,
        755.0,
        756.0,
        762.0,
        765.0,
        765.0,
        766.0,
        766.0,
        765.0,
        765.0,
        764.0,
        764.0,
        763.0,
        763.0,
        761.0,
        760.0,
        757.0,
        756.0,
        755.0,
        754.0,
        753.0,
        752.0,
        751.0,
        746.0,
        745.0,
        729.0,
        728.0,
        724.0,
        718.0,
        718.0,
        724.0,
        725.0,
        726.0,
        728.0,
        729.0,
        731.0,
        732.0,
        733.0,
        734.0,
        735.0,
        737.0,
        739.0,
        740.0,
        742.0,
        743.0,
        746.0,
        747.0,
        751.0,
        752.0,
        755.0,
        756.0,
        764.0,
        765.0,
        774.0,
        775.0,
        778.0,
        779.0,
        781.0,
        782.0,
        784.0,
        785.0,
        786.0,
        787.0,
        788.0,
        790.0,
        791.0,
        792.0,
        794.0,
        795.0,
        796.0,
        797.0,
        798.0,
        799.0,
        799.0,
        797.0,
        796.0,
        795.0,
        794.0,
        792.0,
        791.0,
        790.0,
        789.0,
        787.0,
        783.0,
        782.0,
        779.0,
        778.0,
        775.0,
        774.0,
        762.0,
        761.0,
        739.0,
        738.0,
        737.0,
        725.0,
        724.0,
        722.0,
        721.0,
        720.0,
        719.0,
        718.0,
        717.0,
        716.0,
        713.0,
        711.0,
        710.0,
        709.0,
        708.0,
        707.0,
        706.0,
        705.0,
        704.0,
        703.0,
        702.0,
        700.0,
        699.0,
        698.0,
        697.0,
        696.0,
        694.0,
        693.0,
        690.0,
        676.0,
        674.0,
        674.0,
        673.0,
        673.0,
        671.0,
        671.0,
        662.0,
        661.0,
        660.0,
        659.0,
        658.0,
        655.0,
        654.0,
        652.0,
        651.0,
        644.0,
        643.0,
        624.0,
        623.0,
        614.0,
        613.0,
        609.0,
        608.0,
        607.0
      ]
    }
  }
]