[
  {
    "name": "person",
    "class": 0,
    "confidence": 0.83069,
    "box": {
      "x1": 1192.92627,
      "y1": 646.39417,
      "x2": 1291.40002,
      "y2": 872.34406
    },
    "track_id": 1,
    "segments": {
      "x": [
        1229.0,
        1229.0,
        1228.0,
        1228.0,
        1227.0,
        1227.0,
        1226.0,
        1226.0,
        1225.0,
        1225.0,
        1224.0,
        1224.0,
        1225.0,
        1225.0,
        1226.0,
        1226.0,
        1227.0,
        1227.0,
        1230.0,
        1231.0,
        1232.0,
        1232.0,
        1235.0,
        1235.0,
        1234.0,
        1234.0,
        1233.0,
        1233.0,
        1229.0,
        1229.0,
        1227.0,
        1227.0,
        1226.0,
        1226.0,
        1225.0,
        1225.0,
        1224.0,
        1224.0,
        1223.0,
        1223.0,
        1222.0,
        1222.0,
        1221.0,
        1221.0,
        1220.0,
        1220.0,
        1218.0,
        1218.0,
        1216.0,
        1216.0,
        1215.0,
        1215.0,
        1214.0,
        1214.0,
        1213.0,
        1213.0,
        1212.0,
        1212.0,
        1211.0,
        1211.0,
        1212.0,
        1212.0,
        1211.0,
        1211.0,
        1210.0,
        1210.0,
        1206.0,
        1196.0,
        1196.0,
        1198.0,
        1199.0,
        1200.0,
        1201.0,
        1202.0,
        1204.0,
        1205.0,
        1220.0,
        1221.0,
        1227.0,
        1228.0,
        1229.0,
        1230.0,
        1231.0,
        1233.0,
        1233.0,
        1235.0,
        1235.0,
        1236.0,
        1236.0,
        1237.0,
        1237.0,
        1238.0,
        1238.0,
        1239.0,
        1239.0,
        1241.0,
        1242.0,
        1244.0,
        1244.0,
        1245.0,
        1245.0,
        1246.0,
        1246.0,
        1247.0,
        1247.0,
        1248.0,
        1248.0,
        1249.0,
        1249.0,
        1250.0,
        1250.0,
        1251.0,
        1251.0,
        1252.0,
        1252.0,
        1272.0,
        1273.0,
        1275.0,
        1276.0,
        1277.0,
        1279.0,
        1279.0,
        1280.0,
        1280.0,
        1281.0,
        1281.0,
        1282.0,
        1282.0,
        1281.0,
        1281.0,
        1277.0,
        1276.0,
        1275.0,
        1275.0,
        1272.0,
        1272.0,
        1271.0,
        1271.0,
        1270.0,
        1270.0,
        1269.0,
        1269.0,
        1266.0,
        1265.0,
        1262.0,
        1262.0,
        1261.0,
        1261.0,
        1260.0,
        1260.0,
        1259.0,
        1259.0,
        1258.0,
        1258.0,
        1257.0,
        1257.0,
        1258.0,
        1258.0,
        1262.0,
        1263.0,
        1265.0,
        1266.0,
        1269.0,
        1269.0,
        1270.0,
        1270.0,
        1271.0,
        1271.0,
        1274.0,
        1274.0,
        1279.0,
        1279.0,
        1280.0,
        1280.0,
        1281.0,
        1281.0,
        1282.0,
        1282.0,
        1283.0,
        1283.0,
        1284.0,
        1284.0,
        1285.0,
        1285.0,
        1286.0,
        1286.0,
        1287.0,
        1287.0,
        1289.0,
        1289.0,
        1291.0,
        1291.0,
        1288.0,
        1288.0,
        1283.0,
        1282.0,
        1280.0,
        1279.0,
        1278.0,
        1277.0,
        1273.0,
        1273.0,
        1272.0,
        1272.0,
        1271.0,
        1271.0,
        1270.0,
        1270.0,
        1269.0,
        1269.0,
        1268.0,
        1268.0,
        1266.0,
        1266.0,
        1263.0,
        1263.0,
        1262.0,
        1262.0
      ],
      "y": [
        647.0,
        648.0,
        649.0,
        651.0,
        652.0,
        655.0,
        656.0,
        658.0,
        659.0,
        663.0,
        664.0,
        668.0,
        669.0,
        676.0,
        677.0,
        678.0,
        679.0,
        680.0,
        683.0,
        683.0,
        684.0,
        685.0,
        688.0,
        702.0,
        703.0,
        704.0,
        705.0,
        706.0,
        710.0,
        711.0,
        713.0,
        714.0,
        715.0,
        717.0,
        718.0,
        721.0,
        722.0,
        730.0,
        731.0,
        743.0,
        744.0,
        750.0,
        751.0,
        753.0,
        754.0,
        755.0,
        757.0,
        758.0,
        760.0,
        761.0,
        762.0,
        763.0,
        764.0,
        766.0,
        767.0,
        770.0,
        771.0,
        776.0,
        777.0,
        807.0,
        808.0,
        824.0,
        825.0,
        833.0,
        834.0,
        835.0,
        839.0,
        839.0,
        857.0,
        859.0,
        859.0,
        860.0,
        860.0,
        861.0,
        861.0,
        862.0,
        862.0,
        863.0,
        863.0,
        864.0,
        864.0,
        863.0,
        863.0,
        861.0,
        860.0,
        858.0,
        850.0,
        849.0,
        843.0,
        842.0,
        839.0,
        838.0,
        836.0,
        835.0,
        834.0,
        832.0,
        832.0,
        834.0,
        835.0,
        836.0,
        838.0,
        839.0,
        842.0,
        843.0,
        849.0,
        850.0,
        859.0,
        860.0,
        862.0,
        863.0,
        865.0,
        866.0,
        867.0,
        868.0,
        869.0,
        869.0,
        868.0,
        868.0,
        867.0,
        867.0,
        865.0,
        864.0,
        863.0,
        862.0,
        861.0,
        860.0,
        859.0,
        857.0,
        856.0,
        855.0,
        851.0,
        851.0,
        850.0,
        849.0,
        846.0,
        841.0,
        840.0,
        834.0,
        833.0,
        832.0,
        831.0,
        830.0,
        827.0,
        827.0,
        824.0,
        823.0,
        822.0,
        821.0,
        820.0,
        814.0,
        813.0,
        807.0,
        806.0,
        802.0,
        801.0,
        797.0,
        796.0,
        795.0,
        791.0,
        791.0,
        789.0,
        789.0,
        786.0,
        785.0,
        784.0,
        783.0,
        782.0,
        781.0,
        778.0,
        777.0,
        772.0,
        771.0,
        770.0,
        769.0,
        768.0,
        767.0,
        766.0,
        764.0,
        763.0,
        747.0,
        746.0,
        733.0,
        732.0,
        728.0,
        727.0,
        724.0,
        723.0,
        722.0,
        720.0,
        719.0,
        717.0,
        694.0,
        691.0,
        690.0,
        685.0,
        685.0,
        683.0,
        683.0,
        682.0,
        682.0,
        678.0,
        677.0,
        676.0,
        674.0,
        673.0,
        670.0,
        669.0,
        667.0,
        666.0,
        664.0,
        663.0,
        662.0,
        660.0,
        659.0,
        656.0,
        655.0,
        654.0,
        647.0
      ]
    }
  },
  {
    "name": "person",
    "class": 0,
    "confidence": 0.82572,
    "box": {
      "x1": 835.51514,
      "y1": 645.59998,
      "x2": 936.16455,
      "y2": 791.93646
    },
    "track_id": 2,
    "segments": {
      "x": [
        849.0,
        846.0,
        845.0,
        842.0,
        842.0,
        841.0,
        841.0,
        840.0,
        840.0,
        837.0,
        837.0,
        836.0,
        836.0,
        837.0,
        837.0,
        838.0,
        838.0,
        839.0,
        839.0,
        840.0,
        840.0,
        842.0,
        842.0,
        849.0,
        849.0,
        848.0,
        848.0,
        843.0,
        843.0,
        842.0,
        842.0,
        841.0,
        841.0,
        840.0,
        840.0,
        839.0,
        839.0,
        838.0,
        838.0,
        837.0,
        837.0,
        836.0,
        836.0,
        839.0,
        839.0,
        840.0,
        840.0,
        841.0,
        842.0,
        844.0,
        845.0,
        846.0,
        858.0,
        859.0,
        860.0,
        863.0,
        863.0,
        864.0,
        864.0,
        865.0,
        865.0,
        866.0,
        866.0,
        868.0,
        868.0,
        870.0,
        872.0,
        873.0,
        872.0,
        872.0,
        871.0,
        871.0,
        872.0,
        872.0,
        873.0,
        873.0,
        874.0,
        874.0,
        875.0,
        875.0,
        876.0,
        876.0,
        877.0,
        877.0,
        878.0,
        878.0,
        883.0,
        884.0,
        886.0,
        887.0,
        889.0,
        890.0,
        891.0,
        892.0,
        893.0,
        896.0,
        897.0,
        901.0,
        902.0,
        905.0,
        908.0,
        908.0,
        913.0,
        913.0,
        920.0,
        921.0,
        923.0,
        923.0,
        925.0,
        925.0,
        926.0,
        926.0,
        927.0,
        927.0,
        928.0,
        928.0,
        929.0,
        930.0,
        931.0,
        931.0,
        932.0,
        932.0,
        933.0,
        933.0,
        934.0,
        934.0,
        933.0,
        933.0,
        934.0,
        934.0,
        933.0,
        933.0,
        932.0,
        932.0,
        931.0,
        931.0,
        925.0,
        925.0,
        923.0,
        923.0,
        922.0,
        922.0,
        917.0,
        914.0,
        913.0,
        912.0,
        911.0,
        909.0,
        908.0,
        906.0,
        901.0,
        901.0,
        895.0
      ],
      "y": [
        646.0,
        649.0,
        649.0,
        652.0,
        653.0,
        654.0,
        655.0,
        656.0,
        657.0,
        660.0,
        661.0,
        662.0,
        689.0,
        690.0,
        693.0,
        694.0,
        696.0,
        697.0,
        699.0,
        700.0,
        702.0,
        704.0,
        705.0,
        712.0,
        725.0,
        726.0,
        727.0,
        732.0,
        733.0,
        734.0,
        735.0,
        736.0,
        737.0,
        738.0,
        743.0,
        744.0,
        751.0,
        752.0,
        757.0,
        758.0,
        762.0,
        763.0,
        781.0,
        784.0,
        785.0,
        786.0,
        787.0,
        788.0,
        788.0,
        790.0,
        790.0,
        791.0,
        791.0,
        790.0,
        790.0,
        787.0,
        786.0,
        785.0,
        783.0,
        782.0,
        781.0,
        780.0,
        779.0,
        777.0,
        776.0,
        774.0,
        774.0,
        773.0,
        772.0,
        769.0,
        768.0,
        760.0,
        759.0,
        757.0,
        756.0,
        754.0,
        753.0,
        748.0,
        747.0,
        735.0,
        734.0,
        725.0,
        724.0,
        723.0,
        722.0,
        721.0,
        716.0,
        716.0,
        714.0,
        714.0,
        712.0,
        712.0,
        711.0,
        711.0,
        710.0,
        710.0,
        711.0,
        711.0,
        712.0,
        712.0,
        715.0,
        716.0,
        721.0,
        722.0,
        729.0,
        729.0,
        731.0,
        732.0,
        734.0,
        735.0,
        736.0,
        737.0,
        738.0,
        739.0,
        740.0,
        741.0,
        742.0,
        742.0,
        741.0,
        740.0,
        739.0,
        738.0,
        737.0,
        730.0,
        729.0,
        722.0,
        721.0,
        708.0,
        707.0,
        686.0,
        685.0,
        683.0,
        682.0,
        680.0,
        679.0,
        678.0,
        672.0,
        671.0,
        669.0,
        668.0,
        667.0,
        666.0,
        661.0,
        661.0,
        660.0,
        660.0,
        659.0,
        659.0,
        658.0,
        658.0,
        653.0,
        652.0,
        646.0
      ]
    }
  }
]