[
  {
    "name": "person",
    "class": 0,
    "confidence": 0.90482,
    "box": {
      "x1": 996.80341,
      "y1": 581.16858,
      "x2": 1095.31409,
      "y2": 761.66901
    },
    "track_id": 1,
    "segments": {
      "x": [
        998.0,
        998.0,
        999.0,
        1000.0,
        1001.0,
        1002.0,
        1003.0,
        1004.0,
        1006.0,
        1007.0,
        1010.0,
        1010.0,
        1011.0,
        1012.0,
        1016.0,
        1016.0,
        1017.0,
        1017.0,
        1018.0,
        1018.0,
        1017.0,
        1017.0,
        1016.0,
        1016.0,
        1012.0,
        1012.0,
        1011.0,
        1011.0,
        1010.0,
        1010.0,
        1009.0,
        1009.0,
        1008.0,
        1008.0,
        1007.0,
        1007.0,
        1006.0,
        1006.0,
        1008.0,
        1009.0,
        1010.0,
        1011.0,
        1012.0,
        1015.0,
        1018.0,
        1018.0,
        1019.0,
        1019.0,
        1020.0,
        1020.0,
        1022.0,
        1022.0,
        1025.0,
        1026.0,
        1029.0,
        1029.0,
        1030.0,
        1030.0,
        1031.0,
        1031.0,
        1032.0,
        1032.0,
        1031.0,
        1031.0,
        1030.0,
        1030.0,
        1029.0,
        1029.0,
        1028.0,
        1028.0,
        1027.0,
        1027.0,
        1025.0,
        1025.0,
        1024.0,
        1024.0,
        1022.0,
        1022.0,
        1021.0,
        1021.0,
        1020.0,
        1020.0,
        1019.0,
        1019.0,
        1018.0,
        1018.0,
        1017.0,
        1017.0,
        1013.0,
        1012.0,
        1010.0,
        1010.0,
        1008.0,
        1008.0,
        1012.0,
        1017.0,
        1018.0,
        1027.0,
        1028.0,
        1038.0,
        1040.0,
        1041.0,
        1041.0,
        1043.0,
        1043.0,
        1044.0,
        1044.0,
        1045.0,
        1045.0,
        1046.0,
        1046.0,
        1048.0,
        1048.0,
        1049.0,
        1061.0,
        1064.0,
        1064.0,
        1065.0,
        1065.0,
        1066.0,
        1066.0,
        1067.0,
        1067.0,
        1068.0,
        1068.0,
        1069.0,
        1069.0,
        1070.0,
        1070.0,
        1071.0,
        1071.0,
        1072.0,
        1072.0,
        1075.0,
        1086.0,
        1086.0,
        1087.0,
        1087.0,
        1086.0,
        1086.0,
        1085.0,
        1085.0,
        1084.0,
        1084.0,
        1083.0,
        1083.0,
        1082.0,
        1082.0,
        1081.0,
        1081.0,
        1082.0,
        1082.0,
        1083.0,
        1083.0,
        1089.0,
        1089.0,
        1090.0,
        1090.0,
        1091.0,
        1091.0,
        1092.0,
        1092.0,
        1093.0,
        1093.0,
        1094.0,
        1094.0,
        1093.0,
        1093.0,
        1092.0,
        1092.0,
        1091.0,
        1091.0,
        1090.0,
        1090.0,
        1088.0,
        1088.0,
        1086.0,
        1086.0,
        1082.0,
        1082.0,
        1081.0,
        1081.0,
        1080.0,
        1080.0,
        1079.0,
        1079.0,
        1078.0,
        1078.0,
        1074.0,
        1073.0,
        1068.0,
        1068.0,
        1063.0,
        1062.0,
        1061.0,
        1059.0,
        1057.0,
        1056.0,
        1049.0,
        1048.0,
        1047.0,
        1045.0,
        1044.0,
        1043.0,
        1042.0,
        1040.0,
        1039.0,
        1037.0,
        1036.0,
        1035.0,
        1034.0,
        1033.0,
        1032.0,
        1031.0,
        1030.0
      ],
      "y": [
        582.0,
        610.0,
        611.0,
        611.0,
        612.0,
        612.0,
        613.0,
        613.0,
        615.0,
        615.0,
        618.0,
        619.0,
        620.0,
        620.0,
        624.0,
        625.0,
        626.0,
        627.0,
        628.0,
        631.0,
        632.0,
        633.0,
        634.0,
        635.0,
        639.0,
        640.0,
        641.0,
        642.0,
        643.0,
        646.0,
        647.0,
        650.0,
        651.0,
        658.0,
        659.0,
        665.0,
        666.0,
        677.0,
        679.0,
        679.0,
        680.0,
        680.0,
        681.0,
        681.0,
        678.0,
        676.0,
        675.0,
        674.0,
        673.0,
        672.0,
        670.0,
        669.0,
        666.0,
        666.0,
        669.0,
        670.0,
        671.0,
        672.0,
        673.0,
        676.0,
        677.0,
        694.0,
        695.0,
        707.0,
        708.0,
        714.0,
        715.0,
        717.0,
        718.0,
        719.0,
        720.0,
        721.0,
        723.0,
        724.0,
        725.0,
        726.0,
        728.0,
        729.0,
        730.0,
        731.0,
        732.0,
        733.0,
        734.0,
        735.0,
        736.0,
        737.0,
        738.0,
        739.0,
        743.0,
        743.0,
        745.0,
        746.0,
        748.0,
        750.0,
        754.0,
        754.0,
        755.0,
        755.0,
        754.0,
        754.0,
        752.0,
        752.0,
        751.0,
        749.0,
        741.0,
        740.0,
        730.0,
        729.0,
        725.0,
        724.0,
        723.0,
        721.0,
        720.0,
        719.0,
        719.0,
        722.0,
        723.0,
        724.0,
        725.0,
        726.0,
        730.0,
        731.0,
        746.0,
        747.0,
        753.0,
        754.0,
        756.0,
        757.0,
        758.0,
        759.0,
        760.0,
        761.0,
        762.0,
        762.0,
        751.0,
        750.0,
        749.0,
        732.0,
        731.0,
        727.0,
        726.0,
        725.0,
        724.0,
        722.0,
        721.0,
        720.0,
        719.0,
        716.0,
        715.0,
        705.0,
        704.0,
        701.0,
        700.0,
        699.0,
        693.0,
        692.0,
        691.0,
        687.0,
        686.0,
        676.0,
        675.0,
        664.0,
        663.0,
        658.0,
        657.0,
        651.0,
        650.0,
        647.0,
        646.0,
        642.0,
        641.0,
        639.0,
        638.0,
        636.0,
        634.0,
        633.0,
        631.0,
        630.0,
        626.0,
        625.0,
        624.0,
        622.0,
        621.0,
        620.0,
        619.0,
        617.0,
        616.0,
        615.0,
        611.0,
        611.0,
        606.0,
        605.0,
        600.0,
        600.0,
        599.0,
        599.0,
        597.0,
        597.0,
        590.0,
        590.0,
        589.0,
        589.0,
        588.0,
        588.0,
        587.0,
        587.0,
        586.0,
        586.0,
        585.0,
        585.0,
        584.0,
        584.0,
        583.0,
        583.0,
        582.0
      ]
    }
  },
  {
    "name": "person",
    "class": 0,
    "confidence": 0.85444,
    "box": {
      "x1": 850.00012,
      "y1": 582.94458,
      "x2": 940.36395,
      "y2": 799.9455
    },
    "track_id": 2,
    "segments": {
      "x": [
        897.0,
        896.0,
        896.0,
        895.0,
        895.0,
        894.0,
        894.0,
        893.0,
        893.0,
        891.0,
        891.0,
        889.0,
        889.0,
        888.0,
        888.0,
        887.0,
        887.0,
        886.0,
        886.0,
        884.0,
        883.0,
        881.0,
        880.0,
        875.0,
        875.0,
        869.0,
        868.0,
        865.0,
        865.0,
        864.0,
        864.0,
        863.0,
        863.0,
        862.0,
        862.0,
        861.0,
        861.0,
        860.0,
        860.0,
        859.0,
        859.0,
        856.0,
        856.0,
        855.0,
        855.0,
        854.0,
        854.0,
        853.0,
        853.0,
        852.0,
        852.0,
        851.0,
        851.0,
        850.0,
        850.0,
        853.0,
        854.0,
        858.0,
        863.0,
        863.0,
        864.0,
        863.0,
        863.0,
        862.0,
        862.0,
        861.0,
        861.0,
        853.0,
        853.0,
        852.0,
        852.0,
        851.0,
        851.0,
        850.0,
        850.0,
        852.0,
        853.0,
        855.0,
        856.0,
        858.0,
        859.0,
        862.0,
        863.0,
        866.0,
        867.0,
        869.0,
        873.0,
        873.0,
        874.0,
        874.0,
        875.0,
        875.0,
        876.0,
        876.0,
        877.0,
        877.0,
        878.0,
        878.0,
        879.0,
        879.0,
        883.0,
        883.0,
        885.0,
        885.0,
        889.0,
        889.0,
        890.0,
        891.0,
        893.0,
        894.0,
        897.0,
        897.0,
        898.0,
        898.0,
        899.0,
        899.0,
        900.0,
        900.0,
        899.0,
        899.0,
        898.0,
        898.0,
        897.0,
        897.0,
        896.0,
        896.0,
        897.0,
        897.0,
        898.0,
        898.0,
        899.0,
        899.0,
        900.0,
        924.0,
        926.0,
        926.0,
        927.0,
        927.0,
        928.0,
        928.0,
        927.0,
        927.0,
        926.0,
        926.0,
        925.0,
        925.0,
        924.0,
        924.0,
        925.0,
        925.0,
        926.0,
        926.0,
        927.0,
        927.0,
        931.0,
        931.0,
        932.0,
        932.0,
        933.0,
        933.0,
        934.0,
        934.0,
        935.0,
        935.0,
        936.0,
        936.0,
        937.0,
        937.0,
        938.0,
        938.0,
        939.0,
        939.0,
        938.0,
        938.0,
        935.0,
        934.0,
        933.0,
        930.0,
        929.0,
        927.0,
        926.0,
        924.0,
        923.0,
        921.0,
        920.0,
        918.0,
        917.0,
        916.0,
        915.0,
        914.0,
        913.0,
        912.0,
        911.0,
        910.0,
        908.0,
        908.0,
        914.0,
        914.0,
        915.0,
        915.0,
        916.0,
        916.0,
        919.0,
        920.0,
        923.0,
        923.0,
        924.0,
        924.0,
        925.0,
        925.0,
        926.0,
        926.0,
        927.0,
        927.0,
        928.0,
        928.0,
        929.0,
        929.0
      ],
      "y": [
        584.0,
        585.0,
        588.0,
        589.0,
        591.0,
        592.0,
        593.0,
        594.0,
        595.0,
        597.0,
        598.0,
        600.0,
        602.0,
        603.0,
        604.0,
        605.0,
        606.0,
        607.0,
        608.0,
        610.0,
        610.0,
        612.0,
        612.0,
        617.0,
        618.0,
        624.0,
        624.0,
        627.0,
        628.0,
        629.0,
        633.0,
        634.0,
        640.0,
        641.0,
        643.0,
        644.0,
        645.0,
        646.0,
        647.0,
        648.0,
        649.0,
        652.0,
        653.0,
        654.0,
        656.0,
        657.0,
        659.0,
        660.0,
        663.0,
        664.0,
        669.0,
        670.0,
        674.0,
        675.0,
        706.0,
        706.0,
        707.0,
        707.0,
        712.0,
        713.0,
        714.0,
        715.0,
        719.0,
        720.0,
        723.0,
        724.0,
        726.0,
        734.0,
        735.0,
        736.0,
        737.0,
        738.0,
        740.0,
        741.0,
        766.0,
        766.0,
        767.0,
        767.0,
        768.0,
        768.0,
        767.0,
        767.0,
        766.0,
        766.0,
        765.0,
        765.0,
        761.0,
        759.0,
        758.0,
        757.0,
        756.0,
        754.0,
        753.0,
        751.0,
        750.0,
        748.0,
        747.0,
        746.0,
        745.0,
        744.0,
        740.0,
        739.0,
        737.0,
        736.0,
        732.0,
        731.0,
        730.0,
        730.0,
        728.0,
        728.0,
        731.0,
        732.0,
        733.0,
        734.0,
        735.0,
        739.0,
        740.0,
        763.0,
        764.0,
        777.0,
        778.0,
        781.0,
        782.0,
        784.0,
        785.0,
        787.0,
        788.0,
        792.0,
        793.0,
        796.0,
        797.0,
        798.0,
        799.0,
        799.0,
        797.0,
        796.0,
        795.0,
        791.0,
        790.0,
        784.0,
        783.0,
        782.0,
        781.0,
        780.0,
        779.0,
        777.0,
        776.0,
        718.0,
        717.0,
        713.0,
        712.0,
        711.0,
        710.0,
        709.0,
        705.0,
        704.0,
        703.0,
        702.0,
        701.0,
        696.0,
        695.0,
        686.0,
        685.0,
        675.0,
        674.0,
        671.0,
        670.0,
        668.0,
        667.0,
        666.0,
        665.0,
        662.0,
        661.0,
        655.0,
        652.0,
        652.0,
        651.0,
        651.0,
        650.0,
        650.0,
        649.0,
        649.0,
        648.0,
        648.0,
        647.0,
        647.0,
        646.0,
        646.0,
        645.0,
        645.0,
        644.0,
        644.0,
        643.0,
        643.0,
        641.0,
        630.0,
        624.0,
        623.0,
        622.0,
        621.0,
        620.0,
        619.0,
        616.0,
        616.0,
        613.0,
        612.0,
        611.0,
        609.0,
        608.0,
        603.0,
        602.0,
        596.0,
        595.0,
        591.0,
        590.0,
        587.0,
        586.0,
        584.0
      ]
    }
  }
]