[
  {
    "name": "person",
    "class": 0,
    "confidence": 0.88001,
    "box": {
      "x1": 1044.60205,
      "y1": 554.58624,
      "x2": 1127.51306,
      "y2": 743.30566
    },
    "track_id": 1,
    "segments": {
      "x": [
        1070.0,
        1069.0,
        1069.0,
        1068.0,
        1068.0,
        1067.0,
        1067.0,
        1066.0,
        1066.0,
        1064.0,
        1064.0,
        1058.0,
        1058.0,
        1057.0,
        1057.0,
        1056.0,
        1056.0,
        1055.0,
        1055.0,
        1054.0,
        1054.0,
        1053.0,
        1053.0,
        1052.0,
        1052.0,
        1051.0,
        1051.0,
        1050.0,
        1050.0,
        1049.0,
        1049.0,
        1048.0,
        1048.0,
        1049.0,
        1049.0,
        1050.0,
        1050.0,
        1051.0,
        1051.0,
        1052.0,
        1052.0,
        1053.0,
        1053.0,
        1054.0,
        1054.0,
        1055.0,
        1055.0,
        1054.0,
        1054.0,
        1049.0,
        1048.0,
        1047.0,
        1046.0,
        1044.0,
        1044.0,
        1046.0,
        1047.0,
        1051.0,
        1053.0,
        1054.0,
        1056.0,
        1056.0,
        1059.0,
        1060.0,
        1061.0,
        1064.0,
        1065.0,
        1067.0,
        1068.0,
        1069.0,
        1070.0,
        1071.0,
        1072.0,
        1073.0,
        1075.0,
        1076.0,
        1078.0,
        1080.0,
        1081.0,
        1083.0,
        1084.0,
        1086.0,
        1088.0,
        1089.0,
        1089.0,
        1091.0,
        1091.0,
        1092.0,
        1092.0,
        1093.0,
        1093.0,
        1094.0,
        1094.0,
        1095.0,
        1095.0,
        1096.0,
        1096.0,
        1098.0,
        1098.0,
        1099.0,
        1099.0,
        1100.0,
        1100.0,
        1101.0,
        1101.0,
        1102.0,
        1102.0,
        1103.0,
        1103.0,
        1104.0,
        1104.0,
        1105.0,
        1105.0,
        1106.0,
        1106.0,
        1107.0,
        1107.0,
        1108.0,
        1108.0,
        1109.0,
        1110.0,
        1111.0,
        1111.0,
        1112.0,
        1112.0,
        1113.0,
        1113.0,
        1115.0,
        1115.0,
        1117.0,
        1118.0,
        1120.0,
        1122.0,
        1126.0,
        1126.0,
        1127.0,
        1127.0,
        1126.0,
        1126.0,
        1125.0,
        1125.0,
        1114.0,
        1114.0,
        1113.0,
        1113.0,
        1110.0,
        1109.0,
        1105.0,
        1105.0,
        1104.0,
        1104.0,
        1103.0,
        1103.0,
        1102.0,
        1102.0,
        1101.0,
        1101.0
      ],
      "y": [
        555.0,
        556.0,
        562.0,
        563.0,
        572.0,
        573.0,
        578.0,
        579.0,
        582.0,
        584.0,
        585.0,
        591.0,
        592.0,
        593.0,
        595.0,
        596.0,
        600.0,
        601.0,
        604.0,
        605.0,
        609.0,
        610.0,
        613.0,
        614.0,
        616.0,
        617.0,
        620.0,
        621.0,
        625.0,
        626.0,
        630.0,
        631.0,
        644.0,
        645.0,
        648.0,
        649.0,
        651.0,
        652.0,
        670.0,
        671.0,
        690.0,
        691.0,
        696.0,
        697.0,
        710.0,
        711.0,
        713.0,
        714.0,
        715.0,
        720.0,
        720.0,
        721.0,
        721.0,
        723.0,
        741.0,
        741.0,
        742.0,
        742.0,
        740.0,
        740.0,
        738.0,
        737.0,
        734.0,
        734.0,
        733.0,
        733.0,
        734.0,
        734.0,
        735.0,
        735.0,
        736.0,
        736.0,
        737.0,
        737.0,
        739.0,
        739.0,
        741.0,
        741.0,
        742.0,
        742.0,
        743.0,
        743.0,
        741.0,
        741.0,
        740.0,
        738.0,
        726.0,
        725.0,
        711.0,
        710.0,
        706.0,
        705.0,
        702.0,
        701.0,
        700.0,
        699.0,
        698.0,
        696.0,
        695.0,
        694.0,
        693.0,
        692.0,
        691.0,
        690.0,
        687.0,
        686.0,
        683.0,
        682.0,
        679.0,
        678.0,
        673.0,
        672.0,
        668.0,
        667.0,
        665.0,
        664.0,
        663.0,
        662.0,
        661.0,
        660.0,
        660.0,
        661.0,
        662.0,
        663.0,
        664.0,
        665.0,
        666.0,
        668.0,
        669.0,
        671.0,
        671.0,
        673.0,
        673.0,
        669.0,
        668.0,
        667.0,
        601.0,
        600.0,
        597.0,
        596.0,
        594.0,
        583.0,
        582.0,
        581.0,
        580.0,
        577.0,
        577.0,
        573.0,
        572.0,
        571.0,
        569.0,
        568.0,
        561.0,
        560.0,
        557.0,
        556.0,
        555.0
      ]
    }
  },
  {
    "name": "person",
    "class": 0,
    "confidence": 0.90017,
    "box": {
      "x1": 799.3252,
      "y1": 587.40985,
      "x2": 920.039,
      "y2": 799.92889
    },
    "track_id": 2,
    "segments": {
      "x": [
        887.0,
        887.0,
        886.0,
        886.0,
        885.0,
        885.0,
        883.0,
        882.0,
        881.0,
        878.0,
        877.0,
        873.0,
        872.0,
        868.0,
        867.0,
        865.0,
        864.0,
        863.0,
        861.0,
        860.0,
        856.0,
        856.0,
        854.0,
        854.0,
        853.0,
        853.0,
        852.0,
        852.0,
        851.0,
        851.0,
        850.0,
        850.0,
        849.0,
        849.0,
        845.0,
        845.0,
        843.0,
        843.0,
        842.0,
        842.0,
        841.0,
        841.0,
        840.0,
        840.0,
        839.0,
        839.0,
        838.0,
        838.0,
        837.0,
        837.0,
        830.0,
        830.0,
        829.0,
        829.0,
        828.0,
        828.0,
        827.0,
        827.0,
        826.0,
        826.0,
        825.0,
        825.0,
        824.0,
        824.0,
        823.0,
        823.0,
        819.0,
        819.0,
        818.0,
        818.0,
        817.0,
        817.0,
        816.0,
        816.0,
        815.0,
        815.0,
        814.0,
        814.0,
        813.0,
        813.0,
        809.0,
        808.0,
        803.0,
        803.0,
        802.0,
        802.0,
        801.0,
        801.0,
        800.0,
        800.0,
        799.0,
        799.0,
        801.0,
        802.0,
        807.0,
        808.0,
        810.0,
        811.0,
        814.0,
        815.0,
        816.0,
        817.0,
        819.0,
        820.0,
        821.0,
        824.0,
        824.0,
        825.0,
        825.0,
        826.0,
        826.0,
        827.0,
        827.0,
        828.0,
        828.0,
        829.0,
        829.0,
        830.0,
        830.0,
        832.0,
        832.0,
        834.0,
        834.0,
        836.0,
        836.0,
        837.0,
        837.0,
        838.0,
        838.0,
        839.0,
        839.0,
        840.0,
        840.0,
        841.0,
        841.0,
        845.0,
        847.0,
        848.0,
        849.0,
        850.0,
        851.0,
        853.0,
        854.0,
        856.0,
        857.0,
        859.0,
        859.0,
        860.0,
        860.0,
        861.0,
        861.0,
        862.0,
        862.0,
        863.0,
        863.0,
        864.0,
        864.0,
        865.0,
        865.0,
        866.0,
        866.0,
        867.0,
        867.0,
        868.0,
        868.0,
        869.0,
        869.0,
        870.0,
        870.0,
        871.0,
        871.0,
        872.0,
        872.0,
        873.0,
        873.0,
        874.0,
        874.0,
        875.0,
        875.0,
        876.0,
        876.0,
        877.0,
        891.0,
        892.0,
        893.0,
        896.0,
        896.0,
        897.0,
        897.0,
        898.0,
        898.0,
        899.0,
        899.0,
        900.0,
        900.0,
        899.0,
        899.0,
        898.0,
        898.0,
        897.0,
        897.0,
        896.0,
        896.0,
        895.0,
        895.0,
        894.0,
        894.0,
        893.0,
        893.0,
        892.0,
        892.0,
        891.0,
        891.0,
        890.0,
        890.0,
        889.0,
        889.0,
        888.0,
        888.0,
        889.0,
        889.0,
        890.0,
        890.0,
        891.0,
        891.0,
        892.0,
        892.0,
        896.0,
        897.0,
        899.0,
        899.0,
        901.0,
        901.0,
        903.0,
        903.0,
        904.0,
        904.0,
        903.0,
        903.0,
        902.0,
        902.0,
        901.0,
        901.0,
        902.0,
        902.0,
        903.0,
        903.0,
        907.0,
        907.0,
        908.0,
        908.0,
        910.0,
        910.0,
        913.0,
        913.0,
        918.0,
        918.0,
        917.0,
        917.0,
        915.0
      ],
      "y": [
        588.0,
        590.0,
        591.0,
        593.0,
        594.0,
        595.0,
        597.0,
        597.0,
        598.0,
        598.0,
        599.0,
        599.0,
        600.0,
        600.0,
        601.0,
        601.0,
        602.0,
        602.0,
        604.0,
        604.0,
        608.0,
        609.0,
        611.0,
        612.0,
        613.0,
        614.0,
        615.0,
        616.0,
        617.0,
        619.0,
        620.0,
        621.0,
        622.0,
        623.0,
        627.0,
        628.0,
        630.0,
        631.0,
        632.0,
        634.0,
        635.0,
        638.0,
        639.0,
        643.0,
        644.0,
        649.0,
        650.0,
        653.0,
        654.0,
        655.0,
        662.0,
        663.0,
        664.0,
        667.0,
        668.0,
        678.0,
        679.0,
        690.0,
        691.0,
        695.0,
        696.0,
        699.0,
        700.0,
        701.0,
        702.0,
        703.0,
        707.0,
        708.0,
        709.0,
        710.0,
        711.0,
        712.0,
        713.0,
        716.0,
        717.0,
        720.0,
        721.0,
        724.0,
        725.0,
        726.0,
        730.0,
        730.0,
        735.0,
        736.0,
        737.0,
        738.0,
        739.0,
        741.0,
        742.0,
        743.0,
        744.0,
        777.0,
        777.0,
        778.0,
        778.0,
        779.0,
        779.0,
        778.0,
        778.0,
        777.0,
        777.0,
        776.0,
        776.0,
        775.0,
        775.0,
        772.0,
        771.0,
        770.0,
        769.0,
        768.0,
        766.0,
        765.0,
        763.0,
        762.0,
        752.0,
        751.0,
        748.0,
        747.0,
        745.0,
        743.0,
        742.0,
        740.0,
        739.0,
        737.0,
        736.0,
        735.0,
        733.0,
        732.0,
        730.0,
        729.0,
        727.0,
        726.0,
        724.0,
        723.0,
        722.0,
        718.0,
        718.0,
        719.0,
        719.0,
        720.0,
        720.0,
        722.0,
        722.0,
        724.0,
        724.0,
        726.0,
        727.0,
        728.0,
        729.0,
        730.0,
        731.0,
        732.0,
        734.0,
        735.0,
        737.0,
        738.0,
        741.0,
        742.0,
        745.0,
        746.0,
        748.0,
        749.0,
        751.0,
        752.0,
        755.0,
        756.0,
        758.0,
        759.0,
        760.0,
        761.0,
        766.0,
        767.0,
        775.0,
        776.0,
        788.0,
        789.0,
        793.0,
        794.0,
        797.0,
        798.0,
        799.0,
        800.0,
        800.0,
        799.0,
        799.0,
        796.0,
        795.0,
        794.0,
        792.0,
        791.0,
        790.0,
        789.0,
        787.0,
        786.0,
        785.0,
        784.0,
        778.0,
        777.0,
        761.0,
        760.0,
        733.0,
        732.0,
        728.0,
        727.0,
        725.0,
        724.0,
        723.0,
        722.0,
        721.0,
        720.0,
        718.0,
        717.0,
        715.0,
        714.0,
        710.0,
        709.0,
        701.0,
        700.0,
        681.0,
        680.0,
        676.0,
        675.0,
        673.0,
        672.0,
        671.0,
        670.0,
        669.0,
        665.0,
        665.0,
        663.0,
        662.0,
        660.0,
        659.0,
        657.0,
        655.0,
        654.0,
        651.0,
        650.0,
        641.0,
        640.0,
        636.0,
        635.0,
        628.0,
        627.0,
        626.0,
        625.0,
        624.0,
        620.0,
        619.0,
        618.0,
        617.0,
        615.0,
        614.0,
        611.0,
        610.0,
        605.0,
        593.0,
        592.0,
        590.0,
        588.0
      ]
    }
  }
]