[
  {
    "name": "person",
    "class": 0,
    "confidence": 0.87541,
    "box": {
      "x1": 1219.4104,
      "y1": 665.97314,
      "x2": 1335.93762,
      "y2": 914.22852
    },
    "track_id": 1,
    "segments": {
      "x": [
        1280.0,
        1280.0,
        1279.0,
        1279.0,
        1277.0,
        1277.0,
        1276.0,
        1276.0,
        1275.0,
        1275.0,
        1274.0,
        1274.0,
        1273.0,
        1273.0,
        1272.0,
        1272.0,
        1273.0,
        1273.0,
        1275.0,
        1275.0,
        1276.0,
        1277.0,
        1282.0,
        1282.0,
        1283.0,
        1283.0,
        1282.0,
        1282.0,
        1281.0,
        1281.0,
        1278.0,
        1277.0,
        1274.0,
        1274.0,
        1273.0,
        1273.0,
        1272.0,
        1272.0,
        1271.0,
        1271.0,
        1270.0,
        1270.0,
        1268.0,
        1268.0,
        1264.0,
        1264.0,
        1263.0,
        1263.0,
        1262.0,
        1262.0,
        1261.0,
        1261.0,
        1260.0,
        1260.0,
        1259.0,
        1259.0,
        1258.0,
        1258.0,
        1257.0,
        1257.0,
        1256.0,
        1255.0,
        1252.0,
        1251.0,
        1250.0,
        1250.0,
        1248.0,
        1248.0,
        1247.0,
        1247.0,
        1242.0,
        1241.0,
        1237.0,
        1237.0,
        1236.0,
        1236.0,
        1235.0,
        1235.0,
        1234.0,
        1234.0,
        1235.0,
        1235.0,
        1234.0,
        1234.0,
        1233.0,
        1233.0,
        1230.0,
        1228.0,
        1227.0,
        1223.0,
        1222.0,
        1219.0,
        1218.0,
        1215.0,
        1215.0,
        1217.0,
        1218.0,
        1221.0,
        1222.0,
        1224.0,
        1225.0,
        1226.0,
        1227.0,
        1228.0,
        1229.0,
        1231.0,
        1232.0,
        1233.0,
        1234.0,
        1236.0,
        1237.0,
        1239.0,
        1240.0,
        1248.0,
        1249.0,
        1253.0,
        1254.0,
        1255.0,
        1255.0,
        1256.0,
        1256.0,
        1257.0,
        1257.0,
        1258.0,
        1258.0,
        1259.0,
        1259.0,
        1260.0,
        1260.0,
        1261.0,
        1261.0,
        1262.0,
        1262.0,
        1263.0,
        1263.0,
        1264.0,
        1264.0,
        1265.0,
        1266.0,
        1277.0,
        1277.0,
        1279.0,
        1279.0,
        1280.0,
        1280.0,
        1281.0,
        1281.0,
        1282.0,
        1282.0,
        1283.0,
        1283.0,
        1282.0,
        1282.0,
        1283.0,
        1283.0,
        1284.0,
        1284.0,
        1286.0,
        1286.0,
        1289.0,
        1293.0,
        1294.0,
        1297.0,
        1298.0,
        1301.0,
        1305.0,
        1305.0,
        1306.0,
        1306.0,
        1307.0,
        1307.0,
        1308.0,
        1308.0,
        1309.0,
        1309.0,
        1310.0,
        1310.0,
        1318.0,
        1318.0,
        1319.0,
        1319.0,
        1320.0,
        1320.0,
        1321.0,
        1321.0,
        1322.0,
        1322.0,
        1323.0,
        1323.0,
        1324.0,
        1324.0,
        1327.0,
        1327.0,
        1328.0,
        1328.0,
        1329.0,
        1329.0,
        1330.0,
        1330.0,
        1331.0,
        1331.0,
        1332.0,
        1332.0,
        1333.0,
        1333.0,
        1334.0,
        1334.0,
        1335.0,
        1335.0,
        1334.0,
        1334.0,
        1333.0,
        1333.0,
        1332.0,
        1332.0,
        1331.0,
        1331.0,
        1330.0,
        1330.0,
        1326.0,
        1325.0,
        1320.0,
        1320.0,
        1319.0,
        1319.0,
        1318.0,
        1318.0,
        1317.0,
        1317.0,
        1316.0,
        1316.0,
        1315.0,
        1315.0,
        1314.0
      ],
      "y": [
        667.0,
        669.0,
        670.0,
        671.0,
        673.0,
        675.0,
        676.0,
        677.0,
        678.0,
        680.0,
        681.0,
        683.0,
        684.0,
        688.0,
        689.0,
        696.0,
        697.0,
        703.0,
        705.0,
        706.0,
        707.0,
        707.0,
        712.0,
        713.0,
        714.0,
        715.0,
        716.0,
        725.0,
        726.0,
        727.0,
        730.0,
        730.0,
        733.0,
        734.0,
        735.0,
        736.0,
        737.0,
        738.0,
        739.0,
        741.0,
        742.0,
        743.0,
        745.0,
        746.0,
        750.0,
        751.0,
        752.0,
        753.0,
        754.0,
        756.0,
        757.0,
        760.0,
        761.0,
        775.0,
        776.0,
        784.0,
        785.0,
        786.0,
        787.0,
        788.0,
        789.0,
        789.0,
        792.0,
        792.0,
        793.0,
        794.0,
        796.0,
        797.0,
        798.0,
        799.0,
        804.0,
        804.0,
        808.0,
        809.0,
        810.0,
        815.0,
        816.0,
        820.0,
        821.0,
        842.0,
        843.0,
        845.0,
        846.0,
        847.0,
        848.0,
        849.0,
        852.0,
        852.0,
        853.0,
        853.0,
        854.0,
        854.0,
        855.0,
        855.0,
        875.0,
        875.0,
        876.0,
        876.0,
        877.0,
        877.0,
        878.0,
        878.0,
        879.0,
        879.0,
        880.0,
        880.0,
        881.0,
        881.0,
        882.0,
        882.0,
        883.0,
        883.0,
        884.0,
        884.0,
        883.0,
        883.0,
        882.0,
        882.0,
        881.0,
        880.0,
        879.0,
        878.0,
        876.0,
        875.0,
        872.0,
        871.0,
        859.0,
        858.0,
        845.0,
        844.0,
        842.0,
        841.0,
        840.0,
        839.0,
        838.0,
        837.0,
        836.0,
        835.0,
        835.0,
        846.0,
        847.0,
        849.0,
        850.0,
        851.0,
        853.0,
        854.0,
        856.0,
        857.0,
        864.0,
        865.0,
        879.0,
        880.0,
        899.0,
        900.0,
        905.0,
        906.0,
        908.0,
        910.0,
        911.0,
        914.0,
        914.0,
        913.0,
        913.0,
        912.0,
        912.0,
        908.0,
        907.0,
        906.0,
        899.0,
        898.0,
        853.0,
        852.0,
        829.0,
        828.0,
        824.0,
        823.0,
        821.0,
        813.0,
        812.0,
        811.0,
        809.0,
        808.0,
        805.0,
        804.0,
        801.0,
        800.0,
        799.0,
        798.0,
        797.0,
        796.0,
        795.0,
        792.0,
        791.0,
        790.0,
        789.0,
        788.0,
        787.0,
        786.0,
        780.0,
        779.0,
        766.0,
        765.0,
        752.0,
        751.0,
        745.0,
        744.0,
        740.0,
        739.0,
        724.0,
        723.0,
        722.0,
        721.0,
        719.0,
        718.0,
        715.0,
        714.0,
        713.0,
        712.0,
        711.0,
        707.0,
        707.0,
        702.0,
        694.0,
        693.0,
        684.0,
        683.0,
        677.0,
        676.0,
        673.0,
        672.0,
        670.0,
        669.0,
        668.0,
        667.0
      ]
    }
  },
  {
    "name": "person",
    "class": 0,
    "confidence": 0.84771,
    "box": {
      "x1": 837.92847,
      "y1": 642.86688,
      "x2": 936.80206,
      "y2": 789.91003
    },
    "track_id": 2,
    "segments": {
      "x": [
        853.0,
        853.0,
        851.0,
        851.0,
        848.0,
        848.0,
        843.0,
        843.0,
        841.0,
        841.0,
        840.0,
        840.0,
        839.0,
        839.0,
        838.0,
        838.0,
        839.0,
        839.0,
        840.0,
        840.0,
        841.0,
        841.0,
        842.0,
        842.0,
        847.0,
        847.0,
        848.0,
        848.0,
        849.0,
        849.0,
        850.0,
        850.0,
        849.0,
        849.0,
        848.0,
        848.0,
        843.0,
        843.0,
        841.0,
        841.0,
        840.0,
        840.0,
        839.0,
        839.0,
        838.0,
        838.0,
        839.0,
        839.0,
        842.0,
        860.0,
        861.0,
        862.0,
        862.0,
        864.0,
        864.0,
        870.0,
        871.0,
        872.0,
        873.0,
        875.0,
        875.0,
        876.0,
        875.0,
        875.0,
        876.0,
        876.0,
        877.0,
        877.0,
        878.0,
        878.0,
        879.0,
        879.0,
        880.0,
        880.0,
        882.0,
        882.0,
        884.0,
        884.0,
        885.0,
        885.0,
        891.0,
        892.0,
        893.0,
        897.0,
        898.0,
        904.0,
        905.0,
        906.0,
        907.0,
        908.0,
        919.0,
        920.0,
        924.0,
        924.0,
        926.0,
        926.0,
        927.0,
        927.0,
        928.0,
        928.0,
        929.0,
        929.0,
        930.0,
        930.0,
        931.0,
        931.0,
        932.0,
        932.0,
        933.0,
        933.0,
        934.0,
        934.0,
        935.0,
        935.0,
        936.0,
        936.0,
        935.0,
        935.0,
        934.0,
        934.0,
        933.0,
        933.0,
        930.0,
        929.0,
        926.0,
        926.0,
        921.0,
        920.0,
        919.0,
        918.0,
        917.0,
        916.0,
        911.0,
        911.0,
        910.0,
        910.0,
        908.0,
        907.0,
        905.0,
        902.0,
        901.0,
        898.0,
        897.0,
        896.0,
        895.0,
        893.0,
        892.0
      ],
      "y": [
        643.0,
        644.0,
        646.0,
        647.0,
        650.0,
        651.0,
        656.0,
        657.0,
        659.0,
        660.0,
        661.0,
        662.0,
        663.0,
        664.0,
        665.0,
        683.0,
        684.0,
        689.0,
        690.0,
        692.0,
        693.0,
        694.0,
        695.0,
        696.0,
        701.0,
        702.0,
        703.0,
        706.0,
        707.0,
        710.0,
        711.0,
        717.0,
        718.0,
        723.0,
        724.0,
        726.0,
        731.0,
        732.0,
        734.0,
        736.0,
        737.0,
        742.0,
        743.0,
        751.0,
        752.0,
        784.0,
        785.0,
        786.0,
        789.0,
        789.0,
        788.0,
        788.0,
        787.0,
        785.0,
        784.0,
        778.0,
        778.0,
        777.0,
        777.0,
        775.0,
        774.0,
        773.0,
        772.0,
        750.0,
        749.0,
        744.0,
        743.0,
        739.0,
        738.0,
        736.0,
        735.0,
        734.0,
        733.0,
        732.0,
        730.0,
        729.0,
        727.0,
        726.0,
        725.0,
        724.0,
        718.0,
        718.0,
        717.0,
        717.0,
        718.0,
        718.0,
        719.0,
        719.0,
        720.0,
        720.0,
        731.0,
        731.0,
        735.0,
        736.0,
        738.0,
        739.0,
        740.0,
        741.0,
        742.0,
        743.0,
        744.0,
        745.0,
        745.0,
        744.0,
        743.0,
        742.0,
        741.0,
        739.0,
        738.0,
        734.0,
        733.0,
        725.0,
        724.0,
        694.0,
        693.0,
        688.0,
        687.0,
        677.0,
        676.0,
        675.0,
        674.0,
        673.0,
        670.0,
        670.0,
        667.0,
        666.0,
        661.0,
        661.0,
        660.0,
        660.0,
        659.0,
        659.0,
        654.0,
        653.0,
        652.0,
        651.0,
        649.0,
        649.0,
        647.0,
        647.0,
        646.0,
        646.0,
        645.0,
        645.0,
        644.0,
        644.0,
        643.0
      ]
    }
  }
]