[
  {
    "name": "person",
    "class": 0,
    "confidence": 0.90886,
    "box": {
      "x1": 1018.14386,
      "y1": 555.89557,
      "x2": 1114.06689,
      "y2": 752.56036
    },
    "track_id": 1,
    "segments": {
      "x": [
        1057.0,
        1057.0,
        1056.0,
        1056.0,
        1055.0,
        1055.0,
        1054.0,
        1054.0,
        1053.0,
        1053.0,
        1048.0,
        1048.0,
        1046.0,
        1046.0,
        1045.0,
        1045.0,
        1044.0,
        1044.0,
        1043.0,
        1043.0,
        1042.0,
        1042.0,
        1036.0,
        1036.0,
        1034.0,
        1034.0,
        1033.0,
        1033.0,
        1032.0,
        1032.0,
        1033.0,
        1033.0,
        1037.0,
        1038.0,
        1043.0,
        1043.0,
        1042.0,
        1042.0,
        1041.0,
        1041.0,
        1040.0,
        1040.0,
        1039.0,
        1039.0,
        1035.0,
        1035.0,
        1034.0,
        1034.0,
        1033.0,
        1033.0,
        1032.0,
        1032.0,
        1031.0,
        1031.0,
        1030.0,
        1030.0,
        1029.0,
        1029.0,
        1027.0,
        1026.0,
        1025.0,
        1024.0,
        1022.0,
        1021.0,
        1018.0,
        1018.0,
        1032.0,
        1039.0,
        1040.0,
        1043.0,
        1043.0,
        1045.0,
        1045.0,
        1047.0,
        1047.0,
        1053.0,
        1053.0,
        1054.0,
        1054.0,
        1055.0,
        1055.0,
        1056.0,
        1056.0,
        1057.0,
        1057.0,
        1061.0,
        1063.0,
        1066.0,
        1066.0,
        1067.0,
        1067.0,
        1068.0,
        1068.0,
        1069.0,
        1069.0,
        1070.0,
        1070.0,
        1074.0,
        1079.0,
        1080.0,
        1087.0,
        1089.0,
        1090.0,
        1093.0,
        1093.0,
        1092.0,
        1092.0,
        1091.0,
        1091.0,
        1092.0,
        1092.0,
        1093.0,
        1093.0,
        1094.0,
        1094.0,
        1095.0,
        1095.0,
        1101.0,
        1101.0,
        1102.0,
        1102.0,
        1103.0,
        1103.0,
        1104.0,
        1104.0,
        1105.0,
        1105.0,
        1106.0,
        1106.0,
        1107.0,
        1107.0,
        1112.0,
        1112.0,
        1114.0,
        1114.0,
        1112.0,
        1112.0,
        1106.0,
        1106.0,
        1105.0,
        1105.0,
        1103.0,
        1103.0,
        1100.0,
        1100.0,
        1095.0,
        1095.0,
        1093.0,
        1093.0,
        1092.0,
        1092.0,
        1091.0,
        1091.0,
        1090.0,
        1090.0,
        1089.0
      ],
      "y": [
        556.0,
        559.0,
        560.0,
        569.0,
        570.0,
        575.0,
        576.0,
        579.0,
        580.0,
        582.0,
        587.0,
        588.0,
        590.0,
        591.0,
        592.0,
        596.0,
        597.0,
        607.0,
        608.0,
        614.0,
        615.0,
        618.0,
        624.0,
        625.0,
        627.0,
        628.0,
        629.0,
        636.0,
        637.0,
        654.0,
        655.0,
        656.0,
        660.0,
        660.0,
        665.0,
        678.0,
        679.0,
        683.0,
        684.0,
        687.0,
        688.0,
        689.0,
        690.0,
        691.0,
        695.0,
        696.0,
        697.0,
        699.0,
        700.0,
        703.0,
        704.0,
        714.0,
        715.0,
        721.0,
        722.0,
        725.0,
        726.0,
        727.0,
        729.0,
        729.0,
        730.0,
        730.0,
        732.0,
        732.0,
        735.0,
        752.0,
        752.0,
        745.0,
        745.0,
        742.0,
        741.0,
        739.0,
        738.0,
        736.0,
        735.0,
        729.0,
        728.0,
        727.0,
        723.0,
        722.0,
        712.0,
        711.0,
        706.0,
        705.0,
        702.0,
        698.0,
        698.0,
        701.0,
        703.0,
        704.0,
        706.0,
        707.0,
        711.0,
        712.0,
        737.0,
        738.0,
        739.0,
        743.0,
        743.0,
        744.0,
        744.0,
        742.0,
        742.0,
        739.0,
        731.0,
        730.0,
        715.0,
        714.0,
        710.0,
        709.0,
        686.0,
        685.0,
        682.0,
        681.0,
        679.0,
        678.0,
        677.0,
        671.0,
        670.0,
        669.0,
        668.0,
        667.0,
        664.0,
        663.0,
        660.0,
        659.0,
        657.0,
        656.0,
        655.0,
        654.0,
        653.0,
        648.0,
        647.0,
        645.0,
        602.0,
        600.0,
        599.0,
        593.0,
        592.0,
        591.0,
        590.0,
        588.0,
        587.0,
        584.0,
        583.0,
        578.0,
        577.0,
        575.0,
        574.0,
        573.0,
        572.0,
        571.0,
        564.0,
        563.0,
        557.0,
        556.0
      ]
    }
  },
  {
    "name": "person",
    "class": 0,
    "confidence": 0.86775,
    "box": {
      "x1": 843.05389,
      "y1": 582.37512,
      "x2": 929.71783,
      "y2": 800.31598
    },
    "track_id": 2,
    "segments": {
      "x": [
        899.0,
        898.0,
        898.0,
        897.0,
        897.0,
        894.0,
        893.0,
        892.0,
        889.0,
        888.0,
        884.0,
        883.0,
        880.0,
        879.0,
        877.0,
        876.0,
        875.0,
        873.0,
        872.0,
        867.0,
        867.0,
        865.0,
        865.0,
        864.0,
        864.0,
        863.0,
        863.0,
        862.0,
        862.0,
        861.0,
        861.0,
        857.0,
        857.0,
        855.0,
        855.0,
        854.0,
        854.0,
        853.0,
        853.0,
        852.0,
        852.0,
        851.0,
        851.0,
        850.0,
        850.0,
        849.0,
        849.0,
        848.0,
        848.0,
        844.0,
        843.0,
        843.0,
        844.0,
        844.0,
        843.0,
        843.0,
        844.0,
        844.0,
        845.0,
        845.0,
        846.0,
        846.0,
        847.0,
        847.0,
        848.0,
        848.0,
        849.0,
        849.0,
        850.0,
        850.0,
        855.0,
        856.0,
        857.0,
        859.0,
        860.0,
        861.0,
        862.0,
        863.0,
        868.0,
        868.0,
        869.0,
        870.0,
        871.0,
        871.0,
        872.0,
        872.0,
        873.0,
        873.0,
        874.0,
        874.0,
        875.0,
        875.0,
        876.0,
        876.0,
        877.0,
        877.0,
        898.0,
        901.0,
        902.0,
        904.0,
        905.0,
        908.0,
        908.0,
        909.0,
        909.0,
        910.0,
        910.0,
        908.0,
        908.0,
        907.0,
        906.0,
        902.0,
        902.0,
        901.0,
        901.0,
        900.0,
        900.0,
        899.0,
        899.0,
        900.0,
        900.0,
        899.0,
        899.0,
        898.0,
        898.0,
        897.0,
        897.0,
        898.0,
        898.0,
        899.0,
        899.0,
        900.0,
        900.0,
        901.0,
        901.0,
        906.0,
        907.0,
        909.0,
        910.0,
        912.0,
        912.0,
        913.0,
        913.0,
        914.0,
        914.0,
        915.0,
        915.0,
        916.0,
        916.0,
        917.0,
        917.0,
        919.0,
        919.0,
        920.0,
        920.0,
        921.0,
        921.0,
        923.0,
        923.0,
        924.0,
        924.0,
        926.0,
        926.0,
        928.0,
        928.0,
        929.0,
        929.0
      ],
      "y": [
        583.0,
        584.0,
        591.0,
        592.0,
        594.0,
        597.0,
        597.0,
        598.0,
        598.0,
        599.0,
        599.0,
        600.0,
        600.0,
        601.0,
        601.0,
        602.0,
        602.0,
        604.0,
        604.0,
        609.0,
        610.0,
        612.0,
        614.0,
        615.0,
        616.0,
        617.0,
        619.0,
        620.0,
        621.0,
        622.0,
        623.0,
        627.0,
        628.0,
        630.0,
        631.0,
        632.0,
        634.0,
        635.0,
        636.0,
        637.0,
        640.0,
        641.0,
        644.0,
        645.0,
        647.0,
        648.0,
        649.0,
        650.0,
        651.0,
        655.0,
        655.0,
        711.0,
        712.0,
        720.0,
        721.0,
        739.0,
        740.0,
        744.0,
        745.0,
        749.0,
        750.0,
        751.0,
        752.0,
        754.0,
        755.0,
        758.0,
        759.0,
        761.0,
        762.0,
        763.0,
        768.0,
        768.0,
        769.0,
        769.0,
        768.0,
        768.0,
        767.0,
        767.0,
        762.0,
        761.0,
        760.0,
        760.0,
        761.0,
        763.0,
        764.0,
        766.0,
        767.0,
        769.0,
        770.0,
        777.0,
        778.0,
        790.0,
        791.0,
        797.0,
        798.0,
        799.0,
        799.0,
        796.0,
        796.0,
        794.0,
        794.0,
        791.0,
        790.0,
        789.0,
        788.0,
        787.0,
        784.0,
        782.0,
        781.0,
        780.0,
        780.0,
        776.0,
        775.0,
        774.0,
        773.0,
        772.0,
        766.0,
        765.0,
        721.0,
        720.0,
        698.0,
        697.0,
        692.0,
        691.0,
        685.0,
        684.0,
        675.0,
        674.0,
        672.0,
        671.0,
        669.0,
        668.0,
        667.0,
        666.0,
        665.0,
        660.0,
        660.0,
        658.0,
        658.0,
        656.0,
        655.0,
        654.0,
        634.0,
        633.0,
        629.0,
        628.0,
        627.0,
        626.0,
        625.0,
        624.0,
        623.0,
        621.0,
        619.0,
        618.0,
        617.0,
        616.0,
        615.0,
        613.0,
        612.0,
        611.0,
        610.0,
        608.0,
        607.0,
        605.0,
        604.0,
        603.0,
        583.0
      ]
    }
  }
]