[
  {
    "name": "person",
    "class": 0,
    "confidence": 0.8322,
    "box": {
      "x1": 1149.49084,
      "y1": 611.0285,
      "x2": 1223.24915,
      "y2": 845.67261
    },
    "track_id": 1,
    "segments": {
      "x": [
        1170.0,
        1170.0,
        1169.0,
        1169.0,
        1168.0,
        1168.0,
        1167.0,
        1167.0,
        1166.0,
        1166.0,
        1165.0,
        1165.0,
        1164.0,
        1164.0,
        1165.0,
        1165.0,
        1166.0,
        1166.0,
        1167.0,
        1167.0,
        1169.0,
        1170.0,
        1172.0,
        1172.0,
        1174.0,
        1174.0,
        1175.0,
        1175.0,
        1174.0,
        1174.0,
        1173.0,
        1173.0,
        1171.0,
        1171.0,
        1167.0,
        1167.0,
        1166.0,
        1166.0,
        1165.0,
        1165.0,
        1164.0,
        1164.0,
        1163.0,
        1163.0,
        1162.0,
        1162.0,
        1161.0,
        1161.0,
        1160.0,
        1160.0,
        1159.0,
        1159.0,
        1158.0,
        1157.0,
        1155.0,
        1155.0,
        1153.0,
        1153.0,
        1152.0,
        1152.0,
        1151.0,
        1151.0,
        1150.0,
        1150.0,
        1149.0,
        1149.0,
        1148.0,
        1148.0,
        1155.0,
        1156.0,
        1157.0,
        1159.0,
        1159.0,
        1160.0,
        1160.0,
        1164.0,
        1165.0,
        1166.0,
        1167.0,
        1168.0,
        1169.0,
        1171.0,
        1172.0,
        1177.0,
        1177.0,
        1178.0,
        1178.0,
        1179.0,
        1179.0,
        1199.0,
        1206.0,
        1207.0,
        1208.0,
        1209.0,
        1211.0,
        1211.0,
        1212.0,
        1212.0,
        1213.0,
        1213.0,
        1214.0,
        1214.0,
        1215.0,
        1215.0,
        1212.0,
        1211.0,
        1208.0,
        1207.0,
        1202.0,
        1202.0,
        1201.0,
        1201.0,
        1200.0,
        1200.0,
        1198.0,
        1198.0,
        1197.0,
        1197.0,
        1195.0,
        1195.0,
        1190.0,
        1190.0,
        1189.0,
        1189.0,
        1188.0,
        1188.0,
        1187.0,
        1187.0,
        1188.0,
        1188.0,
        1189.0,
        1189.0,
        1190.0,
        1190.0,
        1194.0,
        1195.0,
        1198.0,
        1198.0,
        1199.0,
        1199.0,
        1200.0,
        1200.0,
        1205.0,
        1206.0,
        1210.0,
        1210.0,
        1211.0,
        1211.0,
        1212.0,
        1212.0,
        1213.0,
        1213.0,
        1214.0,
        1214.0,
        1215.0,
        1215.0,
        1216.0,
        1216.0,
        1217.0,
        1217.0,
        1218.0,
        1218.0,
        1219.0,
        1219.0,
        1220.0,
        1220.0,
        1221.0,
        1221.0,
        1222.0,
        1222.0,
        1219.0,
        1218.0,
        1216.0,
        1215.0,
        1213.0,
        1213.0,
        1211.0,
        1211.0,
        1210.0,
        1210.0,
        1209.0,
        1209.0,
        1208.0,
        1208.0,
        1207.0,
        1207.0,
        1204.0,
        1204.0,
        1203.0,
        1203.0,
        1202.0,
        1202.0,
        1201.0,
        1201.0
      ],
      "y": [
        612.0,
        614.0,
        615.0,
        616.0,
        617.0,
        619.0,
        620.0,
        621.0,
        622.0,
        624.0,
        625.0,
        628.0,
        629.0,
        631.0,
        632.0,
        639.0,
        640.0,
        642.0,
        643.0,
        644.0,
        646.0,
        646.0,
        648.0,
        649.0,
        651.0,
        652.0,
        653.0,
        667.0,
        668.0,
        669.0,
        670.0,
        671.0,
        673.0,
        674.0,
        678.0,
        680.0,
        681.0,
        683.0,
        684.0,
        687.0,
        688.0,
        703.0,
        704.0,
        716.0,
        717.0,
        720.0,
        721.0,
        723.0,
        724.0,
        725.0,
        726.0,
        727.0,
        728.0,
        728.0,
        730.0,
        731.0,
        733.0,
        734.0,
        735.0,
        736.0,
        737.0,
        741.0,
        742.0,
        746.0,
        747.0,
        750.0,
        751.0,
        803.0,
        803.0,
        802.0,
        802.0,
        804.0,
        806.0,
        807.0,
        808.0,
        812.0,
        812.0,
        813.0,
        813.0,
        814.0,
        814.0,
        816.0,
        816.0,
        821.0,
        825.0,
        826.0,
        834.0,
        835.0,
        842.0,
        842.0,
        835.0,
        835.0,
        834.0,
        834.0,
        832.0,
        831.0,
        830.0,
        829.0,
        828.0,
        827.0,
        826.0,
        824.0,
        823.0,
        821.0,
        818.0,
        818.0,
        815.0,
        815.0,
        810.0,
        809.0,
        808.0,
        807.0,
        806.0,
        805.0,
        803.0,
        802.0,
        801.0,
        800.0,
        798.0,
        797.0,
        792.0,
        791.0,
        790.0,
        789.0,
        788.0,
        786.0,
        785.0,
        772.0,
        771.0,
        767.0,
        766.0,
        763.0,
        762.0,
        761.0,
        757.0,
        757.0,
        754.0,
        753.0,
        752.0,
        751.0,
        750.0,
        749.0,
        744.0,
        744.0,
        740.0,
        739.0,
        738.0,
        732.0,
        731.0,
        724.0,
        723.0,
        719.0,
        718.0,
        716.0,
        715.0,
        713.0,
        712.0,
        711.0,
        710.0,
        709.0,
        708.0,
        707.0,
        706.0,
        705.0,
        704.0,
        702.0,
        701.0,
        698.0,
        697.0,
        652.0,
        649.0,
        649.0,
        647.0,
        647.0,
        645.0,
        644.0,
        642.0,
        639.0,
        638.0,
        635.0,
        634.0,
        632.0,
        631.0,
        629.0,
        628.0,
        627.0,
        624.0,
        623.0,
        622.0,
        621.0,
        620.0,
        619.0,
        618.0,
        612.0
      ]
    }
  },
  {
    "name": "person",
    "class": 0,
    "confidence": 0.77478,
    "box": {
      "x1": 836.55414,
      "y1": 607.99182,
      "x2": 933.60736,
      "y2": 791.34955
    },
    "track_id": 2,
    "segments": {
      "x": [
        858.0,
        858.0,
        857.0,
        857.0,
        855.0,
        855.0,
        853.0,
        853.0,
        852.0,
        852.0,
        851.0,
        851.0,
        850.0,
        850.0,
        846.0,
        845.0,
        841.0,
        841.0,
        840.0,
        840.0,
        839.0,
        839.0,
        838.0,
        838.0,
        837.0,
        837.0,
        838.0,
        838.0,
        841.0,
        842.0,
        843.0,
        844.0,
        845.0,
        859.0,
        863.0,
        863.0,
        864.0,
        864.0,
        865.0,
        865.0,
        864.0,
        864.0,
        865.0,
        865.0,
        866.0,
        866.0,
        867.0,
        867.0,
        870.0,
        872.0,
        873.0,
        876.0,
        877.0,
        881.0,
        882.0,
        883.0,
        884.0,
        884.0,
        883.0,
        883.0,
        882.0,
        882.0,
        881.0,
        881.0,
        884.0,
        885.0,
        887.0,
        888.0,
        890.0,
        891.0,
        892.0,
        893.0,
        894.0,
        895.0,
        896.0,
        897.0,
        898.0,
        899.0,
        900.0,
        903.0,
        904.0,
        909.0,
        910.0,
        919.0,
        920.0,
        921.0,
        923.0,
        923.0,
        924.0,
        924.0,
        923.0,
        923.0,
        922.0,
        922.0,
        923.0,
        923.0,
        924.0,
        924.0,
        923.0,
        923.0,
        922.0,
        922.0,
        918.0,
        917.0,
        916.0,
        915.0,
        913.0,
        872.0,
        870.0,
        861.0,
        860.0,
        859.0
      ],
      "y": [
        607.0,
        611.0,
        612.0,
        618.0,
        620.0,
        621.0,
        623.0,
        624.0,
        625.0,
        627.0,
        628.0,
        629.0,
        630.0,
        631.0,
        635.0,
        635.0,
        639.0,
        640.0,
        641.0,
        645.0,
        646.0,
        653.0,
        654.0,
        685.0,
        686.0,
        784.0,
        785.0,
        786.0,
        789.0,
        789.0,
        790.0,
        790.0,
        791.0,
        791.0,
        787.0,
        786.0,
        785.0,
        777.0,
        776.0,
        770.0,
        769.0,
        724.0,
        723.0,
        714.0,
        713.0,
        711.0,
        710.0,
        709.0,
        706.0,
        706.0,
        705.0,
        705.0,
        704.0,
        704.0,
        703.0,
        703.0,
        702.0,
        698.0,
        697.0,
        694.0,
        693.0,
        692.0,
        691.0,
        689.0,
        686.0,
        686.0,
        684.0,
        684.0,
        682.0,
        682.0,
        681.0,
        681.0,
        680.0,
        680.0,
        679.0,
        679.0,
        678.0,
        678.0,
        677.0,
        677.0,
        676.0,
        676.0,
        675.0,
        675.0,
        674.0,
        674.0,
        672.0,
        669.0,
        668.0,
        663.0,
        662.0,
        649.0,
        648.0,
        640.0,
        639.0,
        631.0,
        630.0,
        624.0,
        623.0,
        616.0,
        615.0,
        614.0,
        610.0,
        610.0,
        609.0,
        609.0,
        607.0,
        607.0,
        609.0,
        609.0,
        608.0,
        608.0
      ]
    }
  }
]