[
  {
    "name": "person",
    "class": 0,
    "confidence": 0.86974,
    "box": {
      "x1": 1182.02795,
      "y1": 635.20441,
      "x2": 1273.4729,
      "y2": 863.75879
    },
    "track_id": 1,
    "segments": {
      "x": [
        1213.0,
        1212.0,
        1212.0,
        1211.0,
        1211.0,
        1210.0,
        1210.0,
        1211.0,
        1211.0,
        1212.0,
        1212.0,
        1213.0,
        1213.0,
        1214.0,
        1214.0,
        1215.0,
        1215.0,
        1216.0,
        1216.0,
        1217.0,
        1217.0,
        1215.0,
        1215.0,
        1214.0,
        1214.0,
        1213.0,
        1213.0,
        1212.0,
        1212.0,
        1211.0,
        1211.0,
        1210.0,
        1210.0,
        1209.0,
        1209.0,
        1208.0,
        1208.0,
        1207.0,
        1207.0,
        1206.0,
        1206.0,
        1205.0,
        1205.0,
        1203.0,
        1203.0,
        1202.0,
        1202.0,
        1201.0,
        1201.0,
        1200.0,
        1200.0,
        1199.0,
        1199.0,
        1193.0,
        1192.0,
        1190.0,
        1189.0,
        1183.0,
        1181.0,
        1181.0,
        1183.0,
        1184.0,
        1186.0,
        1187.0,
        1189.0,
        1190.0,
        1192.0,
        1193.0,
        1194.0,
        1195.0,
        1195.0,
        1197.0,
        1197.0,
        1198.0,
        1198.0,
        1199.0,
        1199.0,
        1200.0,
        1200.0,
        1201.0,
        1201.0,
        1200.0,
        1200.0,
        1199.0,
        1199.0,
        1200.0,
        1200.0,
        1201.0,
        1201.0,
        1202.0,
        1202.0,
        1203.0,
        1203.0,
        1204.0,
        1204.0,
        1205.0,
        1205.0,
        1203.0,
        1203.0,
        1201.0,
        1200.0,
        1198.0,
        1197.0,
        1196.0,
        1195.0,
        1194.0,
        1193.0,
        1193.0,
        1192.0,
        1192.0,
        1193.0,
        1193.0,
        1199.0,
        1199.0,
        1202.0,
        1203.0,
        1204.0,
        1206.0,
        1207.0,
        1210.0,
        1211.0,
        1214.0,
        1215.0,
        1219.0,
        1220.0,
        1225.0,
        1226.0,
        1230.0,
        1234.0,
        1234.0,
        1235.0,
        1235.0,
        1236.0,
        1236.0,
        1237.0,
        1237.0,
        1240.0,
        1240.0,
        1241.0,
        1242.0,
        1243.0,
        1243.0,
        1245.0,
        1245.0,
        1246.0,
        1246.0,
        1247.0,
        1247.0,
        1248.0,
        1248.0,
        1249.0,
        1249.0,
        1250.0,
        1250.0,
        1254.0,
        1255.0,
        1256.0,
        1257.0,
        1258.0,
        1259.0,
        1260.0,
        1261.0,
        1262.0,
        1263.0,
        1264.0,
        1265.0,
        1268.0,
        1268.0,
        1269.0,
        1269.0,
        1270.0,
        1270.0,
        1271.0,
        1271.0,
        1272.0,
        1272.0,
        1271.0,
        1271.0,
        1270.0,
        1270.0,
        1267.0,
        1266.0,
        1265.0,
        1264.0,
        1263.0,
        1262.0,
        1261.0,
        1260.0,
        1259.0,
        1258.0,
        1252.0,
        1252.0,
        1250.0,
        1250.0,
        1249.0,
        1249.0,
        1248.0,
        1248.0,
        1247.0,
        1247.0
      ],
      "y": [
        636.0,
        637.0,
        643.0,
        644.0,
        650.0,
        651.0,
        660.0,
        661.0,
        668.0,
        669.0,
        672.0,
        673.0,
        675.0,
        676.0,
        679.0,
        680.0,
        684.0,
        685.0,
        688.0,
        689.0,
        690.0,
        692.0,
        693.0,
        694.0,
        695.0,
        696.0,
        698.0,
        699.0,
        702.0,
        703.0,
        708.0,
        709.0,
        713.0,
        714.0,
        717.0,
        718.0,
        721.0,
        722.0,
        723.0,
        724.0,
        725.0,
        726.0,
        727.0,
        729.0,
        730.0,
        731.0,
        733.0,
        734.0,
        736.0,
        737.0,
        738.0,
        739.0,
        740.0,
        746.0,
        746.0,
        748.0,
        748.0,
        754.0,
        754.0,
        771.0,
        771.0,
        772.0,
        772.0,
        773.0,
        773.0,
        774.0,
        774.0,
        775.0,
        775.0,
        776.0,
        777.0,
        779.0,
        780.0,
        781.0,
        782.0,
        783.0,
        786.0,
        787.0,
        797.0,
        798.0,
        815.0,
        816.0,
        819.0,
        820.0,
        822.0,
        823.0,
        824.0,
        825.0,
        826.0,
        827.0,
        828.0,
        829.0,
        830.0,
        831.0,
        832.0,
        833.0,
        834.0,
        836.0,
        837.0,
        839.0,
        839.0,
        841.0,
        841.0,
        842.0,
        842.0,
        843.0,
        843.0,
        844.0,
        845.0,
        847.0,
        848.0,
        849.0,
        855.0,
        856.0,
        859.0,
        859.0,
        860.0,
        860.0,
        861.0,
        861.0,
        862.0,
        862.0,
        863.0,
        863.0,
        864.0,
        864.0,
        865.0,
        865.0,
        861.0,
        860.0,
        859.0,
        821.0,
        820.0,
        797.0,
        796.0,
        795.0,
        792.0,
        791.0,
        790.0,
        790.0,
        789.0,
        788.0,
        786.0,
        785.0,
        784.0,
        783.0,
        782.0,
        780.0,
        779.0,
        778.0,
        777.0,
        776.0,
        775.0,
        774.0,
        770.0,
        770.0,
        769.0,
        769.0,
        768.0,
        768.0,
        767.0,
        767.0,
        766.0,
        766.0,
        765.0,
        765.0,
        762.0,
        761.0,
        760.0,
        756.0,
        755.0,
        748.0,
        747.0,
        728.0,
        727.0,
        684.0,
        683.0,
        678.0,
        677.0,
        676.0,
        673.0,
        673.0,
        672.0,
        672.0,
        671.0,
        671.0,
        670.0,
        670.0,
        669.0,
        669.0,
        663.0,
        662.0,
        660.0,
        659.0,
        658.0,
        656.0,
        655.0,
        648.0,
        647.0,
        636.0
      ]
    }
  },
  {
    "name": "person",
    "class": 0,
    "confidence": 0.84391,
    "box": {
      "x1": 834.72815,
      "y1": 639.91791,
      "x2": 934.34045,
      "y2": 792.08807
    },
    "track_id": 2,
    "segments": {
      "x": [
        851.0,
        851.0,
        850.0,
        850.0,
        848.0,
        847.0,
        845.0,
        844.0,
        842.0,
        841.0,
        839.0,
        839.0,
        837.0,
        837.0,
        835.0,
        835.0,
        836.0,
        836.0,
        837.0,
        837.0,
        838.0,
        838.0,
        839.0,
        839.0,
        840.0,
        840.0,
        839.0,
        839.0,
        838.0,
        838.0,
        837.0,
        837.0,
        836.0,
        836.0,
        835.0,
        835.0,
        837.0,
        837.0,
        838.0,
        838.0,
        840.0,
        840.0,
        842.0,
        843.0,
        844.0,
        845.0,
        846.0,
        858.0,
        863.0,
        863.0,
        864.0,
        864.0,
        865.0,
        865.0,
        866.0,
        866.0,
        867.0,
        867.0,
        868.0,
        868.0,
        869.0,
        869.0,
        870.0,
        870.0,
        871.0,
        871.0,
        872.0,
        872.0,
        873.0,
        873.0,
        874.0,
        874.0,
        875.0,
        875.0,
        876.0,
        876.0,
        878.0,
        878.0,
        882.0,
        883.0,
        885.0,
        886.0,
        888.0,
        889.0,
        890.0,
        891.0,
        893.0,
        894.0,
        895.0,
        904.0,
        905.0,
        909.0,
        909.0,
        911.0,
        911.0,
        912.0,
        912.0,
        913.0,
        913.0,
        917.0,
        919.0,
        921.0,
        921.0,
        922.0,
        922.0,
        923.0,
        923.0,
        924.0,
        924.0,
        925.0,
        925.0,
        926.0,
        926.0,
        929.0,
        930.0,
        932.0,
        932.0,
        933.0,
        933.0,
        932.0,
        932.0,
        928.0,
        928.0,
        926.0,
        926.0,
        925.0,
        925.0,
        924.0,
        924.0,
        923.0,
        923.0,
        922.0,
        922.0,
        910.0,
        909.0,
        908.0,
        907.0,
        906.0,
        904.0,
        903.0,
        902.0,
        901.0,
        900.0,
        895.0
      ],
      "y": [
        640.0,
        641.0,
        642.0,
        643.0,
        645.0,
        645.0,
        647.0,
        647.0,
        649.0,
        649.0,
        651.0,
        652.0,
        654.0,
        655.0,
        657.0,
        690.0,
        691.0,
        693.0,
        694.0,
        698.0,
        699.0,
        704.0,
        705.0,
        712.0,
        713.0,
        715.0,
        716.0,
        736.0,
        737.0,
        753.0,
        754.0,
        760.0,
        761.0,
        763.0,
        764.0,
        779.0,
        781.0,
        782.0,
        783.0,
        784.0,
        786.0,
        787.0,
        789.0,
        789.0,
        790.0,
        790.0,
        791.0,
        791.0,
        786.0,
        779.0,
        778.0,
        760.0,
        759.0,
        756.0,
        755.0,
        753.0,
        752.0,
        751.0,
        750.0,
        748.0,
        747.0,
        746.0,
        745.0,
        744.0,
        743.0,
        742.0,
        741.0,
        740.0,
        739.0,
        725.0,
        724.0,
        714.0,
        713.0,
        712.0,
        711.0,
        710.0,
        708.0,
        707.0,
        703.0,
        703.0,
        701.0,
        701.0,
        699.0,
        699.0,
        698.0,
        698.0,
        696.0,
        697.0,
        697.0,
        706.0,
        706.0,
        710.0,
        711.0,
        713.0,
        714.0,
        715.0,
        716.0,
        717.0,
        718.0,
        722.0,
        722.0,
        720.0,
        719.0,
        718.0,
        716.0,
        715.0,
        711.0,
        710.0,
        703.0,
        702.0,
        701.0,
        700.0,
        699.0,
        696.0,
        696.0,
        694.0,
        693.0,
        692.0,
        682.0,
        681.0,
        678.0,
        674.0,
        673.0,
        671.0,
        670.0,
        669.0,
        668.0,
        667.0,
        666.0,
        665.0,
        663.0,
        662.0,
        661.0,
        649.0,
        649.0,
        648.0,
        648.0,
        647.0,
        647.0,
        646.0,
        646.0,
        645.0,
        645.0,
        640.0
      ]
    }
  }
]