[
  {
    "name": "person",
    "class": 0,
    "confidence": 0.8838,
    "box": {
      "x1": 1017.72003,
      "y1": 567.2605,
      "x2": 1101.57983,
      "y2": 761.45697
    },
    "track_id": 1,
    "segments": {
      "x": [
        1018.0,
        1018.0,
        1019.0,
        1019.0,
        1020.0,
        1020.0,
        1021.0,
        1021.0,
        1022.0,
        1022.0,
        1023.0,
        1023.0,
        1028.0,
        1028.0,
        1029.0,
        1029.0,
        1028.0,
        1028.0,
        1023.0,
        1023.0,
        1021.0,
        1021.0,
        1020.0,
        1020.0,
        1019.0,
        1019.0,
        1018.0,
        1018.0,
        1023.0,
        1024.0,
        1029.0,
        1030.0,
        1033.0,
        1035.0,
        1035.0,
        1036.0,
        1036.0,
        1037.0,
        1038.0,
        1039.0,
        1039.0,
        1038.0,
        1038.0,
        1036.0,
        1036.0,
        1035.0,
        1035.0,
        1034.0,
        1034.0,
        1033.0,
        1033.0,
        1032.0,
        1032.0,
        1031.0,
        1031.0,
        1030.0,
        1030.0,
        1029.0,
        1029.0,
        1024.0,
        1023.0,
        1018.0,
        1018.0,
        1019.0,
        1021.0,
        1022.0,
        1024.0,
        1025.0,
        1026.0,
        1027.0,
        1029.0,
        1030.0,
        1031.0,
        1033.0,
        1034.0,
        1042.0,
        1042.0,
        1044.0,
        1044.0,
        1045.0,
        1045.0,
        1046.0,
        1046.0,
        1052.0,
        1052.0,
        1053.0,
        1053.0,
        1054.0,
        1054.0,
        1055.0,
        1055.0,
        1056.0,
        1056.0,
        1057.0,
        1057.0,
        1058.0,
        1058.0,
        1061.0,
        1062.0,
        1065.0,
        1065.0,
        1066.0,
        1066.0,
        1067.0,
        1067.0,
        1068.0,
        1068.0,
        1069.0,
        1069.0,
        1070.0,
        1070.0,
        1071.0,
        1071.0,
        1076.0,
        1087.0,
        1087.0,
        1088.0,
        1088.0,
        1089.0,
        1089.0,
        1090.0,
        1090.0,
        1091.0,
        1091.0,
        1092.0,
        1092.0,
        1093.0,
        1093.0,
        1094.0,
        1094.0,
        1095.0,
        1095.0,
        1098.0,
        1098.0,
        1100.0,
        1100.0,
        1101.0,
        1101.0,
        1100.0,
        1100.0,
        1094.0,
        1094.0,
        1093.0,
        1093.0,
        1092.0,
        1092.0,
        1091.0,
        1091.0,
        1090.0,
        1090.0,
        1089.0,
        1089.0,
        1081.0,
        1081.0,
        1079.0,
        1078.0,
        1076.0,
        1075.0,
        1074.0,
        1072.0,
        1071.0,
        1069.0,
        1067.0,
        1066.0,
        1064.0,
        1063.0,
        1050.0,
        1050.0
      ],
      "y": [
        568.0,
        580.0,
        581.0,
        588.0,
        589.0,
        594.0,
        595.0,
        596.0,
        597.0,
        598.0,
        599.0,
        600.0,
        605.0,
        613.0,
        614.0,
        617.0,
        618.0,
        619.0,
        624.0,
        625.0,
        627.0,
        629.0,
        630.0,
        636.0,
        637.0,
        644.0,
        645.0,
        673.0,
        673.0,
        674.0,
        674.0,
        673.0,
        673.0,
        671.0,
        667.0,
        666.0,
        664.0,
        663.0,
        663.0,
        664.0,
        674.0,
        675.0,
        678.0,
        680.0,
        682.0,
        683.0,
        689.0,
        690.0,
        693.0,
        694.0,
        699.0,
        700.0,
        713.0,
        714.0,
        718.0,
        719.0,
        722.0,
        723.0,
        725.0,
        730.0,
        730.0,
        735.0,
        752.0,
        753.0,
        753.0,
        754.0,
        754.0,
        755.0,
        755.0,
        754.0,
        754.0,
        753.0,
        753.0,
        751.0,
        751.0,
        743.0,
        742.0,
        740.0,
        739.0,
        738.0,
        737.0,
        736.0,
        735.0,
        729.0,
        728.0,
        727.0,
        726.0,
        725.0,
        720.0,
        719.0,
        711.0,
        710.0,
        703.0,
        702.0,
        701.0,
        700.0,
        699.0,
        696.0,
        696.0,
        699.0,
        700.0,
        701.0,
        702.0,
        703.0,
        711.0,
        712.0,
        753.0,
        754.0,
        756.0,
        757.0,
        759.0,
        760.0,
        761.0,
        761.0,
        750.0,
        749.0,
        748.0,
        745.0,
        744.0,
        739.0,
        738.0,
        730.0,
        729.0,
        697.0,
        696.0,
        684.0,
        683.0,
        678.0,
        677.0,
        676.0,
        675.0,
        674.0,
        671.0,
        670.0,
        668.0,
        667.0,
        666.0,
        630.0,
        629.0,
        628.0,
        622.0,
        621.0,
        620.0,
        619.0,
        618.0,
        613.0,
        612.0,
        605.0,
        604.0,
        603.0,
        602.0,
        601.0,
        593.0,
        592.0,
        590.0,
        590.0,
        588.0,
        588.0,
        587.0,
        587.0,
        586.0,
        586.0,
        584.0,
        584.0,
        582.0,
        582.0,
        569.0,
        568.0
      ]
    }
  },
  {
    "name": "person",
    "class": 0,
    "confidence": 0.83516,
    "box": {
      "x1": 850.99921,
      "y1": 595.81061,
      "x2": 951.70795,
      "y2": 800.62549
    },
    "track_id": 2,
    "segments": {
      "x": [
        917.0,
        915.0,
        915.0,
        913.0,
        913.0,
        912.0,
        912.0,
        906.0,
        901.0,
        900.0,
        894.0,
        893.0,
        892.0,
        889.0,
        889.0,
        885.0,
        884.0,
        883.0,
        882.0,
        880.0,
        879.0,
        877.0,
        877.0,
        876.0,
        876.0,
        875.0,
        875.0,
        866.0,
        866.0,
        865.0,
        865.0,
        864.0,
        864.0,
        863.0,
        863.0,
        862.0,
        862.0,
        861.0,
        861.0,
        860.0,
        860.0,
        855.0,
        855.0,
        854.0,
        854.0,
        853.0,
        853.0,
        852.0,
        852.0,
        851.0,
        851.0,
        852.0,
        853.0,
        855.0,
        856.0,
        857.0,
        861.0,
        861.0,
        859.0,
        859.0,
        855.0,
        855.0,
        854.0,
        854.0,
        853.0,
        853.0,
        852.0,
        852.0,
        851.0,
        851.0,
        852.0,
        853.0,
        855.0,
        856.0,
        858.0,
        859.0,
        861.0,
        862.0,
        864.0,
        865.0,
        866.0,
        867.0,
        868.0,
        871.0,
        871.0,
        872.0,
        872.0,
        873.0,
        873.0,
        874.0,
        874.0,
        875.0,
        875.0,
        876.0,
        876.0,
        877.0,
        877.0,
        878.0,
        878.0,
        879.0,
        879.0,
        881.0,
        882.0,
        895.0,
        895.0,
        896.0,
        896.0,
        895.0,
        895.0,
        894.0,
        894.0,
        893.0,
        893.0,
        894.0,
        894.0,
        895.0,
        895.0,
        896.0,
        896.0,
        897.0,
        897.0,
        900.0,
        911.0,
        912.0,
        913.0,
        915.0,
        915.0,
        918.0,
        918.0,
        919.0,
        919.0,
        920.0,
        920.0,
        921.0,
        921.0,
        922.0,
        922.0,
        923.0,
        923.0,
        924.0,
        924.0,
        926.0,
        926.0,
        927.0,
        928.0,
        931.0,
        931.0,
        932.0,
        932.0,
        933.0,
        933.0,
        934.0,
        934.0,
        935.0,
        935.0,
        936.0,
        936.0,
        941.0,
        941.0,
        940.0,
        940.0,
        939.0,
        938.0,
        930.0,
        929.0,
        928.0,
        926.0,
        925.0,
        924.0,
        923.0,
        922.0,
        920.0,
        919.0,
        918.0,
        916.0,
        916.0,
        915.0,
        915.0,
        914.0,
        914.0,
        915.0,
        915.0,
        916.0,
        916.0,
        917.0,
        917.0,
        920.0,
        921.0,
        922.0,
        923.0,
        924.0,
        926.0,
        927.0,
        929.0,
        930.0,
        931.0,
        934.0,
        934.0,
        935.0,
        935.0,
        936.0,
        936.0,
        941.0,
        942.0,
        944.0,
        944.0,
        945.0,
        945.0,
        946.0,
        946.0,
        947.0,
        947.0,
        946.0,
        946.0,
        945.0,
        945.0,
        944.0,
        944.0,
        942.0
      ],
      "y": [
        596.0,
        598.0,
        599.0,
        601.0,
        603.0,
        604.0,
        606.0,
        612.0,
        612.0,
        613.0,
        613.0,
        614.0,
        614.0,
        617.0,
        618.0,
        622.0,
        622.0,
        623.0,
        623.0,
        625.0,
        625.0,
        627.0,
        628.0,
        629.0,
        630.0,
        631.0,
        632.0,
        641.0,
        642.0,
        643.0,
        646.0,
        647.0,
        650.0,
        651.0,
        654.0,
        655.0,
        656.0,
        657.0,
        658.0,
        659.0,
        660.0,
        665.0,
        666.0,
        667.0,
        668.0,
        669.0,
        670.0,
        671.0,
        673.0,
        674.0,
        707.0,
        707.0,
        708.0,
        708.0,
        709.0,
        709.0,
        713.0,
        715.0,
        717.0,
        718.0,
        722.0,
        723.0,
        724.0,
        725.0,
        726.0,
        727.0,
        728.0,
        730.0,
        731.0,
        766.0,
        766.0,
        767.0,
        767.0,
        768.0,
        768.0,
        767.0,
        767.0,
        766.0,
        766.0,
        765.0,
        765.0,
        764.0,
        764.0,
        761.0,
        760.0,
        759.0,
        758.0,
        757.0,
        756.0,
        755.0,
        753.0,
        752.0,
        750.0,
        749.0,
        746.0,
        745.0,
        743.0,
        742.0,
        740.0,
        739.0,
        738.0,
        736.0,
        736.0,
        749.0,
        754.0,
        755.0,
        772.0,
        773.0,
        778.0,
        779.0,
        783.0,
        784.0,
        786.0,
        787.0,
        789.0,
        790.0,
        792.0,
        793.0,
        795.0,
        796.0,
        797.0,
        800.0,
        800.0,
        799.0,
        799.0,
        797.0,
        796.0,
        793.0,
        792.0,
        791.0,
        790.0,
        789.0,
        788.0,
        787.0,
        779.0,
        778.0,
        742.0,
        741.0,
        724.0,
        723.0,
        721.0,
        719.0,
        718.0,
        717.0,
        717.0,
        714.0,
        712.0,
        711.0,
        707.0,
        706.0,
        703.0,
        702.0,
        699.0,
        698.0,
        696.0,
        695.0,
        694.0,
        689.0,
        682.0,
        681.0,
        680.0,
        680.0,
        679.0,
        679.0,
        678.0,
        678.0,
        676.0,
        676.0,
        675.0,
        675.0,
        674.0,
        674.0,
        673.0,
        673.0,
        671.0,
        670.0,
        669.0,
        668.0,
        667.0,
        651.0,
        650.0,
        648.0,
        647.0,
        645.0,
        644.0,
        643.0,
        640.0,
        640.0,
        639.0,
        639.0,
        638.0,
        638.0,
        637.0,
        637.0,
        636.0,
        636.0,
        633.0,
        632.0,
        631.0,
        630.0,
        629.0,
        628.0,
        623.0,
        623.0,
        621.0,
        620.0,
        619.0,
        618.0,
        617.0,
        609.0,
        608.0,
        605.0,
        604.0,
        602.0,
        601.0,
        600.0,
        599.0,
        598.0,
        596.0
      ]
    }
  }
]