[
  {
    "name": "person",
    "class": 0,
    "confidence": 0.88594,
    "box": {
      "x1": 1015.74689,
      "y1": 566.31293,
      "x2": 1099.78088,
      "y2": 761.59644
    },
    "track_id": 1,
    "segments": {
      "x": [
        1019.0,
        1019.0,
        1020.0,
        1020.0,
        1021.0,
        1021.0,
        1022.0,
        1022.0,
        1023.0,
        1023.0,
        1024.0,
        1024.0,
        1023.0,
        1023.0,
        1022.0,
        1022.0,
        1021.0,
        1021.0,
        1020.0,
        1020.0,
        1019.0,
        1019.0,
        1018.0,
        1018.0,
        1017.0,
        1017.0,
        1016.0,
        1016.0,
        1017.0,
        1018.0,
        1024.0,
        1025.0,
        1031.0,
        1033.0,
        1033.0,
        1034.0,
        1034.0,
        1035.0,
        1035.0,
        1036.0,
        1036.0,
        1037.0,
        1038.0,
        1039.0,
        1039.0,
        1040.0,
        1040.0,
        1041.0,
        1040.0,
        1040.0,
        1039.0,
        1039.0,
        1036.0,
        1035.0,
        1035.0,
        1034.0,
        1034.0,
        1033.0,
        1033.0,
        1032.0,
        1032.0,
        1031.0,
        1031.0,
        1030.0,
        1030.0,
        1029.0,
        1029.0,
        1026.0,
        1025.0,
        1020.0,
        1020.0,
        1019.0,
        1019.0,
        1018.0,
        1018.0,
        1017.0,
        1017.0,
        1019.0,
        1020.0,
        1021.0,
        1022.0,
        1023.0,
        1024.0,
        1025.0,
        1026.0,
        1027.0,
        1029.0,
        1030.0,
        1031.0,
        1032.0,
        1033.0,
        1038.0,
        1039.0,
        1040.0,
        1040.0,
        1043.0,
        1043.0,
        1044.0,
        1044.0,
        1045.0,
        1045.0,
        1047.0,
        1047.0,
        1052.0,
        1052.0,
        1053.0,
        1053.0,
        1054.0,
        1054.0,
        1055.0,
        1055.0,
        1056.0,
        1056.0,
        1057.0,
        1057.0,
        1061.0,
        1062.0,
        1066.0,
        1066.0,
        1067.0,
        1067.0,
        1068.0,
        1068.0,
        1069.0,
        1069.0,
        1070.0,
        1070.0,
        1071.0,
        1071.0,
        1076.0,
        1087.0,
        1087.0,
        1088.0,
        1088.0,
        1089.0,
        1089.0,
        1090.0,
        1090.0,
        1091.0,
        1091.0,
        1092.0,
        1092.0,
        1093.0,
        1093.0,
        1094.0,
        1094.0,
        1095.0,
        1095.0,
        1096.0,
        1096.0,
        1099.0,
        1099.0,
        1095.0,
        1095.0,
        1094.0,
        1094.0,
        1093.0,
        1093.0,
        1092.0,
        1092.0,
        1091.0,
        1091.0,
        1090.0,
        1090.0,
        1089.0,
        1089.0,
        1086.0,
        1085.0,
        1081.0,
        1081.0,
        1079.0,
        1079.0,
        1077.0,
        1076.0,
        1074.0,
        1072.0,
        1071.0,
        1070.0,
        1069.0,
        1068.0,
        1067.0,
        1066.0,
        1062.0,
        1061.0,
        1059.0,
        1058.0,
        1056.0,
        1055.0,
        1053.0,
        1052.0,
        1050.0,
        1049.0,
        1047.0,
        1047.0
      ],
      "y": [
        567.0,
        590.0,
        591.0,
        596.0,
        597.0,
        599.0,
        600.0,
        602.0,
        603.0,
        604.0,
        605.0,
        617.0,
        618.0,
        620.0,
        621.0,
        623.0,
        624.0,
        627.0,
        628.0,
        636.0,
        637.0,
        646.0,
        647.0,
        653.0,
        654.0,
        655.0,
        656.0,
        680.0,
        680.0,
        679.0,
        679.0,
        678.0,
        678.0,
        676.0,
        675.0,
        674.0,
        666.0,
        665.0,
        664.0,
        663.0,
        662.0,
        661.0,
        661.0,
        662.0,
        663.0,
        664.0,
        665.0,
        666.0,
        667.0,
        674.0,
        675.0,
        678.0,
        681.0,
        681.0,
        687.0,
        688.0,
        693.0,
        694.0,
        698.0,
        699.0,
        713.0,
        714.0,
        719.0,
        720.0,
        723.0,
        724.0,
        726.0,
        729.0,
        729.0,
        734.0,
        735.0,
        736.0,
        737.0,
        738.0,
        745.0,
        746.0,
        750.0,
        752.0,
        752.0,
        753.0,
        753.0,
        754.0,
        754.0,
        755.0,
        755.0,
        754.0,
        754.0,
        753.0,
        753.0,
        752.0,
        752.0,
        747.0,
        747.0,
        746.0,
        745.0,
        742.0,
        741.0,
        740.0,
        739.0,
        738.0,
        737.0,
        735.0,
        734.0,
        729.0,
        728.0,
        727.0,
        726.0,
        725.0,
        720.0,
        719.0,
        709.0,
        708.0,
        701.0,
        700.0,
        699.0,
        695.0,
        695.0,
        699.0,
        700.0,
        701.0,
        709.0,
        710.0,
        752.0,
        753.0,
        756.0,
        757.0,
        758.0,
        759.0,
        761.0,
        761.0,
        750.0,
        749.0,
        748.0,
        744.0,
        743.0,
        738.0,
        737.0,
        728.0,
        727.0,
        686.0,
        685.0,
        675.0,
        674.0,
        670.0,
        669.0,
        667.0,
        666.0,
        665.0,
        664.0,
        663.0,
        660.0,
        633.0,
        629.0,
        628.0,
        627.0,
        625.0,
        624.0,
        622.0,
        621.0,
        618.0,
        617.0,
        606.0,
        605.0,
        604.0,
        603.0,
        602.0,
        599.0,
        599.0,
        595.0,
        594.0,
        592.0,
        591.0,
        589.0,
        589.0,
        587.0,
        587.0,
        586.0,
        586.0,
        585.0,
        585.0,
        584.0,
        584.0,
        580.0,
        580.0,
        578.0,
        578.0,
        576.0,
        576.0,
        574.0,
        574.0,
        572.0,
        572.0,
        570.0,
        567.0
      ]
    }
  },
  {
    "name": "person",
    "class": 0,
    "confidence": 0.82632,
    "box": {
      "x1": 851.01788,
      "y1": 600.66504,
      "x2": 952.04681,
      "y2": 800.82928
    },
    "track_id": 2,
    "segments": {
      "x": [
        914.0,
        913.0,
        913.0,
        912.0,
        912.0,
        911.0,
        911.0,
        904.0,
        903.0,
        899.0,
        898.0,
        897.0,
        896.0,
        895.0,
        893.0,
        892.0,
        889.0,
        888.0,
        884.0,
        883.0,
        881.0,
        877.0,
        877.0,
        876.0,
        876.0,
        875.0,
        875.0,
        874.0,
        874.0,
        872.0,
        872.0,
        867.0,
        867.0,
        865.0,
        865.0,
        864.0,
        864.0,
        863.0,
        863.0,
        861.0,
        861.0,
        857.0,
        856.0,
        855.0,
        855.0,
        853.0,
        853.0,
        852.0,
        852.0,
        853.0,
        856.0,
        857.0,
        859.0,
        859.0,
        855.0,
        855.0,
        854.0,
        854.0,
        853.0,
        853.0,
        852.0,
        852.0,
        854.0,
        855.0,
        859.0,
        860.0,
        861.0,
        862.0,
        863.0,
        864.0,
        865.0,
        866.0,
        867.0,
        872.0,
        872.0,
        873.0,
        873.0,
        874.0,
        874.0,
        875.0,
        875.0,
        876.0,
        876.0,
        877.0,
        877.0,
        878.0,
        878.0,
        879.0,
        879.0,
        880.0,
        880.0,
        881.0,
        883.0,
        884.0,
        886.0,
        887.0,
        889.0,
        890.0,
        891.0,
        892.0,
        893.0,
        895.0,
        895.0,
        896.0,
        896.0,
        897.0,
        897.0,
        898.0,
        898.0,
        897.0,
        897.0,
        896.0,
        896.0,
        895.0,
        895.0,
        894.0,
        894.0,
        893.0,
        893.0,
        894.0,
        894.0,
        895.0,
        895.0,
        896.0,
        896.0,
        899.0,
        918.0,
        919.0,
        920.0,
        922.0,
        922.0,
        924.0,
        924.0,
        925.0,
        925.0,
        926.0,
        926.0,
        928.0,
        928.0,
        926.0,
        926.0,
        925.0,
        925.0,
        924.0,
        924.0,
        923.0,
        923.0,
        924.0,
        924.0,
        925.0,
        925.0,
        926.0,
        926.0,
        929.0,
        929.0,
        930.0,
        930.0,
        931.0,
        931.0,
        932.0,
        932.0,
        933.0,
        933.0,
        934.0,
        934.0,
        935.0,
        935.0,
        936.0,
        936.0,
        935.0,
        933.0,
        932.0,
        931.0,
        930.0,
        929.0,
        928.0,
        927.0,
        926.0,
        923.0,
        923.0,
        922.0,
        922.0,
        920.0,
        920.0,
        916.0,
        916.0,
        915.0,
        915.0,
        914.0,
        915.0,
        915.0,
        916.0,
        916.0,
        917.0,
        917.0,
        919.0,
        919.0,
        920.0,
        920.0,
        922.0,
        923.0,
        924.0,
        925.0,
        926.0,
        928.0,
        929.0,
        931.0,
        936.0,
        936.0,
        937.0,
        937.0,
        941.0,
        942.0,
        945.0,
        945.0,
        946.0,
        946.0,
        947.0,
        947.0,
        946.0,
        946.0,
        945.0
      ],
      "y": [
        602.0,
        603.0,
        605.0,
        606.0,
        607.0,
        608.0,
        609.0,
        616.0,
        616.0,
        620.0,
        620.0,
        621.0,
        621.0,
        622.0,
        622.0,
        623.0,
        623.0,
        624.0,
        624.0,
        625.0,
        625.0,
        629.0,
        630.0,
        631.0,
        633.0,
        634.0,
        635.0,
        636.0,
        637.0,
        639.0,
        640.0,
        645.0,
        646.0,
        648.0,
        650.0,
        651.0,
        652.0,
        653.0,
        655.0,
        657.0,
        658.0,
        662.0,
        662.0,
        663.0,
        664.0,
        666.0,
        668.0,
        669.0,
        708.0,
        708.0,
        711.0,
        711.0,
        713.0,
        715.0,
        719.0,
        720.0,
        721.0,
        722.0,
        723.0,
        725.0,
        726.0,
        767.0,
        767.0,
        768.0,
        768.0,
        767.0,
        767.0,
        766.0,
        766.0,
        765.0,
        765.0,
        764.0,
        764.0,
        759.0,
        758.0,
        757.0,
        756.0,
        755.0,
        753.0,
        752.0,
        750.0,
        749.0,
        746.0,
        745.0,
        743.0,
        742.0,
        741.0,
        740.0,
        739.0,
        738.0,
        737.0,
        736.0,
        736.0,
        737.0,
        737.0,
        738.0,
        738.0,
        739.0,
        739.0,
        740.0,
        740.0,
        742.0,
        743.0,
        744.0,
        745.0,
        746.0,
        748.0,
        749.0,
        762.0,
        763.0,
        774.0,
        775.0,
        777.0,
        778.0,
        780.0,
        781.0,
        783.0,
        784.0,
        788.0,
        789.0,
        791.0,
        792.0,
        794.0,
        795.0,
        797.0,
        800.0,
        800.0,
        799.0,
        799.0,
        797.0,
        796.0,
        794.0,
        793.0,
        792.0,
        791.0,
        790.0,
        789.0,
        787.0,
        785.0,
        783.0,
        782.0,
        781.0,
        780.0,
        779.0,
        777.0,
        776.0,
        730.0,
        729.0,
        721.0,
        720.0,
        718.0,
        717.0,
        716.0,
        713.0,
        712.0,
        711.0,
        709.0,
        708.0,
        706.0,
        705.0,
        703.0,
        702.0,
        698.0,
        697.0,
        693.0,
        692.0,
        691.0,
        690.0,
        689.0,
        689.0,
        687.0,
        687.0,
        686.0,
        686.0,
        685.0,
        685.0,
        684.0,
        684.0,
        681.0,
        680.0,
        679.0,
        678.0,
        676.0,
        675.0,
        671.0,
        670.0,
        669.0,
        666.0,
        665.0,
        664.0,
        656.0,
        655.0,
        652.0,
        651.0,
        649.0,
        647.0,
        646.0,
        645.0,
        642.0,
        640.0,
        640.0,
        639.0,
        639.0,
        638.0,
        638.0,
        637.0,
        637.0,
        632.0,
        631.0,
        630.0,
        629.0,
        625.0,
        625.0,
        622.0,
        621.0,
        620.0,
        619.0,
        618.0,
        606.0,
        605.0,
        603.0,
        602.0
      ]
    }
  }
]