[
  {
    "name": "person",
    "class": 0,
    "confidence": 0.88433,
    "box": {
      "x1": 1016.83191,
      "y1": 555.72571,
      "x2": 1105.10229,
      "y2": 752.45209
    },
    "track_id": 1,
    "segments": {
      "x": [
        1047.0,
        1047.0,
        1046.0,
        1046.0,
        1045.0,
        1045.0,
        1044.0,
        1044.0,
        1043.0,
        1043.0,
        1042.0,
        1042.0,
        1041.0,
        1041.0,
        1040.0,
        1040.0,
        1037.0,
        1037.0,
        1035.0,
        1035.0,
        1034.0,
        1034.0,
        1033.0,
        1033.0,
        1032.0,
        1032.0,
        1031.0,
        1031.0,
        1030.0,
        1030.0,
        1029.0,
        1029.0,
        1028.0,
        1028.0,
        1021.0,
        1021.0,
        1019.0,
        1019.0,
        1018.0,
        1018.0,
        1020.0,
        1021.0,
        1029.0,
        1030.0,
        1031.0,
        1033.0,
        1033.0,
        1032.0,
        1032.0,
        1031.0,
        1031.0,
        1030.0,
        1030.0,
        1029.0,
        1029.0,
        1025.0,
        1024.0,
        1023.0,
        1022.0,
        1019.0,
        1019.0,
        1018.0,
        1018.0,
        1031.0,
        1037.0,
        1038.0,
        1043.0,
        1043.0,
        1044.0,
        1044.0,
        1045.0,
        1045.0,
        1046.0,
        1046.0,
        1051.0,
        1051.0,
        1052.0,
        1052.0,
        1053.0,
        1053.0,
        1054.0,
        1054.0,
        1055.0,
        1055.0,
        1056.0,
        1056.0,
        1057.0,
        1057.0,
        1058.0,
        1058.0,
        1060.0,
        1060.0,
        1061.0,
        1062.0,
        1063.0,
        1063.0,
        1065.0,
        1065.0,
        1066.0,
        1066.0,
        1067.0,
        1067.0,
        1068.0,
        1068.0,
        1069.0,
        1069.0,
        1070.0,
        1070.0,
        1073.0,
        1075.0,
        1076.0,
        1086.0,
        1088.0,
        1089.0,
        1090.0,
        1090.0,
        1092.0,
        1092.0,
        1091.0,
        1091.0,
        1092.0,
        1092.0,
        1093.0,
        1093.0,
        1098.0,
        1099.0,
        1100.0,
        1100.0,
        1102.0,
        1102.0,
        1103.0,
        1103.0,
        1104.0,
        1104.0,
        1103.0,
        1103.0,
        1102.0,
        1102.0,
        1098.0,
        1097.0,
        1095.0,
        1094.0,
        1092.0,
        1092.0,
        1090.0,
        1090.0,
        1086.0,
        1085.0,
        1081.0,
        1081.0,
        1080.0,
        1080.0,
        1079.0,
        1079.0
      ],
      "y": [
        556.0,
        558.0,
        559.0,
        563.0,
        564.0,
        569.0,
        570.0,
        582.0,
        583.0,
        586.0,
        587.0,
        590.0,
        591.0,
        592.0,
        593.0,
        594.0,
        597.0,
        598.0,
        600.0,
        601.0,
        602.0,
        604.0,
        605.0,
        609.0,
        610.0,
        617.0,
        618.0,
        621.0,
        622.0,
        624.0,
        625.0,
        627.0,
        628.0,
        629.0,
        636.0,
        637.0,
        639.0,
        640.0,
        641.0,
        662.0,
        662.0,
        661.0,
        661.0,
        662.0,
        662.0,
        664.0,
        683.0,
        684.0,
        708.0,
        709.0,
        718.0,
        719.0,
        723.0,
        724.0,
        726.0,
        730.0,
        730.0,
        731.0,
        731.0,
        734.0,
        735.0,
        736.0,
        752.0,
        752.0,
        746.0,
        746.0,
        741.0,
        740.0,
        739.0,
        738.0,
        737.0,
        736.0,
        735.0,
        734.0,
        729.0,
        728.0,
        727.0,
        726.0,
        725.0,
        722.0,
        721.0,
        717.0,
        716.0,
        704.0,
        703.0,
        699.0,
        698.0,
        697.0,
        696.0,
        695.0,
        693.0,
        692.0,
        691.0,
        691.0,
        692.0,
        693.0,
        695.0,
        696.0,
        697.0,
        698.0,
        699.0,
        704.0,
        705.0,
        719.0,
        720.0,
        738.0,
        739.0,
        740.0,
        743.0,
        743.0,
        744.0,
        744.0,
        742.0,
        742.0,
        741.0,
        740.0,
        738.0,
        727.0,
        726.0,
        675.0,
        674.0,
        666.0,
        665.0,
        664.0,
        659.0,
        659.0,
        658.0,
        657.0,
        655.0,
        654.0,
        653.0,
        641.0,
        640.0,
        604.0,
        603.0,
        594.0,
        593.0,
        592.0,
        588.0,
        588.0,
        586.0,
        586.0,
        584.0,
        583.0,
        581.0,
        580.0,
        576.0,
        576.0,
        572.0,
        571.0,
        570.0,
        566.0,
        565.0,
        556.0
      ]
    }
  },
  {
    "name": "person",
    "class": 0,
    "confidence": 0.8594,
    "box": {
      "x1": 845.34839,
      "y1": 578.94147,
      "x2": 927.55884,
      "y2": 801.2168
    },
    "track_id": 2,
    "segments": {
      "x": [
        897.0,
        897.0,
        891.0,
        891.0,
        889.0,
        889.0,
        884.0,
        883.0,
        882.0,
        881.0,
        880.0,
        876.0,
        875.0,
        872.0,
        871.0,
        869.0,
        866.0,
        866.0,
        865.0,
        865.0,
        864.0,
        864.0,
        863.0,
        863.0,
        862.0,
        862.0,
        860.0,
        860.0,
        854.0,
        854.0,
        853.0,
        853.0,
        852.0,
        852.0,
        851.0,
        851.0,
        850.0,
        850.0,
        849.0,
        849.0,
        848.0,
        848.0,
        847.0,
        847.0,
        846.0,
        846.0,
        848.0,
        848.0,
        849.0,
        849.0,
        850.0,
        850.0,
        849.0,
        849.0,
        848.0,
        848.0,
        849.0,
        849.0,
        850.0,
        850.0,
        856.0,
        857.0,
        858.0,
        859.0,
        860.0,
        861.0,
        862.0,
        863.0,
        864.0,
        865.0,
        866.0,
        869.0,
        870.0,
        871.0,
        871.0,
        872.0,
        872.0,
        873.0,
        873.0,
        874.0,
        874.0,
        875.0,
        875.0,
        876.0,
        876.0,
        877.0,
        877.0,
        879.0,
        898.0,
        899.0,
        901.0,
        902.0,
        904.0,
        908.0,
        908.0,
        909.0,
        909.0,
        910.0,
        910.0,
        911.0,
        911.0,
        901.0,
        901.0,
        900.0,
        900.0,
        899.0,
        899.0,
        900.0,
        900.0,
        901.0,
        901.0,
        902.0,
        902.0,
        901.0,
        901.0,
        900.0,
        900.0,
        899.0,
        899.0,
        898.0,
        898.0,
        899.0,
        899.0,
        900.0,
        900.0,
        901.0,
        901.0,
        902.0,
        902.0,
        903.0,
        903.0,
        907.0,
        908.0,
        908.0,
        910.0,
        910.0,
        911.0,
        911.0,
        912.0,
        912.0,
        913.0,
        913.0,
        918.0,
        919.0,
        921.0,
        921.0,
        923.0,
        923.0,
        924.0,
        924.0,
        925.0,
        925.0,
        926.0,
        926.0,
        927.0,
        927.0,
        928.0,
        928.0,
        927.0,
        927.0,
        926.0,
        926.0
      ],
      "y": [
        580.0,
        582.0,
        588.0,
        589.0,
        591.0,
        593.0,
        598.0,
        598.0,
        599.0,
        599.0,
        600.0,
        600.0,
        601.0,
        601.0,
        602.0,
        602.0,
        605.0,
        606.0,
        607.0,
        609.0,
        610.0,
        612.0,
        613.0,
        615.0,
        616.0,
        618.0,
        620.0,
        621.0,
        627.0,
        628.0,
        629.0,
        631.0,
        632.0,
        635.0,
        636.0,
        639.0,
        640.0,
        643.0,
        644.0,
        646.0,
        647.0,
        649.0,
        650.0,
        651.0,
        652.0,
        700.0,
        702.0,
        706.0,
        707.0,
        713.0,
        714.0,
        726.0,
        727.0,
        737.0,
        738.0,
        755.0,
        756.0,
        761.0,
        762.0,
        763.0,
        769.0,
        769.0,
        770.0,
        769.0,
        769.0,
        768.0,
        768.0,
        767.0,
        767.0,
        766.0,
        766.0,
        763.0,
        763.0,
        764.0,
        765.0,
        766.0,
        767.0,
        768.0,
        770.0,
        771.0,
        778.0,
        779.0,
        790.0,
        791.0,
        797.0,
        798.0,
        799.0,
        801.0,
        801.0,
        800.0,
        800.0,
        799.0,
        799.0,
        795.0,
        794.0,
        793.0,
        792.0,
        791.0,
        789.0,
        788.0,
        784.0,
        774.0,
        772.0,
        771.0,
        765.0,
        764.0,
        744.0,
        743.0,
        733.0,
        732.0,
        728.0,
        727.0,
        708.0,
        707.0,
        699.0,
        698.0,
        693.0,
        692.0,
        681.0,
        680.0,
        675.0,
        674.0,
        665.0,
        664.0,
        662.0,
        661.0,
        659.0,
        658.0,
        656.0,
        655.0,
        654.0,
        650.0,
        650.0,
        649.0,
        647.0,
        645.0,
        644.0,
        632.0,
        631.0,
        619.0,
        618.0,
        617.0,
        612.0,
        612.0,
        610.0,
        609.0,
        607.0,
        606.0,
        605.0,
        602.0,
        601.0,
        599.0,
        598.0,
        597.0,
        596.0,
        595.0,
        594.0,
        591.0,
        590.0,
        584.0,
        583.0,
        580.0
      ]
    }
  }
]