[
  {
    "name": "person",
    "class": 0,
    "confidence": 0.85102,
    "box": {
      "x1": 1076.3623,
      "y1": 589.80872,
      "x2": 1144.27173,
      "y2": 804.17334
    },
    "track_id": 1,
    "segments": {
      "x": [
        1092.0,
        1092.0,
        1091.0,
        1091.0,
        1092.0,
        1092.0,
        1093.0,
        1093.0,
        1094.0,
        1094.0,
        1097.0,
        1097.0,
        1098.0,
        1098.0,
        1096.0,
        1096.0,
        1095.0,
        1095.0,
        1094.0,
        1094.0,
        1093.0,
        1093.0,
        1092.0,
        1092.0,
        1091.0,
        1091.0,
        1090.0,
        1090.0,
        1089.0,
        1089.0,
        1088.0,
        1088.0,
        1087.0,
        1087.0,
        1086.0,
        1086.0,
        1085.0,
        1085.0,
        1084.0,
        1084.0,
        1083.0,
        1083.0,
        1084.0,
        1084.0,
        1085.0,
        1085.0,
        1086.0,
        1086.0,
        1082.0,
        1081.0,
        1080.0,
        1078.0,
        1078.0,
        1080.0,
        1081.0,
        1086.0,
        1087.0,
        1088.0,
        1094.0,
        1094.0,
        1095.0,
        1095.0,
        1089.0,
        1088.0,
        1086.0,
        1085.0,
        1083.0,
        1083.0,
        1086.0,
        1087.0,
        1088.0,
        1091.0,
        1092.0,
        1095.0,
        1096.0,
        1114.0,
        1115.0,
        1122.0,
        1127.0,
        1127.0,
        1128.0,
        1128.0,
        1127.0,
        1127.0,
        1128.0,
        1128.0,
        1129.0,
        1129.0,
        1130.0,
        1130.0,
        1131.0,
        1131.0,
        1136.0,
        1136.0,
        1138.0,
        1138.0,
        1139.0,
        1139.0,
        1140.0,
        1140.0,
        1141.0,
        1141.0,
        1142.0,
        1142.0,
        1143.0,
        1143.0,
        1144.0,
        1144.0,
        1143.0,
        1143.0,
        1142.0,
        1142.0,
        1141.0,
        1141.0,
        1140.0,
        1140.0,
        1139.0,
        1139.0,
        1138.0,
        1138.0,
        1137.0,
        1137.0,
        1136.0,
        1136.0,
        1131.0,
        1131.0,
        1130.0,
        1130.0,
        1129.0,
        1129.0,
        1128.0,
        1128.0,
        1127.0,
        1127.0,
        1126.0,
        1126.0,
        1125.0,
        1125.0
      ],
      "y": [
        590.0,
        595.0,
        596.0,
        619.0,
        620.0,
        621.0,
        622.0,
        623.0,
        624.0,
        625.0,
        628.0,
        629.0,
        630.0,
        642.0,
        644.0,
        645.0,
        646.0,
        647.0,
        648.0,
        650.0,
        651.0,
        656.0,
        657.0,
        680.0,
        681.0,
        699.0,
        700.0,
        705.0,
        706.0,
        710.0,
        711.0,
        713.0,
        714.0,
        716.0,
        717.0,
        718.0,
        719.0,
        720.0,
        721.0,
        723.0,
        724.0,
        729.0,
        730.0,
        735.0,
        736.0,
        742.0,
        743.0,
        750.0,
        754.0,
        754.0,
        755.0,
        755.0,
        773.0,
        773.0,
        774.0,
        774.0,
        775.0,
        775.0,
        781.0,
        782.0,
        783.0,
        786.0,
        792.0,
        792.0,
        794.0,
        794.0,
        796.0,
        798.0,
        801.0,
        801.0,
        802.0,
        802.0,
        803.0,
        803.0,
        804.0,
        804.0,
        803.0,
        803.0,
        798.0,
        793.0,
        792.0,
        767.0,
        766.0,
        739.0,
        738.0,
        734.0,
        733.0,
        731.0,
        730.0,
        728.0,
        727.0,
        726.0,
        721.0,
        720.0,
        718.0,
        716.0,
        715.0,
        712.0,
        711.0,
        703.0,
        702.0,
        689.0,
        688.0,
        681.0,
        680.0,
        676.0,
        675.0,
        642.0,
        641.0,
        640.0,
        639.0,
        637.0,
        636.0,
        634.0,
        633.0,
        629.0,
        628.0,
        626.0,
        625.0,
        623.0,
        622.0,
        621.0,
        620.0,
        619.0,
        614.0,
        613.0,
        612.0,
        611.0,
        610.0,
        609.0,
        608.0,
        606.0,
        605.0,
        599.0,
        598.0,
        592.0,
        591.0,
        590.0
      ]
    }
  },
  {
    "name": "person",
    "class": 0,
    "confidence": 0.85306,
    "box": {
      "x1": 829.7002,
      "y1": 570.47437,
      "x2": 910.55481,
      "y2": 789.31702
    },
    "track_id": 2,
    "segments": {
      "x": [
        873.0,
        872.0,
        872.0,
        868.0,
        868.0,
        867.0,
        867.0,
        864.0,
        864.0,
        863.0,
        862.0,
        859.0,
        858.0,
        852.0,
        852.0,
        849.0,
        848.0,
        847.0,
        846.0,
        841.0,
        841.0,
        840.0,
        840.0,
        839.0,
        839.0,
        838.0,
        838.0,
        837.0,
        837.0,
        836.0,
        836.0,
        832.0,
        832.0,
        830.0,
        830.0,
        832.0,
        833.0,
        836.0,
        836.0,
        837.0,
        837.0,
        838.0,
        838.0,
        839.0,
        839.0,
        840.0,
        840.0,
        841.0,
        841.0,
        842.0,
        842.0,
        845.0,
        846.0,
        849.0,
        849.0,
        850.0,
        850.0,
        851.0,
        851.0,
        850.0,
        850.0,
        849.0,
        849.0,
        841.0,
        841.0,
        840.0,
        840.0,
        839.0,
        839.0,
        838.0,
        838.0,
        837.0,
        837.0,
        834.0,
        833.0,
        830.0,
        830.0,
        831.0,
        832.0,
        833.0,
        834.0,
        835.0,
        836.0,
        837.0,
        843.0,
        844.0,
        845.0,
        860.0,
        862.0,
        862.0,
        863.0,
        863.0,
        864.0,
        864.0,
        865.0,
        865.0,
        866.0,
        866.0,
        874.0,
        874.0,
        875.0,
        875.0,
        876.0,
        876.0,
        877.0,
        877.0,
        878.0,
        878.0,
        879.0,
        879.0,
        880.0,
        880.0,
        881.0,
        881.0,
        884.0,
        885.0,
        886.0,
        887.0,
        888.0,
        890.0,
        891.0,
        893.0,
        894.0,
        895.0,
        896.0,
        896.0,
        897.0,
        897.0,
        899.0,
        899.0,
        901.0,
        902.0,
        904.0,
        905.0,
        906.0,
        906.0,
        907.0,
        907.0,
        908.0,
        908.0,
        909.0,
        909.0,
        908.0,
        908.0,
        901.0,
        901.0,
        900.0,
        900.0,
        899.0,
        899.0
      ],
      "y": [
        572.0,
        573.0,
        574.0,
        578.0,
        579.0,
        580.0,
        581.0,
        584.0,
        585.0,
        586.0,
        586.0,
        589.0,
        589.0,
        595.0,
        596.0,
        599.0,
        599.0,
        600.0,
        600.0,
        605.0,
        606.0,
        607.0,
        610.0,
        611.0,
        613.0,
        614.0,
        616.0,
        617.0,
        618.0,
        619.0,
        620.0,
        624.0,
        625.0,
        627.0,
        684.0,
        686.0,
        686.0,
        689.0,
        690.0,
        691.0,
        692.0,
        693.0,
        694.0,
        695.0,
        697.0,
        698.0,
        700.0,
        701.0,
        702.0,
        703.0,
        704.0,
        707.0,
        707.0,
        710.0,
        711.0,
        712.0,
        713.0,
        714.0,
        718.0,
        719.0,
        726.0,
        727.0,
        728.0,
        736.0,
        738.0,
        739.0,
        743.0,
        744.0,
        747.0,
        748.0,
        750.0,
        751.0,
        752.0,
        755.0,
        755.0,
        758.0,
        779.0,
        779.0,
        780.0,
        780.0,
        781.0,
        781.0,
        782.0,
        782.0,
        788.0,
        788.0,
        789.0,
        789.0,
        787.0,
        772.0,
        771.0,
        760.0,
        759.0,
        756.0,
        755.0,
        753.0,
        752.0,
        750.0,
        742.0,
        741.0,
        740.0,
        739.0,
        738.0,
        735.0,
        734.0,
        732.0,
        731.0,
        729.0,
        728.0,
        727.0,
        726.0,
        724.0,
        723.0,
        722.0,
        719.0,
        719.0,
        718.0,
        718.0,
        717.0,
        717.0,
        716.0,
        716.0,
        715.0,
        715.0,
        714.0,
        712.0,
        711.0,
        709.0,
        707.0,
        706.0,
        704.0,
        704.0,
        702.0,
        702.0,
        701.0,
        691.0,
        690.0,
        677.0,
        676.0,
        665.0,
        664.0,
        606.0,
        605.0,
        604.0,
        597.0,
        596.0,
        595.0,
        576.0,
        575.0,
        572.0
      ]
    }
  }
]