[
  {
    "name": "person",
    "class": 0,
    "confidence": 0.88679,
    "box": {
      "x1": 1002.98035,
      "y1": 585.50171,
      "x2": 1100.04602,
      "y2": 782.96167
    },
    "track_id": 1,
    "segments": {
      "x": [
        1004.0,
        1004.0,
        1007.0,
        1008.0,
        1011.0,
        1012.0,
        1017.0,
        1017.0,
        1018.0,
        1018.0,
        1020.0,
        1020.0,
        1021.0,
        1021.0,
        1020.0,
        1020.0,
        1019.0,
        1019.0,
        1017.0,
        1017.0,
        1016.0,
        1015.0,
        1012.0,
        1011.0,
        1009.0,
        1009.0,
        1008.0,
        1008.0,
        1010.0,
        1011.0,
        1013.0,
        1016.0,
        1017.0,
        1022.0,
        1023.0,
        1026.0,
        1030.0,
        1030.0,
        1031.0,
        1031.0,
        1032.0,
        1032.0,
        1031.0,
        1031.0,
        1030.0,
        1030.0,
        1029.0,
        1029.0,
        1028.0,
        1028.0,
        1027.0,
        1027.0,
        1024.0,
        1023.0,
        1021.0,
        1021.0,
        1017.0,
        1017.0,
        1006.0,
        1006.0,
        1008.0,
        1009.0,
        1011.0,
        1013.0,
        1014.0,
        1027.0,
        1028.0,
        1037.0,
        1038.0,
        1040.0,
        1041.0,
        1042.0,
        1044.0,
        1044.0,
        1045.0,
        1045.0,
        1046.0,
        1046.0,
        1047.0,
        1047.0,
        1048.0,
        1048.0,
        1049.0,
        1050.0,
        1051.0,
        1051.0,
        1052.0,
        1052.0,
        1053.0,
        1053.0,
        1052.0,
        1052.0,
        1049.0,
        1048.0,
        1044.0,
        1043.0,
        1042.0,
        1042.0,
        1040.0,
        1040.0,
        1043.0,
        1044.0,
        1045.0,
        1046.0,
        1047.0,
        1048.0,
        1049.0,
        1061.0,
        1062.0,
        1064.0,
        1065.0,
        1067.0,
        1068.0,
        1069.0,
        1070.0,
        1071.0,
        1072.0,
        1073.0,
        1075.0,
        1075.0,
        1076.0,
        1076.0,
        1077.0,
        1077.0,
        1078.0,
        1078.0,
        1079.0,
        1079.0,
        1080.0,
        1080.0,
        1081.0,
        1081.0,
        1082.0,
        1082.0,
        1083.0,
        1083.0,
        1087.0,
        1087.0,
        1089.0,
        1089.0,
        1090.0,
        1090.0,
        1091.0,
        1091.0,
        1092.0,
        1092.0,
        1093.0,
        1093.0,
        1094.0,
        1094.0,
        1100.0,
        1100.0,
        1099.0,
        1098.0,
        1094.0,
        1094.0,
        1093.0,
        1093.0,
        1092.0,
        1092.0,
        1091.0,
        1091.0,
        1089.0,
        1089.0,
        1086.0,
        1085.0,
        1080.0,
        1080.0,
        1079.0,
        1079.0,
        1078.0,
        1078.0,
        1077.0,
        1077.0,
        1075.0,
        1074.0,
        1072.0,
        1071.0,
        1067.0,
        1067.0,
        1065.0,
        1065.0,
        1063.0,
        1062.0,
        1061.0,
        1057.0,
        1056.0,
        1050.0,
        1049.0,
        1046.0,
        1045.0,
        1042.0,
        1041.0,
        1040.0,
        1039.0,
        1038.0,
        1035.0,
        1035.0
      ],
      "y": [
        586.0,
        609.0,
        612.0,
        612.0,
        615.0,
        615.0,
        620.0,
        621.0,
        622.0,
        623.0,
        625.0,
        627.0,
        628.0,
        639.0,
        640.0,
        649.0,
        650.0,
        654.0,
        656.0,
        657.0,
        658.0,
        658.0,
        661.0,
        661.0,
        663.0,
        664.0,
        665.0,
        678.0,
        680.0,
        680.0,
        682.0,
        682.0,
        681.0,
        681.0,
        680.0,
        680.0,
        684.0,
        685.0,
        686.0,
        688.0,
        689.0,
        704.0,
        705.0,
        715.0,
        716.0,
        719.0,
        720.0,
        722.0,
        723.0,
        724.0,
        725.0,
        726.0,
        729.0,
        729.0,
        731.0,
        732.0,
        736.0,
        737.0,
        748.0,
        750.0,
        752.0,
        752.0,
        754.0,
        754.0,
        755.0,
        755.0,
        754.0,
        754.0,
        753.0,
        753.0,
        752.0,
        752.0,
        750.0,
        749.0,
        748.0,
        746.0,
        745.0,
        743.0,
        742.0,
        741.0,
        740.0,
        738.0,
        737.0,
        737.0,
        738.0,
        740.0,
        741.0,
        744.0,
        745.0,
        758.0,
        759.0,
        762.0,
        765.0,
        765.0,
        769.0,
        769.0,
        770.0,
        771.0,
        773.0,
        775.0,
        778.0,
        778.0,
        779.0,
        779.0,
        780.0,
        780.0,
        781.0,
        781.0,
        780.0,
        780.0,
        779.0,
        779.0,
        778.0,
        778.0,
        777.0,
        777.0,
        776.0,
        776.0,
        774.0,
        773.0,
        772.0,
        767.0,
        766.0,
        734.0,
        733.0,
        725.0,
        724.0,
        713.0,
        712.0,
        710.0,
        709.0,
        707.0,
        706.0,
        705.0,
        704.0,
        703.0,
        699.0,
        698.0,
        696.0,
        695.0,
        694.0,
        692.0,
        691.0,
        689.0,
        688.0,
        684.0,
        683.0,
        680.0,
        679.0,
        677.0,
        671.0,
        660.0,
        659.0,
        659.0,
        655.0,
        654.0,
        653.0,
        651.0,
        650.0,
        646.0,
        645.0,
        641.0,
        639.0,
        638.0,
        635.0,
        635.0,
        630.0,
        627.0,
        626.0,
        622.0,
        621.0,
        618.0,
        617.0,
        616.0,
        614.0,
        614.0,
        612.0,
        612.0,
        608.0,
        607.0,
        605.0,
        604.0,
        602.0,
        602.0,
        601.0,
        601.0,
        600.0,
        600.0,
        599.0,
        599.0,
        598.0,
        598.0,
        597.0,
        597.0,
        596.0,
        596.0,
        593.0,
        586.0
      ]
    }
  },
  {
    "name": "person",
    "class": 0,
    "confidence": 0.8124,
    "box": {
      "x1": 851.3269,
      "y1": 578.76099,
      "x2": 938.591,
      "y2": 799.52026
    },
    "track_id": 2,
    "segments": {
      "x": [
        889.0,
        889.0,
        888.0,
        888.0,
        887.0,
        887.0,
        886.0,
        886.0,
        883.0,
        882.0,
        880.0,
        879.0,
        878.0,
        878.0,
        876.0,
        876.0,
        870.0,
        869.0,
        864.0,
        864.0,
        863.0,
        863.0,
        862.0,
        862.0,
        861.0,
        861.0,
        860.0,
        860.0,
        859.0,
        859.0,
        858.0,
        858.0,
        857.0,
        857.0,
        856.0,
        856.0,
        855.0,
        855.0,
        854.0,
        854.0,
        853.0,
        853.0,
        852.0,
        852.0,
        857.0,
        860.0,
        860.0,
        861.0,
        861.0,
        862.0,
        862.0,
        863.0,
        863.0,
        862.0,
        862.0,
        861.0,
        861.0,
        860.0,
        860.0,
        859.0,
        859.0,
        852.0,
        852.0,
        854.0,
        855.0,
        859.0,
        860.0,
        862.0,
        863.0,
        864.0,
        865.0,
        866.0,
        867.0,
        868.0,
        872.0,
        872.0,
        873.0,
        873.0,
        874.0,
        874.0,
        875.0,
        875.0,
        876.0,
        876.0,
        877.0,
        877.0,
        878.0,
        878.0,
        879.0,
        879.0,
        881.0,
        883.0,
        885.0,
        886.0,
        887.0,
        887.0,
        888.0,
        888.0,
        889.0,
        889.0,
        891.0,
        891.0,
        892.0,
        892.0,
        893.0,
        892.0,
        892.0,
        891.0,
        891.0,
        892.0,
        892.0,
        893.0,
        893.0,
        894.0,
        894.0,
        896.0,
        897.0,
        898.0,
        922.0,
        925.0,
        925.0,
        926.0,
        926.0,
        927.0,
        927.0,
        928.0,
        928.0,
        929.0,
        929.0,
        927.0,
        926.0,
        922.0,
        922.0,
        918.0,
        918.0,
        919.0,
        919.0,
        920.0,
        920.0,
        921.0,
        921.0,
        922.0,
        922.0,
        921.0,
        921.0,
        920.0,
        921.0,
        921.0,
        922.0,
        922.0,
        927.0,
        928.0,
        929.0,
        929.0,
        930.0,
        930.0,
        931.0,
        931.0,
        932.0,
        932.0,
        933.0,
        933.0,
        930.0,
        929.0,
        928.0,
        925.0,
        924.0,
        921.0,
        920.0,
        918.0,
        917.0,
        916.0,
        915.0,
        914.0,
        910.0,
        910.0,
        908.0,
        908.0,
        904.0,
        904.0,
        903.0,
        903.0,
        902.0,
        902.0,
        903.0,
        903.0,
        904.0,
        904.0,
        909.0,
        910.0,
        913.0,
        914.0,
        916.0,
        917.0,
        920.0,
        920.0,
        921.0,
        921.0,
        922.0,
        922.0,
        923.0,
        923.0,
        922.0,
        922.0
      ],
      "y": [
        579.0,
        582.0,
        583.0,
        590.0,
        591.0,
        594.0,
        595.0,
        596.0,
        599.0,
        599.0,
        601.0,
        601.0,
        602.0,
        603.0,
        605.0,
        606.0,
        612.0,
        612.0,
        617.0,
        626.0,
        627.0,
        634.0,
        635.0,
        638.0,
        639.0,
        642.0,
        643.0,
        645.0,
        646.0,
        648.0,
        649.0,
        650.0,
        651.0,
        653.0,
        654.0,
        658.0,
        659.0,
        666.0,
        667.0,
        678.0,
        679.0,
        682.0,
        683.0,
        703.0,
        703.0,
        706.0,
        707.0,
        708.0,
        709.0,
        710.0,
        711.0,
        712.0,
        715.0,
        716.0,
        718.0,
        719.0,
        720.0,
        721.0,
        722.0,
        723.0,
        724.0,
        731.0,
        767.0,
        767.0,
        768.0,
        768.0,
        767.0,
        767.0,
        766.0,
        766.0,
        765.0,
        765.0,
        764.0,
        764.0,
        760.0,
        759.0,
        758.0,
        757.0,
        756.0,
        754.0,
        753.0,
        751.0,
        750.0,
        746.0,
        745.0,
        742.0,
        741.0,
        739.0,
        738.0,
        737.0,
        735.0,
        735.0,
        737.0,
        737.0,
        738.0,
        739.0,
        740.0,
        741.0,
        742.0,
        743.0,
        745.0,
        747.0,
        748.0,
        749.0,
        750.0,
        751.0,
        765.0,
        766.0,
        788.0,
        789.0,
        791.0,
        792.0,
        794.0,
        795.0,
        796.0,
        798.0,
        798.0,
        799.0,
        799.0,
        796.0,
        795.0,
        794.0,
        793.0,
        792.0,
        791.0,
        790.0,
        789.0,
        788.0,
        785.0,
        783.0,
        783.0,
        779.0,
        778.0,
        774.0,
        761.0,
        760.0,
        756.0,
        755.0,
        751.0,
        750.0,
        743.0,
        742.0,
        719.0,
        718.0,
        714.0,
        713.0,
        712.0,
        710.0,
        709.0,
        707.0,
        702.0,
        702.0,
        701.0,
        693.0,
        692.0,
        677.0,
        676.0,
        672.0,
        671.0,
        669.0,
        668.0,
        665.0,
        662.0,
        662.0,
        661.0,
        661.0,
        660.0,
        660.0,
        659.0,
        659.0,
        658.0,
        658.0,
        657.0,
        657.0,
        653.0,
        652.0,
        650.0,
        649.0,
        645.0,
        644.0,
        643.0,
        639.0,
        638.0,
        627.0,
        626.0,
        623.0,
        622.0,
        619.0,
        614.0,
        614.0,
        611.0,
        611.0,
        609.0,
        609.0,
        606.0,
        604.0,
        603.0,
        601.0,
        600.0,
        596.0,
        595.0,
        581.0,
        580.0,
        579.0
      ]
    }
  }
]