[
  {
    "name": "person",
    "class": 0,
    "confidence": 0.83348,
    "box": {
      "x1": 1189.83472,
      "y1": 647.93799,
      "x2": 1294.64551,
      "y2": 881.57935
    },
    "track_id": 1,
    "segments": {
      "x": [
        1232.0,
        1232.0,
        1231.0,
        1231.0,
        1229.0,
        1229.0,
        1228.0,
        1228.0,
        1227.0,
        1227.0,
        1226.0,
        1226.0,
        1225.0,
        1225.0,
        1226.0,
        1226.0,
        1227.0,
        1227.0,
        1228.0,
        1228.0,
        1229.0,
        1229.0,
        1232.0,
        1232.0,
        1234.0,
        1234.0,
        1235.0,
        1235.0,
        1236.0,
        1236.0,
        1235.0,
        1235.0,
        1234.0,
        1234.0,
        1233.0,
        1233.0,
        1228.0,
        1228.0,
        1226.0,
        1226.0,
        1225.0,
        1225.0,
        1224.0,
        1224.0,
        1223.0,
        1223.0,
        1222.0,
        1222.0,
        1221.0,
        1221.0,
        1216.0,
        1216.0,
        1214.0,
        1214.0,
        1213.0,
        1213.0,
        1212.0,
        1212.0,
        1211.0,
        1211.0,
        1206.0,
        1194.0,
        1193.0,
        1193.0,
        1194.0,
        1195.0,
        1198.0,
        1199.0,
        1200.0,
        1201.0,
        1202.0,
        1204.0,
        1205.0,
        1221.0,
        1222.0,
        1230.0,
        1234.0,
        1234.0,
        1235.0,
        1235.0,
        1236.0,
        1236.0,
        1237.0,
        1237.0,
        1238.0,
        1238.0,
        1239.0,
        1239.0,
        1241.0,
        1242.0,
        1244.0,
        1244.0,
        1245.0,
        1245.0,
        1246.0,
        1246.0,
        1247.0,
        1247.0,
        1248.0,
        1248.0,
        1249.0,
        1249.0,
        1250.0,
        1250.0,
        1251.0,
        1251.0,
        1252.0,
        1252.0,
        1255.0,
        1255.0,
        1256.0,
        1256.0,
        1255.0,
        1255.0,
        1254.0,
        1254.0,
        1253.0,
        1253.0,
        1252.0,
        1252.0,
        1251.0,
        1252.0,
        1252.0,
        1253.0,
        1254.0,
        1256.0,
        1257.0,
        1259.0,
        1260.0,
        1262.0,
        1263.0,
        1264.0,
        1271.0,
        1272.0,
        1276.0,
        1277.0,
        1278.0,
        1282.0,
        1282.0,
        1283.0,
        1283.0,
        1282.0,
        1282.0,
        1281.0,
        1281.0,
        1280.0,
        1280.0,
        1278.0,
        1278.0,
        1274.0,
        1274.0,
        1273.0,
        1273.0,
        1272.0,
        1272.0,
        1271.0,
        1271.0,
        1270.0,
        1270.0,
        1269.0,
        1269.0,
        1268.0,
        1268.0,
        1267.0,
        1267.0,
        1263.0,
        1263.0,
        1262.0,
        1262.0,
        1261.0,
        1261.0,
        1260.0,
        1260.0,
        1265.0,
        1266.0,
        1268.0,
        1269.0,
        1270.0,
        1270.0,
        1272.0,
        1272.0,
        1273.0,
        1273.0,
        1276.0,
        1277.0,
        1281.0,
        1281.0,
        1282.0,
        1282.0,
        1283.0,
        1283.0,
        1284.0,
        1284.0,
        1285.0,
        1285.0,
        1286.0,
        1286.0,
        1287.0,
        1287.0,
        1290.0,
        1290.0,
        1292.0,
        1292.0,
        1293.0,
        1293.0,
        1294.0,
        1294.0,
        1295.0,
        1295.0,
        1294.0,
        1294.0,
        1293.0,
        1293.0,
        1292.0,
        1292.0,
        1282.0,
        1281.0,
        1280.0,
        1279.0,
        1278.0,
        1277.0,
        1273.0,
        1273.0,
        1272.0,
        1272.0,
        1271.0,
        1271.0,
        1270.0,
        1270.0,
        1269.0,
        1269.0,
        1268.0,
        1268.0,
        1267.0,
        1267.0,
        1266.0,
        1266.0
      ],
      "y": [
        648.0,
        649.0,
        650.0,
        653.0,
        655.0,
        656.0,
        657.0,
        658.0,
        659.0,
        660.0,
        661.0,
        663.0,
        664.0,
        667.0,
        668.0,
        672.0,
        673.0,
        675.0,
        676.0,
        677.0,
        678.0,
        679.0,
        682.0,
        683.0,
        685.0,
        686.0,
        687.0,
        689.0,
        690.0,
        703.0,
        704.0,
        707.0,
        708.0,
        710.0,
        711.0,
        713.0,
        718.0,
        719.0,
        721.0,
        723.0,
        724.0,
        726.0,
        727.0,
        743.0,
        744.0,
        754.0,
        755.0,
        760.0,
        761.0,
        762.0,
        767.0,
        768.0,
        770.0,
        771.0,
        772.0,
        774.0,
        775.0,
        826.0,
        827.0,
        834.0,
        839.0,
        839.0,
        840.0,
        855.0,
        856.0,
        856.0,
        859.0,
        859.0,
        860.0,
        860.0,
        861.0,
        861.0,
        862.0,
        862.0,
        863.0,
        863.0,
        859.0,
        858.0,
        857.0,
        850.0,
        849.0,
        843.0,
        842.0,
        839.0,
        838.0,
        836.0,
        835.0,
        834.0,
        832.0,
        832.0,
        834.0,
        835.0,
        836.0,
        837.0,
        838.0,
        839.0,
        840.0,
        841.0,
        842.0,
        843.0,
        844.0,
        846.0,
        847.0,
        848.0,
        849.0,
        850.0,
        851.0,
        852.0,
        855.0,
        856.0,
        857.0,
        859.0,
        860.0,
        861.0,
        862.0,
        863.0,
        864.0,
        865.0,
        866.0,
        868.0,
        869.0,
        870.0,
        871.0,
        872.0,
        872.0,
        874.0,
        874.0,
        876.0,
        876.0,
        878.0,
        878.0,
        879.0,
        879.0,
        878.0,
        878.0,
        877.0,
        877.0,
        873.0,
        872.0,
        871.0,
        856.0,
        855.0,
        853.0,
        852.0,
        850.0,
        849.0,
        848.0,
        846.0,
        845.0,
        841.0,
        840.0,
        839.0,
        837.0,
        836.0,
        834.0,
        833.0,
        830.0,
        829.0,
        827.0,
        826.0,
        825.0,
        824.0,
        823.0,
        822.0,
        821.0,
        817.0,
        816.0,
        815.0,
        814.0,
        813.0,
        812.0,
        811.0,
        797.0,
        792.0,
        792.0,
        790.0,
        790.0,
        789.0,
        788.0,
        786.0,
        785.0,
        784.0,
        783.0,
        780.0,
        780.0,
        776.0,
        775.0,
        774.0,
        772.0,
        771.0,
        758.0,
        757.0,
        745.0,
        744.0,
        738.0,
        737.0,
        736.0,
        735.0,
        734.0,
        731.0,
        730.0,
        728.0,
        727.0,
        726.0,
        723.0,
        722.0,
        718.0,
        717.0,
        700.0,
        699.0,
        698.0,
        697.0,
        696.0,
        695.0,
        694.0,
        684.0,
        684.0,
        683.0,
        683.0,
        682.0,
        682.0,
        678.0,
        676.0,
        675.0,
        670.0,
        669.0,
        664.0,
        663.0,
        661.0,
        660.0,
        658.0,
        657.0,
        655.0,
        654.0,
        651.0,
        650.0,
        648.0
      ]
    }
  },
  {
    "name": "person",
    "class": 0,
    "confidence": 0.83067,
    "box": {
      "x1": 835.87317,
      "y1": 646.04877,
      "x2": 936.5567,
      "y2": 791.52417
    },
    "track_id": 2,
    "segments": {
      "x": [
        849.0,
        841.0,
        841.0,
        840.0,
        840.0,
        837.0,
        837.0,
        836.0,
        836.0,
        837.0,
        837.0,
        838.0,
        838.0,
        839.0,
        839.0,
        840.0,
        840.0,
        841.0,
        841.0,
        848.0,
        848.0,
        849.0,
        849.0,
        850.0,
        850.0,
        849.0,
        849.0,
        848.0,
        848.0,
        843.0,
        843.0,
        842.0,
        842.0,
        841.0,
        841.0,
        840.0,
        840.0,
        839.0,
        839.0,
        838.0,
        838.0,
        837.0,
        837.0,
        836.0,
        836.0,
        837.0,
        837.0,
        839.0,
        839.0,
        844.0,
        845.0,
        846.0,
        858.0,
        859.0,
        860.0,
        862.0,
        862.0,
        864.0,
        864.0,
        865.0,
        865.0,
        866.0,
        866.0,
        871.0,
        872.0,
        873.0,
        872.0,
        872.0,
        873.0,
        873.0,
        874.0,
        874.0,
        875.0,
        875.0,
        876.0,
        876.0,
        877.0,
        877.0,
        878.0,
        878.0,
        883.0,
        884.0,
        886.0,
        887.0,
        890.0,
        891.0,
        893.0,
        894.0,
        895.0,
        897.0,
        898.0,
        899.0,
        900.0,
        901.0,
        902.0,
        904.0,
        911.0,
        911.0,
        913.0,
        913.0,
        914.0,
        914.0,
        917.0,
        918.0,
        920.0,
        921.0,
        924.0,
        924.0,
        925.0,
        925.0,
        926.0,
        926.0,
        927.0,
        927.0,
        928.0,
        928.0,
        929.0,
        929.0,
        930.0,
        930.0,
        932.0,
        932.0,
        933.0,
        933.0,
        934.0,
        934.0,
        933.0,
        933.0,
        934.0,
        934.0,
        935.0,
        935.0,
        934.0,
        934.0,
        933.0,
        933.0,
        932.0,
        932.0,
        931.0,
        931.0,
        928.0,
        928.0,
        925.0,
        925.0,
        924.0,
        924.0,
        922.0,
        922.0,
        921.0,
        921.0,
        917.0,
        915.0,
        914.0,
        912.0,
        911.0,
        909.0,
        908.0,
        906.0,
        900.0,
        900.0,
        898.0,
        898.0,
        896.0,
        895.0,
        894.0
      ],
      "y": [
        646.0,
        654.0,
        655.0,
        656.0,
        657.0,
        660.0,
        661.0,
        662.0,
        689.0,
        690.0,
        692.0,
        693.0,
        695.0,
        696.0,
        698.0,
        699.0,
        701.0,
        702.0,
        703.0,
        710.0,
        711.0,
        712.0,
        713.0,
        714.0,
        717.0,
        718.0,
        726.0,
        727.0,
        728.0,
        733.0,
        734.0,
        735.0,
        736.0,
        737.0,
        739.0,
        740.0,
        745.0,
        746.0,
        751.0,
        752.0,
        758.0,
        759.0,
        762.0,
        763.0,
        780.0,
        781.0,
        782.0,
        784.0,
        785.0,
        790.0,
        790.0,
        791.0,
        791.0,
        790.0,
        790.0,
        788.0,
        787.0,
        785.0,
        783.0,
        782.0,
        781.0,
        780.0,
        779.0,
        774.0,
        774.0,
        773.0,
        772.0,
        759.0,
        758.0,
        755.0,
        754.0,
        749.0,
        748.0,
        734.0,
        733.0,
        725.0,
        724.0,
        723.0,
        722.0,
        721.0,
        716.0,
        716.0,
        714.0,
        714.0,
        711.0,
        711.0,
        709.0,
        709.0,
        710.0,
        710.0,
        711.0,
        711.0,
        712.0,
        712.0,
        713.0,
        713.0,
        720.0,
        721.0,
        723.0,
        724.0,
        725.0,
        726.0,
        729.0,
        729.0,
        731.0,
        731.0,
        734.0,
        735.0,
        736.0,
        737.0,
        738.0,
        739.0,
        740.0,
        741.0,
        742.0,
        743.0,
        744.0,
        745.0,
        745.0,
        744.0,
        742.0,
        741.0,
        740.0,
        738.0,
        737.0,
        721.0,
        720.0,
        710.0,
        709.0,
        703.0,
        702.0,
        691.0,
        690.0,
        687.0,
        686.0,
        685.0,
        684.0,
        683.0,
        682.0,
        681.0,
        678.0,
        677.0,
        674.0,
        673.0,
        672.0,
        671.0,
        669.0,
        668.0,
        667.0,
        666.0,
        662.0,
        662.0,
        661.0,
        661.0,
        660.0,
        660.0,
        659.0,
        659.0,
        653.0,
        652.0,
        650.0,
        649.0,
        647.0,
        647.0,
        646.0
      ]
    }
  }
]