[
  {
    "name": "person",
    "class": 0,
    "confidence": 0.89578,
    "box": {
      "x1": 1010.29126,
      "y1": 567.20337,
      "x2": 1091.61145,
      "y2": 760.90558
    },
    "track_id": 1,
    "segments": {
      "x": [
        1011.0,
        1011.0,
        1013.0,
        1014.0,
        1017.0,
        1017.0,
        1018.0,
        1018.0,
        1019.0,
        1019.0,
        1018.0,
        1018.0,
        1017.0,
        1017.0,
        1016.0,
        1016.0,
        1015.0,
        1015.0,
        1011.0,
        1011.0,
        1014.0,
        1016.0,
        1017.0,
        1025.0,
        1026.0,
        1027.0,
        1027.0,
        1029.0,
        1029.0,
        1030.0,
        1030.0,
        1031.0,
        1031.0,
        1032.0,
        1032.0,
        1031.0,
        1031.0,
        1030.0,
        1030.0,
        1026.0,
        1025.0,
        1021.0,
        1021.0,
        1020.0,
        1020.0,
        1019.0,
        1019.0,
        1018.0,
        1018.0,
        1020.0,
        1021.0,
        1022.0,
        1023.0,
        1024.0,
        1027.0,
        1028.0,
        1029.0,
        1030.0,
        1031.0,
        1038.0,
        1039.0,
        1043.0,
        1043.0,
        1045.0,
        1045.0,
        1046.0,
        1046.0,
        1047.0,
        1047.0,
        1049.0,
        1049.0,
        1051.0,
        1051.0,
        1052.0,
        1052.0,
        1053.0,
        1053.0,
        1054.0,
        1054.0,
        1055.0,
        1055.0,
        1056.0,
        1056.0,
        1057.0,
        1057.0,
        1058.0,
        1058.0,
        1061.0,
        1062.0,
        1065.0,
        1065.0,
        1066.0,
        1066.0,
        1067.0,
        1067.0,
        1068.0,
        1068.0,
        1069.0,
        1069.0,
        1071.0,
        1071.0,
        1073.0,
        1075.0,
        1077.0,
        1078.0,
        1079.0,
        1080.0,
        1081.0,
        1082.0,
        1084.0,
        1085.0,
        1088.0,
        1088.0,
        1089.0,
        1089.0,
        1088.0,
        1088.0,
        1089.0,
        1089.0,
        1090.0,
        1090.0,
        1091.0,
        1091.0,
        1090.0,
        1090.0,
        1089.0,
        1089.0,
        1088.0,
        1088.0,
        1086.0,
        1085.0,
        1082.0,
        1082.0,
        1081.0,
        1081.0,
        1080.0,
        1080.0,
        1079.0,
        1079.0,
        1078.0,
        1078.0,
        1077.0,
        1077.0,
        1064.0,
        1063.0,
        1062.0,
        1061.0,
        1060.0,
        1059.0,
        1054.0,
        1054.0,
        1053.0,
        1052.0,
        1050.0,
        1049.0,
        1047.0,
        1046.0,
        1042.0,
        1042.0,
        1041.0,
        1041.0
      ],
      "y": [
        568.0,
        598.0,
        600.0,
        600.0,
        603.0,
        604.0,
        605.0,
        607.0,
        608.0,
        630.0,
        631.0,
        633.0,
        634.0,
        636.0,
        637.0,
        638.0,
        639.0,
        640.0,
        644.0,
        676.0,
        676.0,
        674.0,
        674.0,
        666.0,
        666.0,
        667.0,
        668.0,
        670.0,
        671.0,
        672.0,
        674.0,
        675.0,
        680.0,
        681.0,
        712.0,
        713.0,
        725.0,
        726.0,
        727.0,
        731.0,
        731.0,
        735.0,
        736.0,
        737.0,
        739.0,
        740.0,
        746.0,
        747.0,
        750.0,
        752.0,
        752.0,
        753.0,
        753.0,
        754.0,
        754.0,
        753.0,
        753.0,
        752.0,
        752.0,
        745.0,
        745.0,
        741.0,
        740.0,
        738.0,
        737.0,
        736.0,
        734.0,
        733.0,
        732.0,
        730.0,
        729.0,
        727.0,
        726.0,
        725.0,
        724.0,
        723.0,
        721.0,
        720.0,
        717.0,
        716.0,
        712.0,
        711.0,
        706.0,
        705.0,
        702.0,
        701.0,
        700.0,
        697.0,
        697.0,
        700.0,
        701.0,
        702.0,
        706.0,
        707.0,
        720.0,
        721.0,
        751.0,
        752.0,
        754.0,
        756.0,
        757.0,
        759.0,
        759.0,
        757.0,
        757.0,
        756.0,
        756.0,
        755.0,
        755.0,
        753.0,
        753.0,
        750.0,
        736.0,
        735.0,
        719.0,
        718.0,
        684.0,
        683.0,
        677.0,
        676.0,
        670.0,
        669.0,
        633.0,
        632.0,
        629.0,
        628.0,
        627.0,
        626.0,
        625.0,
        623.0,
        623.0,
        620.0,
        619.0,
        618.0,
        616.0,
        615.0,
        610.0,
        609.0,
        605.0,
        604.0,
        603.0,
        602.0,
        601.0,
        588.0,
        588.0,
        587.0,
        587.0,
        586.0,
        586.0,
        581.0,
        580.0,
        579.0,
        579.0,
        577.0,
        577.0,
        575.0,
        575.0,
        571.0,
        570.0,
        569.0,
        568.0
      ]
    }
  },
  {
    "name": "person",
    "class": 0,
    "confidence": 0.62376,
    "box": {
      "x1": 846.21692,
      "y1": 631.12585,
      "x2": 951.2027,
      "y2": 800.94824
    },
    "track_id": 2,
    "segments": {
      "x": [
        901.0,
        901.0,
        900.0,
        900.0,
        899.0,
        899.0,
        894.0,
        893.0,
        892.0,
        886.0,
        885.0,
        881.0,
        880.0,
        879.0,
        876.0,
        876.0,
        875.0,
        875.0,
        871.0,
        870.0,
        869.0,
        868.0,
        865.0,
        865.0,
        864.0,
        864.0,
        863.0,
        863.0,
        856.0,
        855.0,
        853.0,
        853.0,
        847.0,
        847.0,
        855.0,
        855.0,
        854.0,
        854.0,
        853.0,
        853.0,
        852.0,
        852.0,
        851.0,
        851.0,
        850.0,
        850.0,
        851.0,
        851.0,
        853.0,
        854.0,
        856.0,
        859.0,
        860.0,
        862.0,
        863.0,
        864.0,
        865.0,
        866.0,
        867.0,
        868.0,
        872.0,
        872.0,
        873.0,
        873.0,
        874.0,
        874.0,
        875.0,
        875.0,
        876.0,
        876.0,
        877.0,
        877.0,
        882.0,
        883.0,
        885.0,
        886.0,
        887.0,
        888.0,
        889.0,
        893.0,
        893.0,
        895.0,
        895.0,
        896.0,
        896.0,
        897.0,
        897.0,
        898.0,
        898.0,
        899.0,
        899.0,
        900.0,
        900.0,
        901.0,
        900.0,
        900.0,
        899.0,
        899.0,
        898.0,
        898.0,
        897.0,
        897.0,
        896.0,
        896.0,
        895.0,
        895.0,
        894.0,
        894.0,
        893.0,
        893.0,
        892.0,
        892.0,
        893.0,
        894.0,
        895.0,
        896.0,
        897.0,
        920.0,
        922.0,
        922.0,
        923.0,
        923.0,
        924.0,
        924.0,
        925.0,
        925.0,
        926.0,
        926.0,
        925.0,
        925.0,
        926.0,
        926.0,
        927.0,
        927.0,
        928.0,
        928.0,
        929.0,
        929.0,
        930.0,
        930.0,
        931.0,
        931.0,
        932.0,
        932.0,
        933.0,
        933.0,
        934.0,
        934.0,
        935.0,
        935.0,
        936.0,
        936.0,
        937.0,
        937.0,
        938.0,
        938.0,
        939.0,
        939.0,
        941.0,
        941.0,
        942.0,
        942.0,
        943.0,
        943.0,
        944.0,
        944.0,
        945.0,
        945.0,
        946.0,
        946.0,
        947.0,
        947.0,
        946.0,
        946.0,
        943.0,
        942.0,
        941.0,
        935.0,
        934.0,
        933.0,
        932.0,
        932.0,
        930.0,
        930.0,
        929.0,
        929.0,
        928.0,
        928.0,
        927.0,
        927.0,
        926.0,
        926.0,
        927.0,
        927.0,
        928.0,
        928.0,
        929.0,
        929.0,
        930.0,
        930.0,
        931.0,
        931.0,
        930.0,
        930.0,
        929.0,
        929.0,
        928.0
      ],
      "y": [
        631.0,
        633.0,
        634.0,
        637.0,
        638.0,
        641.0,
        646.0,
        646.0,
        647.0,
        647.0,
        648.0,
        648.0,
        649.0,
        649.0,
        652.0,
        653.0,
        654.0,
        655.0,
        659.0,
        659.0,
        660.0,
        660.0,
        663.0,
        664.0,
        665.0,
        666.0,
        667.0,
        668.0,
        675.0,
        675.0,
        677.0,
        678.0,
        684.0,
        717.0,
        725.0,
        727.0,
        728.0,
        729.0,
        730.0,
        733.0,
        734.0,
        738.0,
        739.0,
        747.0,
        748.0,
        761.0,
        762.0,
        763.0,
        765.0,
        765.0,
        767.0,
        767.0,
        766.0,
        766.0,
        765.0,
        765.0,
        764.0,
        764.0,
        763.0,
        763.0,
        759.0,
        758.0,
        757.0,
        756.0,
        755.0,
        753.0,
        752.0,
        750.0,
        749.0,
        741.0,
        740.0,
        737.0,
        732.0,
        733.0,
        733.0,
        734.0,
        734.0,
        735.0,
        735.0,
        739.0,
        740.0,
        742.0,
        743.0,
        744.0,
        745.0,
        746.0,
        748.0,
        749.0,
        751.0,
        752.0,
        755.0,
        756.0,
        761.0,
        762.0,
        763.0,
        775.0,
        776.0,
        779.0,
        780.0,
        782.0,
        783.0,
        785.0,
        786.0,
        788.0,
        789.0,
        791.0,
        792.0,
        793.0,
        794.0,
        796.0,
        797.0,
        798.0,
        799.0,
        799.0,
        800.0,
        800.0,
        801.0,
        801.0,
        799.0,
        798.0,
        797.0,
        795.0,
        794.0,
        792.0,
        791.0,
        789.0,
        788.0,
        780.0,
        779.0,
        764.0,
        763.0,
        760.0,
        759.0,
        757.0,
        756.0,
        755.0,
        754.0,
        753.0,
        752.0,
        751.0,
        750.0,
        746.0,
        745.0,
        740.0,
        739.0,
        735.0,
        734.0,
        732.0,
        731.0,
        730.0,
        729.0,
        728.0,
        727.0,
        726.0,
        725.0,
        724.0,
        723.0,
        722.0,
        720.0,
        719.0,
        718.0,
        717.0,
        716.0,
        713.0,
        712.0,
        706.0,
        705.0,
        703.0,
        702.0,
        700.0,
        699.0,
        687.0,
        686.0,
        685.0,
        682.0,
        682.0,
        681.0,
        681.0,
        680.0,
        680.0,
        679.0,
        678.0,
        676.0,
        674.0,
        673.0,
        665.0,
        664.0,
        662.0,
        661.0,
        657.0,
        656.0,
        652.0,
        651.0,
        650.0,
        649.0,
        647.0,
        646.0,
        645.0,
        644.0,
        643.0,
        642.0,
        640.0,
        639.0,
        635.0,
        634.0,
        632.0,
        631.0
      ]
    }
  }
]