[
  {
    "name": "person",
    "class": 0,
    "confidence": 0.87844,
    "box": {
      "x1": 1113.4325,
      "y1": 602.83221,
      "x2": 1203.73987,
      "y2": 816.16626
    },
    "track_id": 1,
    "segments": {
      "x": [
        1153.0,
        1153.0,
        1152.0,
        1152.0,
        1151.0,
        1151.0,
        1152.0,
        1152.0,
        1153.0,
        1153.0,
        1154.0,
        1154.0,
        1155.0,
        1155.0,
        1156.0,
        1156.0,
        1157.0,
        1157.0,
        1158.0,
        1158.0,
        1155.0,
        1155.0,
        1154.0,
        1154.0,
        1153.0,
        1153.0,
        1152.0,
        1152.0,
        1151.0,
        1151.0,
        1150.0,
        1150.0,
        1141.0,
        1141.0,
        1140.0,
        1140.0,
        1139.0,
        1139.0,
        1138.0,
        1138.0,
        1134.0,
        1133.0,
        1129.0,
        1129.0,
        1128.0,
        1128.0,
        1127.0,
        1127.0,
        1126.0,
        1126.0,
        1125.0,
        1125.0,
        1124.0,
        1124.0,
        1121.0,
        1121.0,
        1120.0,
        1120.0,
        1119.0,
        1120.0,
        1120.0,
        1122.0,
        1122.0,
        1124.0,
        1124.0,
        1125.0,
        1125.0,
        1126.0,
        1126.0,
        1127.0,
        1127.0,
        1126.0,
        1126.0,
        1124.0,
        1123.0,
        1122.0,
        1121.0,
        1120.0,
        1112.0,
        1111.0,
        1111.0,
        1112.0,
        1114.0,
        1115.0,
        1117.0,
        1118.0,
        1121.0,
        1122.0,
        1124.0,
        1125.0,
        1145.0,
        1146.0,
        1172.0,
        1174.0,
        1174.0,
        1175.0,
        1175.0,
        1176.0,
        1176.0,
        1177.0,
        1177.0,
        1178.0,
        1178.0,
        1179.0,
        1179.0,
        1180.0,
        1180.0,
        1181.0,
        1181.0,
        1182.0,
        1182.0,
        1183.0,
        1183.0,
        1184.0,
        1184.0,
        1185.0,
        1185.0,
        1186.0,
        1186.0,
        1187.0,
        1187.0,
        1188.0,
        1188.0,
        1198.0,
        1198.0,
        1199.0,
        1199.0,
        1200.0,
        1200.0,
        1201.0,
        1201.0,
        1202.0,
        1202.0,
        1203.0,
        1203.0,
        1202.0,
        1202.0,
        1201.0,
        1201.0,
        1200.0,
        1200.0,
        1199.0,
        1199.0,
        1193.0,
        1192.0,
        1190.0,
        1190.0,
        1188.0,
        1188.0,
        1187.0,
        1187.0,
        1186.0,
        1186.0
      ],
      "y": [
        604.0,
        609.0,
        610.0,
        615.0,
        616.0,
        629.0,
        630.0,
        637.0,
        638.0,
        642.0,
        643.0,
        645.0,
        646.0,
        648.0,
        649.0,
        650.0,
        651.0,
        652.0,
        653.0,
        654.0,
        657.0,
        658.0,
        659.0,
        660.0,
        661.0,
        663.0,
        664.0,
        668.0,
        669.0,
        675.0,
        676.0,
        678.0,
        687.0,
        688.0,
        689.0,
        720.0,
        721.0,
        725.0,
        726.0,
        727.0,
        731.0,
        731.0,
        735.0,
        736.0,
        737.0,
        738.0,
        739.0,
        741.0,
        742.0,
        743.0,
        744.0,
        745.0,
        746.0,
        747.0,
        750.0,
        754.0,
        755.0,
        760.0,
        761.0,
        762.0,
        763.0,
        765.0,
        766.0,
        768.0,
        769.0,
        770.0,
        771.0,
        772.0,
        776.0,
        777.0,
        786.0,
        787.0,
        788.0,
        790.0,
        790.0,
        791.0,
        791.0,
        792.0,
        792.0,
        793.0,
        811.0,
        812.0,
        812.0,
        813.0,
        813.0,
        814.0,
        814.0,
        815.0,
        815.0,
        814.0,
        814.0,
        815.0,
        815.0,
        813.0,
        812.0,
        811.0,
        810.0,
        809.0,
        800.0,
        799.0,
        794.0,
        793.0,
        789.0,
        788.0,
        786.0,
        785.0,
        782.0,
        781.0,
        779.0,
        778.0,
        776.0,
        775.0,
        767.0,
        766.0,
        758.0,
        757.0,
        751.0,
        750.0,
        745.0,
        744.0,
        738.0,
        737.0,
        736.0,
        726.0,
        721.0,
        720.0,
        706.0,
        705.0,
        691.0,
        690.0,
        683.0,
        682.0,
        678.0,
        677.0,
        652.0,
        651.0,
        650.0,
        649.0,
        647.0,
        646.0,
        643.0,
        642.0,
        640.0,
        634.0,
        634.0,
        632.0,
        631.0,
        629.0,
        620.0,
        619.0,
        611.0,
        610.0,
        604.0
      ]
    }
  },
  {
    "name": "person",
    "class": 0,
    "confidence": 0.87225,
    "box": {
      "x1": 836.10236,
      "y1": 579.26239,
      "x2": 935.10608,
      "y2": 789.60962
    },
    "track_id": 2,
    "segments": {
      "x": [
        892.0,
        892.0,
        888.0,
        887.0,
        885.0,
        884.0,
        883.0,
        882.0,
        881.0,
        880.0,
        877.0,
        877.0,
        871.0,
        870.0,
        869.0,
        868.0,
        863.0,
        863.0,
        862.0,
        862.0,
        854.0,
        854.0,
        853.0,
        853.0,
        852.0,
        852.0,
        851.0,
        851.0,
        850.0,
        850.0,
        849.0,
        849.0,
        848.0,
        848.0,
        847.0,
        847.0,
        845.0,
        845.0,
        844.0,
        844.0,
        843.0,
        843.0,
        842.0,
        842.0,
        841.0,
        841.0,
        840.0,
        840.0,
        839.0,
        839.0,
        838.0,
        838.0,
        837.0,
        837.0,
        839.0,
        839.0,
        841.0,
        842.0,
        843.0,
        862.0,
        862.0,
        864.0,
        864.0,
        863.0,
        863.0,
        864.0,
        864.0,
        865.0,
        865.0,
        866.0,
        866.0,
        867.0,
        867.0,
        868.0,
        868.0,
        869.0,
        869.0,
        870.0,
        870.0,
        871.0,
        871.0,
        872.0,
        872.0,
        873.0,
        873.0,
        874.0,
        874.0,
        875.0,
        875.0,
        876.0,
        876.0,
        879.0,
        880.0,
        881.0,
        882.0,
        887.0,
        887.0,
        888.0,
        888.0,
        889.0,
        889.0,
        890.0,
        890.0,
        891.0,
        891.0,
        892.0,
        892.0,
        895.0,
        895.0,
        904.0,
        905.0,
        906.0,
        908.0,
        909.0,
        910.0,
        911.0,
        912.0,
        913.0,
        914.0,
        915.0,
        916.0,
        917.0,
        918.0,
        919.0,
        920.0,
        922.0,
        922.0,
        923.0,
        923.0,
        922.0,
        922.0,
        921.0,
        921.0,
        920.0,
        920.0,
        919.0,
        919.0,
        918.0,
        918.0,
        915.0,
        915.0,
        914.0,
        914.0,
        913.0,
        913.0,
        912.0,
        912.0,
        913.0,
        913.0,
        914.0,
        914.0,
        921.0,
        921.0,
        927.0,
        928.0,
        929.0,
        930.0,
        933.0,
        933.0,
        934.0,
        934.0,
        935.0,
        935.0,
        934.0,
        934.0,
        933.0,
        933.0,
        930.0,
        930.0,
        929.0,
        928.0,
        926.0,
        925.0,
        923.0,
        922.0,
        920.0,
        919.0,
        915.0,
        914.0,
        911.0,
        910.0,
        907.0,
        906.0,
        903.0,
        902.0,
        894.0,
        888.0,
        888.0,
        894.0,
        895.0,
        897.0,
        898.0,
        899.0,
        899.0,
        904.0,
        917.0,
        918.0,
        919.0,
        921.0,
        921.0,
        922.0,
        922.0,
        923.0,
        923.0,
        924.0,
        924.0,
        923.0,
        923.0
      ],
      "y": [
        579.0,
        581.0,
        585.0,
        585.0,
        587.0,
        587.0,
        588.0,
        588.0,
        589.0,
        589.0,
        592.0,
        593.0,
        599.0,
        599.0,
        600.0,
        600.0,
        605.0,
        606.0,
        607.0,
        608.0,
        616.0,
        617.0,
        618.0,
        622.0,
        623.0,
        628.0,
        629.0,
        633.0,
        634.0,
        636.0,
        637.0,
        638.0,
        639.0,
        640.0,
        641.0,
        643.0,
        645.0,
        646.0,
        647.0,
        649.0,
        650.0,
        651.0,
        652.0,
        660.0,
        661.0,
        683.0,
        684.0,
        697.0,
        698.0,
        707.0,
        708.0,
        715.0,
        716.0,
        783.0,
        785.0,
        786.0,
        788.0,
        788.0,
        789.0,
        789.0,
        788.0,
        786.0,
        764.0,
        763.0,
        758.0,
        757.0,
        740.0,
        739.0,
        730.0,
        729.0,
        724.0,
        723.0,
        721.0,
        720.0,
        719.0,
        718.0,
        717.0,
        716.0,
        715.0,
        714.0,
        712.0,
        711.0,
        710.0,
        709.0,
        707.0,
        706.0,
        704.0,
        703.0,
        702.0,
        701.0,
        700.0,
        697.0,
        697.0,
        696.0,
        696.0,
        701.0,
        703.0,
        704.0,
        708.0,
        709.0,
        713.0,
        714.0,
        716.0,
        717.0,
        718.0,
        719.0,
        720.0,
        723.0,
        724.0,
        733.0,
        733.0,
        734.0,
        734.0,
        735.0,
        735.0,
        736.0,
        736.0,
        737.0,
        737.0,
        738.0,
        738.0,
        739.0,
        739.0,
        738.0,
        738.0,
        736.0,
        733.0,
        732.0,
        724.0,
        723.0,
        721.0,
        720.0,
        719.0,
        718.0,
        717.0,
        716.0,
        715.0,
        714.0,
        713.0,
        710.0,
        709.0,
        708.0,
        706.0,
        705.0,
        703.0,
        702.0,
        689.0,
        688.0,
        687.0,
        686.0,
        685.0,
        678.0,
        677.0,
        671.0,
        671.0,
        670.0,
        670.0,
        667.0,
        666.0,
        665.0,
        660.0,
        659.0,
        652.0,
        651.0,
        649.0,
        648.0,
        647.0,
        644.0,
        643.0,
        643.0,
        644.0,
        644.0,
        645.0,
        645.0,
        646.0,
        646.0,
        647.0,
        647.0,
        648.0,
        648.0,
        649.0,
        649.0,
        650.0,
        650.0,
        649.0,
        649.0,
        643.0,
        629.0,
        623.0,
        623.0,
        621.0,
        621.0,
        620.0,
        619.0,
        614.0,
        614.0,
        613.0,
        613.0,
        611.0,
        610.0,
        609.0,
        608.0,
        607.0,
        604.0,
        603.0,
        581.0,
        580.0,
        579.0
      ]
    }
  }
]