[
  {
    "name": "person",
    "class": 0,
    "confidence": 0.86881,
    "box": {
      "x1": 1057.65356,
      "y1": 574.44159,
      "x2": 1124.29285,
      "y2": 789.3728
    },
    "track_id": 1,
    "segments": {
      "x": [
        1068.0,
        1067.0,
        1067.0,
        1066.0,
        1066.0,
        1065.0,
        1065.0,
        1066.0,
        1066.0,
        1067.0,
        1067.0,
        1068.0,
        1068.0,
        1069.0,
        1069.0,
        1070.0,
        1070.0,
        1073.0,
        1074.0,
        1076.0,
        1076.0,
        1077.0,
        1077.0,
        1076.0,
        1076.0,
        1075.0,
        1075.0,
        1074.0,
        1074.0,
        1073.0,
        1073.0,
        1072.0,
        1072.0,
        1071.0,
        1071.0,
        1070.0,
        1070.0,
        1069.0,
        1069.0,
        1068.0,
        1068.0,
        1067.0,
        1067.0,
        1066.0,
        1066.0,
        1065.0,
        1065.0,
        1064.0,
        1064.0,
        1065.0,
        1065.0,
        1066.0,
        1066.0,
        1067.0,
        1067.0,
        1066.0,
        1066.0,
        1065.0,
        1065.0,
        1064.0,
        1064.0,
        1063.0,
        1063.0,
        1057.0,
        1057.0,
        1056.0,
        1056.0,
        1061.0,
        1062.0,
        1065.0,
        1065.0,
        1066.0,
        1066.0,
        1067.0,
        1067.0,
        1066.0,
        1066.0,
        1061.0,
        1060.0,
        1057.0,
        1057.0,
        1056.0,
        1056.0,
        1077.0,
        1078.0,
        1079.0,
        1080.0,
        1080.0,
        1081.0,
        1082.0,
        1084.0,
        1085.0,
        1086.0,
        1090.0,
        1091.0,
        1096.0,
        1097.0,
        1098.0,
        1099.0,
        1100.0,
        1104.0,
        1104.0,
        1105.0,
        1105.0,
        1106.0,
        1106.0,
        1107.0,
        1107.0,
        1106.0,
        1106.0,
        1107.0,
        1107.0,
        1108.0,
        1108.0,
        1109.0,
        1109.0,
        1110.0,
        1110.0,
        1113.0,
        1113.0,
        1114.0,
        1114.0,
        1115.0,
        1115.0,
        1116.0,
        1116.0,
        1117.0,
        1117.0,
        1122.0,
        1123.0,
        1124.0,
        1124.0,
        1123.0,
        1123.0,
        1122.0,
        1122.0,
        1121.0,
        1121.0,
        1120.0,
        1120.0,
        1119.0,
        1119.0,
        1118.0,
        1118.0,
        1117.0,
        1117.0,
        1116.0,
        1116.0,
        1115.0,
        1115.0,
        1114.0,
        1114.0,
        1113.0,
        1113.0,
        1111.0,
        1111.0,
        1106.0,
        1106.0,
        1105.0,
        1105.0,
        1104.0,
        1104.0,
        1103.0,
        1103.0,
        1102.0,
        1102.0,
        1101.0,
        1101.0,
        1100.0,
        1100.0,
        1098.0,
        1098.0,
        1097.0,
        1097.0
      ],
      "y": [
        575.0,
        576.0,
        582.0,
        583.0,
        588.0,
        589.0,
        597.0,
        598.0,
        602.0,
        603.0,
        606.0,
        607.0,
        608.0,
        609.0,
        610.0,
        611.0,
        612.0,
        615.0,
        615.0,
        617.0,
        621.0,
        622.0,
        632.0,
        633.0,
        634.0,
        635.0,
        636.0,
        637.0,
        638.0,
        639.0,
        640.0,
        641.0,
        643.0,
        644.0,
        646.0,
        647.0,
        649.0,
        650.0,
        655.0,
        656.0,
        666.0,
        667.0,
        670.0,
        671.0,
        673.0,
        674.0,
        675.0,
        676.0,
        680.0,
        681.0,
        684.0,
        685.0,
        688.0,
        689.0,
        703.0,
        704.0,
        706.0,
        707.0,
        708.0,
        709.0,
        710.0,
        711.0,
        712.0,
        718.0,
        719.0,
        720.0,
        740.0,
        745.0,
        745.0,
        748.0,
        749.0,
        750.0,
        755.0,
        756.0,
        763.0,
        764.0,
        765.0,
        770.0,
        770.0,
        773.0,
        774.0,
        775.0,
        788.0,
        788.0,
        787.0,
        787.0,
        786.0,
        785.0,
        784.0,
        784.0,
        782.0,
        782.0,
        781.0,
        781.0,
        780.0,
        780.0,
        779.0,
        779.0,
        778.0,
        778.0,
        774.0,
        772.0,
        771.0,
        766.0,
        765.0,
        758.0,
        757.0,
        737.0,
        736.0,
        723.0,
        722.0,
        719.0,
        718.0,
        716.0,
        715.0,
        714.0,
        713.0,
        712.0,
        709.0,
        708.0,
        707.0,
        705.0,
        704.0,
        703.0,
        702.0,
        701.0,
        700.0,
        699.0,
        694.0,
        694.0,
        693.0,
        637.0,
        636.0,
        634.0,
        633.0,
        632.0,
        631.0,
        630.0,
        629.0,
        628.0,
        627.0,
        626.0,
        625.0,
        624.0,
        623.0,
        621.0,
        620.0,
        617.0,
        616.0,
        614.0,
        613.0,
        612.0,
        611.0,
        610.0,
        608.0,
        607.0,
        602.0,
        601.0,
        600.0,
        599.0,
        598.0,
        597.0,
        596.0,
        594.0,
        593.0,
        590.0,
        589.0,
        588.0,
        587.0,
        585.0,
        583.0,
        580.0,
        579.0,
        575.0
      ]
    }
  },
  {
    "name": "person",
    "class": 0,
    "confidence": 0.82847,
    "box": {
      "x1": 842.83276,
      "y1": 568.48492,
      "x2": 925.0838,
      "y2": 798.54364
    },
    "track_id": 2,
    "segments": {
      "x": [
        878.0,
        878.0,
        877.0,
        877.0,
        876.0,
        876.0,
        875.0,
        875.0,
        874.0,
        874.0,
        860.0,
        858.0,
        857.0,
        856.0,
        851.0,
        851.0,
        850.0,
        850.0,
        849.0,
        849.0,
        846.0,
        845.0,
        844.0,
        844.0,
        845.0,
        851.0,
        851.0,
        852.0,
        852.0,
        853.0,
        853.0,
        854.0,
        854.0,
        860.0,
        860.0,
        858.0,
        858.0,
        856.0,
        856.0,
        855.0,
        855.0,
        854.0,
        854.0,
        853.0,
        853.0,
        852.0,
        852.0,
        851.0,
        851.0,
        850.0,
        850.0,
        852.0,
        852.0,
        857.0,
        859.0,
        861.0,
        862.0,
        863.0,
        864.0,
        865.0,
        866.0,
        868.0,
        870.0,
        877.0,
        877.0,
        878.0,
        878.0,
        879.0,
        879.0,
        880.0,
        880.0,
        881.0,
        881.0,
        882.0,
        882.0,
        883.0,
        883.0,
        884.0,
        884.0,
        885.0,
        885.0,
        886.0,
        886.0,
        887.0,
        887.0,
        888.0,
        888.0,
        889.0,
        889.0,
        890.0,
        910.0,
        911.0,
        912.0,
        915.0,
        916.0,
        918.0,
        919.0,
        926.0,
        926.0,
        925.0,
        925.0,
        924.0,
        924.0,
        923.0,
        923.0,
        922.0,
        922.0,
        921.0,
        921.0,
        919.0,
        918.0,
        917.0,
        916.0,
        914.0,
        913.0,
        911.0,
        910.0,
        905.0,
        905.0,
        904.0,
        904.0,
        903.0,
        903.0,
        902.0,
        902.0,
        901.0,
        901.0,
        900.0,
        900.0,
        901.0,
        901.0,
        902.0,
        902.0,
        909.0,
        909.0,
        910.0,
        910.0,
        911.0,
        911.0,
        912.0,
        912.0,
        916.0,
        917.0,
        918.0,
        918.0,
        919.0,
        919.0,
        920.0,
        920.0,
        919.0,
        919.0,
        918.0,
        918.0,
        917.0,
        917.0,
        918.0,
        918.0,
        917.0,
        917.0,
        916.0,
        915.0,
        914.0,
        912.0,
        912.0,
        911.0,
        911.0,
        910.0,
        910.0,
        909.0,
        909.0,
        908.0,
        908.0,
        907.0,
        907.0,
        906.0
      ],
      "y": [
        570.0,
        571.0,
        572.0,
        575.0,
        576.0,
        581.0,
        582.0,
        583.0,
        584.0,
        585.0,
        599.0,
        599.0,
        600.0,
        600.0,
        605.0,
        606.0,
        607.0,
        608.0,
        609.0,
        610.0,
        613.0,
        613.0,
        614.0,
        694.0,
        694.0,
        700.0,
        701.0,
        702.0,
        703.0,
        704.0,
        705.0,
        706.0,
        707.0,
        713.0,
        714.0,
        716.0,
        717.0,
        719.0,
        720.0,
        721.0,
        722.0,
        723.0,
        724.0,
        725.0,
        729.0,
        730.0,
        735.0,
        736.0,
        743.0,
        744.0,
        751.0,
        753.0,
        754.0,
        759.0,
        759.0,
        757.0,
        757.0,
        756.0,
        756.0,
        755.0,
        755.0,
        753.0,
        753.0,
        760.0,
        761.0,
        762.0,
        763.0,
        764.0,
        765.0,
        766.0,
        767.0,
        768.0,
        769.0,
        770.0,
        771.0,
        772.0,
        773.0,
        774.0,
        776.0,
        777.0,
        779.0,
        780.0,
        784.0,
        785.0,
        790.0,
        791.0,
        796.0,
        797.0,
        798.0,
        799.0,
        799.0,
        798.0,
        798.0,
        795.0,
        795.0,
        793.0,
        793.0,
        786.0,
        784.0,
        783.0,
        782.0,
        781.0,
        780.0,
        779.0,
        778.0,
        777.0,
        775.0,
        774.0,
        773.0,
        771.0,
        771.0,
        770.0,
        770.0,
        768.0,
        768.0,
        766.0,
        766.0,
        761.0,
        760.0,
        759.0,
        758.0,
        757.0,
        756.0,
        755.0,
        753.0,
        752.0,
        745.0,
        744.0,
        730.0,
        729.0,
        724.0,
        723.0,
        722.0,
        715.0,
        714.0,
        713.0,
        712.0,
        711.0,
        710.0,
        709.0,
        708.0,
        704.0,
        704.0,
        703.0,
        702.0,
        701.0,
        695.0,
        694.0,
        649.0,
        648.0,
        643.0,
        642.0,
        633.0,
        632.0,
        623.0,
        622.0,
        617.0,
        616.0,
        615.0,
        615.0,
        614.0,
        614.0,
        612.0,
        611.0,
        610.0,
        608.0,
        607.0,
        580.0,
        579.0,
        576.0,
        575.0,
        573.0,
        572.0,
        571.0,
        570.0
      ]
    }
  }
]