[
  {
    "name": "person",
    "class": 0,
    "confidence": 0.84743,
    "box": {
      "x1": 1149.47424,
      "y1": 617.98749,
      "x2": 1234.47217,
      "y2": 858.44611
    },
    "track_id": 1,
    "segments": {
      "x": [
        1179.0,
        1178.0,
        1178.0,
        1177.0,
        1177.0,
        1176.0,
        1176.0,
        1177.0,
        1177.0,
        1178.0,
        1178.0,
        1186.0,
        1186.0,
        1184.0,
        1184.0,
        1181.0,
        1180.0,
        1180.0,
        1178.0,
        1178.0,
        1177.0,
        1177.0,
        1176.0,
        1176.0,
        1175.0,
        1175.0,
        1174.0,
        1174.0,
        1173.0,
        1173.0,
        1172.0,
        1172.0,
        1171.0,
        1171.0,
        1170.0,
        1170.0,
        1169.0,
        1169.0,
        1168.0,
        1168.0,
        1167.0,
        1167.0,
        1166.0,
        1166.0,
        1165.0,
        1165.0,
        1164.0,
        1164.0,
        1163.0,
        1163.0,
        1162.0,
        1162.0,
        1161.0,
        1161.0,
        1158.0,
        1155.0,
        1155.0,
        1156.0,
        1161.0,
        1162.0,
        1171.0,
        1172.0,
        1175.0,
        1176.0,
        1178.0,
        1179.0,
        1180.0,
        1181.0,
        1185.0,
        1185.0,
        1186.0,
        1186.0,
        1187.0,
        1187.0,
        1188.0,
        1188.0,
        1189.0,
        1189.0,
        1190.0,
        1190.0,
        1196.0,
        1196.0,
        1192.0,
        1192.0,
        1190.0,
        1190.0,
        1189.0,
        1189.0,
        1190.0,
        1190.0,
        1191.0,
        1191.0,
        1192.0,
        1192.0,
        1193.0,
        1222.0,
        1229.0,
        1230.0,
        1233.0,
        1233.0,
        1234.0,
        1234.0,
        1233.0,
        1233.0,
        1230.0,
        1229.0,
        1225.0,
        1225.0,
        1224.0,
        1224.0,
        1223.0,
        1223.0,
        1222.0,
        1222.0,
        1221.0,
        1221.0,
        1220.0,
        1220.0,
        1214.0,
        1214.0,
        1213.0,
        1213.0,
        1212.0,
        1212.0,
        1211.0,
        1211.0,
        1210.0,
        1210.0,
        1202.0,
        1202.0,
        1201.0,
        1201.0,
        1200.0,
        1200.0,
        1199.0,
        1200.0,
        1200.0,
        1202.0,
        1202.0,
        1209.0,
        1209.0,
        1210.0,
        1210.0,
        1211.0,
        1211.0,
        1212.0,
        1212.0,
        1213.0,
        1213.0,
        1216.0,
        1217.0,
        1222.0,
        1222.0,
        1223.0,
        1223.0,
        1224.0,
        1224.0,
        1225.0,
        1225.0,
        1226.0,
        1226.0,
        1227.0,
        1227.0,
        1228.0,
        1228.0,
        1231.0,
        1231.0,
        1232.0,
        1232.0,
        1233.0,
        1233.0,
        1234.0,
        1234.0,
        1229.0,
        1228.0,
        1225.0,
        1225.0,
        1224.0,
        1224.0,
        1220.0,
        1219.0,
        1217.0,
        1216.0,
        1214.0,
        1214.0,
        1212.0,
        1212.0,
        1211.0,
        1211.0
      ],
      "y": [
        618.0,
        619.0,
        621.0,
        622.0,
        625.0,
        626.0,
        653.0,
        654.0,
        655.0,
        656.0,
        657.0,
        665.0,
        666.0,
        668.0,
        669.0,
        672.0,
        672.0,
        673.0,
        675.0,
        676.0,
        677.0,
        680.0,
        681.0,
        689.0,
        690.0,
        695.0,
        696.0,
        699.0,
        700.0,
        703.0,
        704.0,
        705.0,
        706.0,
        707.0,
        708.0,
        709.0,
        710.0,
        711.0,
        712.0,
        716.0,
        717.0,
        727.0,
        728.0,
        734.0,
        735.0,
        741.0,
        742.0,
        749.0,
        750.0,
        771.0,
        772.0,
        785.0,
        786.0,
        787.0,
        790.0,
        790.0,
        813.0,
        814.0,
        814.0,
        815.0,
        815.0,
        814.0,
        814.0,
        813.0,
        813.0,
        812.0,
        812.0,
        811.0,
        815.0,
        816.0,
        817.0,
        819.0,
        820.0,
        821.0,
        822.0,
        823.0,
        824.0,
        825.0,
        826.0,
        827.0,
        833.0,
        834.0,
        838.0,
        839.0,
        841.0,
        842.0,
        843.0,
        849.0,
        850.0,
        852.0,
        853.0,
        855.0,
        856.0,
        857.0,
        858.0,
        858.0,
        851.0,
        851.0,
        848.0,
        847.0,
        846.0,
        845.0,
        844.0,
        843.0,
        840.0,
        840.0,
        836.0,
        835.0,
        834.0,
        832.0,
        831.0,
        829.0,
        828.0,
        826.0,
        825.0,
        824.0,
        823.0,
        822.0,
        816.0,
        815.0,
        814.0,
        813.0,
        812.0,
        811.0,
        810.0,
        808.0,
        807.0,
        806.0,
        798.0,
        797.0,
        796.0,
        792.0,
        791.0,
        786.0,
        785.0,
        784.0,
        772.0,
        770.0,
        769.0,
        762.0,
        760.0,
        759.0,
        757.0,
        756.0,
        754.0,
        753.0,
        750.0,
        749.0,
        748.0,
        745.0,
        745.0,
        740.0,
        739.0,
        738.0,
        726.0,
        725.0,
        718.0,
        717.0,
        713.0,
        712.0,
        711.0,
        710.0,
        709.0,
        708.0,
        707.0,
        704.0,
        703.0,
        702.0,
        700.0,
        699.0,
        697.0,
        696.0,
        663.0,
        658.0,
        658.0,
        655.0,
        654.0,
        653.0,
        652.0,
        648.0,
        648.0,
        646.0,
        646.0,
        644.0,
        643.0,
        641.0,
        629.0,
        628.0,
        618.0
      ]
    }
  },
  {
    "name": "person",
    "class": 0,
    "confidence": 0.79737,
    "box": {
      "x1": 835.96051,
      "y1": 617.75067,
      "x2": 934.63031,
      "y2": 791.41113
    },
    "track_id": 2,
    "segments": {
      "x": [
        867.0,
        866.0,
        864.0,
        863.0,
        859.0,
        856.0,
        856.0,
        854.0,
        854.0,
        853.0,
        853.0,
        852.0,
        852.0,
        849.0,
        848.0,
        846.0,
        845.0,
        843.0,
        842.0,
        841.0,
        841.0,
        840.0,
        840.0,
        839.0,
        839.0,
        838.0,
        838.0,
        837.0,
        837.0,
        836.0,
        836.0,
        838.0,
        838.0,
        843.0,
        844.0,
        845.0,
        859.0,
        863.0,
        863.0,
        864.0,
        864.0,
        865.0,
        865.0,
        864.0,
        864.0,
        865.0,
        865.0,
        866.0,
        866.0,
        867.0,
        867.0,
        868.0,
        868.0,
        869.0,
        869.0,
        871.0,
        872.0,
        872.0,
        875.0,
        875.0,
        876.0,
        876.0,
        879.0,
        879.0,
        881.0,
        894.0,
        895.0,
        898.0,
        899.0,
        904.0,
        905.0,
        921.0,
        922.0,
        923.0,
        926.0,
        926.0,
        927.0,
        927.0,
        926.0,
        926.0,
        925.0,
        925.0,
        924.0,
        924.0,
        923.0,
        923.0,
        924.0,
        924.0,
        925.0,
        925.0,
        924.0,
        924.0,
        923.0,
        923.0,
        921.0,
        921.0,
        919.0,
        918.0,
        917.0,
        916.0,
        914.0,
        913.0,
        909.0
      ],
      "y": [
        617.0,
        618.0,
        618.0,
        619.0,
        619.0,
        622.0,
        623.0,
        625.0,
        627.0,
        628.0,
        629.0,
        630.0,
        631.0,
        634.0,
        634.0,
        636.0,
        636.0,
        638.0,
        638.0,
        639.0,
        640.0,
        641.0,
        642.0,
        643.0,
        645.0,
        646.0,
        648.0,
        649.0,
        651.0,
        652.0,
        782.0,
        784.0,
        785.0,
        790.0,
        790.0,
        791.0,
        791.0,
        787.0,
        786.0,
        785.0,
        780.0,
        779.0,
        769.0,
        768.0,
        736.0,
        735.0,
        728.0,
        727.0,
        722.0,
        721.0,
        717.0,
        716.0,
        713.0,
        712.0,
        711.0,
        709.0,
        709.0,
        708.0,
        705.0,
        704.0,
        703.0,
        701.0,
        698.0,
        697.0,
        695.0,
        695.0,
        696.0,
        696.0,
        697.0,
        697.0,
        698.0,
        698.0,
        697.0,
        697.0,
        694.0,
        692.0,
        691.0,
        689.0,
        688.0,
        687.0,
        686.0,
        684.0,
        683.0,
        680.0,
        679.0,
        656.0,
        655.0,
        645.0,
        644.0,
        640.0,
        639.0,
        634.0,
        633.0,
        629.0,
        627.0,
        626.0,
        624.0,
        624.0,
        623.0,
        623.0,
        621.0,
        621.0,
        617.0
      ]
    }
  }
]