[
  {
    "name": "person",
    "class": 0,
    "confidence": 0.8614,
    "box": {
      "x1": 1071.59668,
      "y1": 582.11469,
      "x2": 1134.46948,
      "y2": 804.43494
    },
    "track_id": 1,
    "segments": {
      "x": [
        1088.0,
        1082.0,
        1082.0,
        1081.0,
        1081.0,
        1080.0,
        1080.0,
        1079.0,
        1080.0,
        1080.0,
        1081.0,
        1081.0,
        1082.0,
        1082.0,
        1083.0,
        1083.0,
        1085.0,
        1085.0,
        1088.0,
        1088.0,
        1089.0,
        1089.0,
        1088.0,
        1088.0,
        1087.0,
        1087.0,
        1086.0,
        1086.0,
        1085.0,
        1085.0,
        1084.0,
        1084.0,
        1083.0,
        1083.0,
        1082.0,
        1082.0,
        1081.0,
        1081.0,
        1080.0,
        1080.0,
        1079.0,
        1079.0,
        1078.0,
        1078.0,
        1074.0,
        1072.0,
        1071.0,
        1071.0,
        1072.0,
        1073.0,
        1074.0,
        1078.0,
        1078.0,
        1079.0,
        1079.0,
        1080.0,
        1080.0,
        1081.0,
        1081.0,
        1082.0,
        1082.0,
        1083.0,
        1083.0,
        1082.0,
        1082.0,
        1081.0,
        1081.0,
        1080.0,
        1080.0,
        1081.0,
        1081.0,
        1082.0,
        1082.0,
        1083.0,
        1083.0,
        1085.0,
        1086.0,
        1093.0,
        1093.0,
        1094.0,
        1094.0,
        1087.0,
        1086.0,
        1084.0,
        1084.0,
        1085.0,
        1086.0,
        1087.0,
        1089.0,
        1090.0,
        1092.0,
        1093.0,
        1096.0,
        1097.0,
        1113.0,
        1114.0,
        1122.0,
        1127.0,
        1127.0,
        1126.0,
        1126.0,
        1125.0,
        1125.0,
        1124.0,
        1124.0,
        1123.0,
        1123.0,
        1122.0,
        1122.0,
        1120.0,
        1120.0,
        1119.0,
        1119.0,
        1118.0,
        1118.0,
        1117.0,
        1117.0,
        1116.0,
        1116.0,
        1117.0,
        1117.0,
        1118.0,
        1118.0,
        1119.0,
        1119.0,
        1120.0,
        1120.0,
        1121.0,
        1122.0,
        1122.0,
        1125.0,
        1125.0,
        1126.0,
        1126.0,
        1127.0,
        1127.0,
        1128.0,
        1128.0,
        1129.0,
        1129.0,
        1130.0,
        1130.0,
        1131.0,
        1131.0,
        1132.0,
        1132.0,
        1133.0,
        1133.0,
        1134.0,
        1134.0,
        1132.0,
        1132.0,
        1130.0,
        1130.0,
        1129.0,
        1129.0,
        1128.0,
        1128.0,
        1127.0,
        1127.0,
        1126.0,
        1126.0,
        1117.0,
        1117.0,
        1116.0,
        1116.0,
        1115.0,
        1115.0,
        1114.0,
        1114.0
      ],
      "y": [
        582.0,
        588.0,
        589.0,
        590.0,
        591.0,
        592.0,
        604.0,
        605.0,
        606.0,
        612.0,
        613.0,
        617.0,
        618.0,
        619.0,
        620.0,
        621.0,
        623.0,
        624.0,
        627.0,
        628.0,
        629.0,
        631.0,
        632.0,
        634.0,
        635.0,
        637.0,
        638.0,
        639.0,
        640.0,
        641.0,
        642.0,
        643.0,
        644.0,
        646.0,
        647.0,
        650.0,
        651.0,
        654.0,
        655.0,
        660.0,
        661.0,
        665.0,
        666.0,
        667.0,
        671.0,
        671.0,
        672.0,
        693.0,
        693.0,
        694.0,
        694.0,
        698.0,
        699.0,
        700.0,
        710.0,
        711.0,
        736.0,
        737.0,
        742.0,
        743.0,
        746.0,
        747.0,
        753.0,
        754.0,
        757.0,
        758.0,
        760.0,
        761.0,
        763.0,
        764.0,
        768.0,
        769.0,
        771.0,
        772.0,
        773.0,
        775.0,
        775.0,
        782.0,
        783.0,
        784.0,
        787.0,
        794.0,
        794.0,
        796.0,
        799.0,
        800.0,
        800.0,
        801.0,
        801.0,
        802.0,
        802.0,
        803.0,
        803.0,
        804.0,
        804.0,
        803.0,
        803.0,
        798.0,
        776.0,
        775.0,
        770.0,
        769.0,
        767.0,
        766.0,
        764.0,
        763.0,
        762.0,
        761.0,
        760.0,
        758.0,
        757.0,
        756.0,
        755.0,
        754.0,
        753.0,
        752.0,
        748.0,
        747.0,
        736.0,
        735.0,
        732.0,
        731.0,
        729.0,
        728.0,
        727.0,
        726.0,
        725.0,
        724.0,
        724.0,
        723.0,
        720.0,
        719.0,
        718.0,
        716.0,
        715.0,
        713.0,
        712.0,
        708.0,
        707.0,
        705.0,
        704.0,
        702.0,
        701.0,
        699.0,
        698.0,
        697.0,
        696.0,
        695.0,
        694.0,
        630.0,
        628.0,
        627.0,
        625.0,
        624.0,
        623.0,
        621.0,
        620.0,
        618.0,
        617.0,
        616.0,
        615.0,
        614.0,
        605.0,
        601.0,
        600.0,
        595.0,
        594.0,
        587.0,
        586.0,
        582.0
      ]
    }
  },
  {
    "name": "person",
    "class": 0,
    "confidence": 0.86673,
    "box": {
      "x1": 824.02094,
      "y1": 565.31982,
      "x2": 914.3161,
      "y2": 787.19757
    },
    "track_id": 2,
    "segments": {
      "x": [
        876.0,
        876.0,
        875.0,
        875.0,
        874.0,
        874.0,
        870.0,
        869.0,
        864.0,
        864.0,
        860.0,
        859.0,
        858.0,
        857.0,
        855.0,
        854.0,
        851.0,
        851.0,
        844.0,
        843.0,
        843.0,
        841.0,
        841.0,
        840.0,
        840.0,
        839.0,
        839.0,
        838.0,
        838.0,
        837.0,
        837.0,
        836.0,
        836.0,
        837.0,
        837.0,
        838.0,
        838.0,
        839.0,
        839.0,
        840.0,
        840.0,
        841.0,
        841.0,
        842.0,
        842.0,
        843.0,
        843.0,
        847.0,
        847.0,
        849.0,
        849.0,
        850.0,
        850.0,
        851.0,
        851.0,
        852.0,
        852.0,
        851.0,
        851.0,
        850.0,
        850.0,
        846.0,
        845.0,
        841.0,
        841.0,
        840.0,
        840.0,
        838.0,
        838.0,
        835.0,
        834.0,
        833.0,
        832.0,
        830.0,
        829.0,
        827.0,
        827.0,
        825.0,
        825.0,
        824.0,
        824.0,
        828.0,
        829.0,
        831.0,
        833.0,
        834.0,
        835.0,
        836.0,
        838.0,
        839.0,
        840.0,
        841.0,
        842.0,
        843.0,
        844.0,
        845.0,
        846.0,
        847.0,
        849.0,
        850.0,
        851.0,
        852.0,
        860.0,
        860.0,
        861.0,
        861.0,
        862.0,
        862.0,
        863.0,
        863.0,
        864.0,
        864.0,
        865.0,
        865.0,
        866.0,
        866.0,
        867.0,
        867.0,
        874.0,
        874.0,
        875.0,
        875.0,
        876.0,
        876.0,
        877.0,
        877.0,
        882.0,
        883.0,
        887.0,
        887.0,
        888.0,
        888.0,
        889.0,
        889.0,
        890.0,
        890.0,
        892.0,
        892.0,
        895.0,
        895.0,
        899.0,
        900.0,
        901.0,
        902.0,
        903.0,
        904.0,
        905.0,
        906.0,
        908.0,
        908.0,
        909.0,
        909.0,
        910.0,
        910.0,
        911.0,
        911.0,
        912.0,
        912.0,
        911.0,
        911.0,
        910.0,
        910.0,
        909.0,
        909.0,
        908.0,
        908.0,
        907.0,
        907.0,
        906.0,
        906.0,
        905.0,
        905.0
      ],
      "y": [
        566.0,
        567.0,
        568.0,
        570.0,
        571.0,
        572.0,
        576.0,
        576.0,
        581.0,
        582.0,
        586.0,
        586.0,
        587.0,
        587.0,
        589.0,
        589.0,
        592.0,
        593.0,
        600.0,
        600.0,
        601.0,
        603.0,
        604.0,
        605.0,
        610.0,
        611.0,
        619.0,
        620.0,
        626.0,
        627.0,
        635.0,
        636.0,
        667.0,
        668.0,
        671.0,
        672.0,
        675.0,
        676.0,
        679.0,
        680.0,
        682.0,
        683.0,
        684.0,
        685.0,
        686.0,
        687.0,
        688.0,
        692.0,
        693.0,
        695.0,
        696.0,
        697.0,
        698.0,
        699.0,
        701.0,
        702.0,
        716.0,
        717.0,
        725.0,
        726.0,
        727.0,
        731.0,
        731.0,
        735.0,
        736.0,
        737.0,
        738.0,
        740.0,
        741.0,
        744.0,
        744.0,
        745.0,
        745.0,
        747.0,
        747.0,
        749.0,
        750.0,
        752.0,
        753.0,
        754.0,
        771.0,
        775.0,
        775.0,
        777.0,
        777.0,
        778.0,
        778.0,
        779.0,
        779.0,
        780.0,
        780.0,
        781.0,
        781.0,
        782.0,
        782.0,
        783.0,
        783.0,
        784.0,
        784.0,
        785.0,
        785.0,
        786.0,
        786.0,
        782.0,
        781.0,
        776.0,
        775.0,
        762.0,
        761.0,
        759.0,
        758.0,
        757.0,
        756.0,
        755.0,
        754.0,
        753.0,
        752.0,
        751.0,
        744.0,
        743.0,
        742.0,
        741.0,
        740.0,
        739.0,
        738.0,
        737.0,
        732.0,
        732.0,
        728.0,
        727.0,
        726.0,
        725.0,
        724.0,
        723.0,
        722.0,
        720.0,
        718.0,
        717.0,
        714.0,
        713.0,
        709.0,
        709.0,
        708.0,
        708.0,
        707.0,
        707.0,
        706.0,
        706.0,
        704.0,
        703.0,
        702.0,
        698.0,
        697.0,
        680.0,
        679.0,
        635.0,
        634.0,
        611.0,
        610.0,
        605.0,
        604.0,
        602.0,
        601.0,
        599.0,
        598.0,
        596.0,
        595.0,
        582.0,
        581.0,
        568.0,
        567.0,
        566.0
      ]
    }
  }
]