[
  {
    "name": "person",
    "class": 0,
    "confidence": 0.87976,
    "box": {
      "x1": 1040.04065,
      "y1": 554.9588,
      "x2": 1126.57959,
      "y2": 744.46399
    },
    "track_id": 1,
    "segments": {
      "x": [
        1069.0,
        1069.0,
        1068.0,
        1068.0,
        1067.0,
        1067.0,
        1066.0,
        1066.0,
        1065.0,
        1065.0,
        1063.0,
        1063.0,
        1059.0,
        1059.0,
        1058.0,
        1058.0,
        1057.0,
        1057.0,
        1056.0,
        1056.0,
        1055.0,
        1055.0,
        1054.0,
        1054.0,
        1053.0,
        1053.0,
        1052.0,
        1052.0,
        1051.0,
        1051.0,
        1050.0,
        1050.0,
        1049.0,
        1049.0,
        1048.0,
        1048.0,
        1047.0,
        1047.0,
        1046.0,
        1046.0,
        1045.0,
        1045.0,
        1044.0,
        1044.0,
        1043.0,
        1043.0,
        1044.0,
        1044.0,
        1043.0,
        1043.0,
        1042.0,
        1042.0,
        1041.0,
        1041.0,
        1042.0,
        1043.0,
        1045.0,
        1046.0,
        1052.0,
        1054.0,
        1055.0,
        1061.0,
        1064.0,
        1065.0,
        1067.0,
        1069.0,
        1070.0,
        1071.0,
        1072.0,
        1073.0,
        1074.0,
        1075.0,
        1076.0,
        1077.0,
        1078.0,
        1079.0,
        1081.0,
        1082.0,
        1087.0,
        1090.0,
        1090.0,
        1091.0,
        1091.0,
        1092.0,
        1092.0,
        1093.0,
        1093.0,
        1094.0,
        1094.0,
        1095.0,
        1095.0,
        1096.0,
        1096.0,
        1098.0,
        1098.0,
        1099.0,
        1099.0,
        1100.0,
        1100.0,
        1101.0,
        1101.0,
        1102.0,
        1102.0,
        1104.0,
        1104.0,
        1106.0,
        1106.0,
        1107.0,
        1107.0,
        1110.0,
        1122.0,
        1124.0,
        1124.0,
        1126.0,
        1126.0,
        1125.0,
        1125.0,
        1123.0,
        1123.0,
        1118.0,
        1118.0,
        1116.0,
        1116.0,
        1115.0,
        1115.0,
        1114.0,
        1114.0,
        1112.0,
        1112.0,
        1110.0,
        1109.0,
        1106.0,
        1106.0,
        1104.0,
        1104.0,
        1103.0,
        1103.0,
        1102.0,
        1102.0,
        1101.0,
        1101.0,
        1100.0,
        1100.0
      ],
      "y": [
        555.0,
        558.0,
        559.0,
        569.0,
        570.0,
        574.0,
        575.0,
        578.0,
        579.0,
        581.0,
        583.0,
        584.0,
        588.0,
        589.0,
        590.0,
        591.0,
        592.0,
        595.0,
        596.0,
        600.0,
        601.0,
        606.0,
        607.0,
        612.0,
        613.0,
        617.0,
        618.0,
        627.0,
        628.0,
        634.0,
        635.0,
        639.0,
        640.0,
        644.0,
        645.0,
        651.0,
        652.0,
        656.0,
        657.0,
        661.0,
        662.0,
        670.0,
        671.0,
        687.0,
        688.0,
        693.0,
        694.0,
        714.0,
        715.0,
        717.0,
        718.0,
        722.0,
        723.0,
        740.0,
        740.0,
        741.0,
        741.0,
        742.0,
        742.0,
        740.0,
        740.0,
        734.0,
        734.0,
        735.0,
        735.0,
        737.0,
        737.0,
        738.0,
        738.0,
        739.0,
        739.0,
        740.0,
        740.0,
        741.0,
        741.0,
        742.0,
        742.0,
        743.0,
        743.0,
        740.0,
        739.0,
        738.0,
        728.0,
        727.0,
        711.0,
        710.0,
        704.0,
        703.0,
        701.0,
        700.0,
        698.0,
        697.0,
        696.0,
        694.0,
        693.0,
        692.0,
        691.0,
        690.0,
        689.0,
        688.0,
        687.0,
        686.0,
        685.0,
        683.0,
        682.0,
        680.0,
        679.0,
        678.0,
        677.0,
        674.0,
        674.0,
        672.0,
        671.0,
        669.0,
        602.0,
        601.0,
        599.0,
        597.0,
        596.0,
        591.0,
        590.0,
        588.0,
        587.0,
        586.0,
        585.0,
        584.0,
        583.0,
        581.0,
        580.0,
        578.0,
        578.0,
        575.0,
        574.0,
        572.0,
        571.0,
        570.0,
        566.0,
        565.0,
        560.0,
        559.0,
        557.0,
        556.0,
        555.0
      ]
    }
  },
  {
    "name": "person",
    "class": 0,
    "confidence": 0.90266,
    "box": {
      "x1": 807.35498,
      "y1": 586.34644,
      "x2": 925.74036,
      "y2": 799.95343
    },
    "track_id": 2,
    "segments": {
      "x": [
        891.0,
        890.0,
        890.0,
        889.0,
        889.0,
        888.0,
        888.0,
        884.0,
        883.0,
        882.0,
        879.0,
        878.0,
        870.0,
        869.0,
        868.0,
        864.0,
        864.0,
        863.0,
        863.0,
        859.0,
        858.0,
        856.0,
        855.0,
        855.0,
        853.0,
        853.0,
        852.0,
        852.0,
        851.0,
        851.0,
        850.0,
        850.0,
        849.0,
        849.0,
        848.0,
        848.0,
        844.0,
        844.0,
        843.0,
        843.0,
        842.0,
        842.0,
        841.0,
        841.0,
        840.0,
        840.0,
        839.0,
        839.0,
        838.0,
        838.0,
        837.0,
        837.0,
        836.0,
        836.0,
        835.0,
        835.0,
        833.0,
        833.0,
        832.0,
        832.0,
        831.0,
        831.0,
        830.0,
        830.0,
        829.0,
        829.0,
        828.0,
        828.0,
        827.0,
        827.0,
        826.0,
        826.0,
        825.0,
        825.0,
        820.0,
        820.0,
        818.0,
        818.0,
        817.0,
        817.0,
        816.0,
        816.0,
        815.0,
        815.0,
        814.0,
        814.0,
        813.0,
        813.0,
        810.0,
        809.0,
        808.0,
        807.0,
        807.0,
        808.0,
        823.0,
        824.0,
        826.0,
        827.0,
        830.0,
        831.0,
        833.0,
        833.0,
        834.0,
        834.0,
        835.0,
        835.0,
        836.0,
        836.0,
        837.0,
        837.0,
        838.0,
        838.0,
        839.0,
        839.0,
        840.0,
        840.0,
        841.0,
        841.0,
        847.0,
        848.0,
        855.0,
        856.0,
        857.0,
        858.0,
        861.0,
        861.0,
        862.0,
        862.0,
        863.0,
        863.0,
        864.0,
        864.0,
        865.0,
        865.0,
        866.0,
        866.0,
        867.0,
        867.0,
        868.0,
        868.0,
        869.0,
        869.0,
        870.0,
        870.0,
        871.0,
        871.0,
        872.0,
        872.0,
        873.0,
        873.0,
        874.0,
        874.0,
        875.0,
        875.0,
        876.0,
        876.0,
        877.0,
        891.0,
        897.0,
        897.0,
        899.0,
        899.0,
        900.0,
        900.0,
        901.0,
        901.0,
        900.0,
        900.0,
        899.0,
        899.0,
        898.0,
        898.0,
        897.0,
        897.0,
        898.0,
        898.0,
        897.0,
        897.0,
        896.0,
        896.0,
        895.0,
        895.0,
        894.0,
        894.0,
        893.0,
        893.0,
        892.0,
        892.0,
        891.0,
        891.0,
        890.0,
        890.0,
        889.0,
        889.0,
        890.0,
        890.0,
        891.0,
        891.0,
        892.0,
        892.0,
        893.0,
        893.0,
        897.0,
        898.0,
        900.0,
        900.0,
        903.0,
        903.0,
        907.0,
        907.0,
        908.0,
        908.0,
        909.0,
        909.0,
        910.0,
        910.0,
        911.0,
        911.0,
        910.0,
        910.0,
        911.0,
        911.0,
        912.0,
        912.0,
        913.0,
        913.0,
        917.0,
        918.0,
        921.0,
        921.0,
        923.0,
        923.0,
        924.0,
        924.0,
        923.0,
        923.0
      ],
      "y": [
        587.0,
        588.0,
        589.0,
        590.0,
        591.0,
        592.0,
        594.0,
        598.0,
        598.0,
        599.0,
        599.0,
        600.0,
        600.0,
        601.0,
        601.0,
        605.0,
        606.0,
        607.0,
        608.0,
        612.0,
        612.0,
        614.0,
        614.0,
        615.0,
        617.0,
        620.0,
        621.0,
        626.0,
        627.0,
        631.0,
        632.0,
        633.0,
        634.0,
        635.0,
        636.0,
        637.0,
        641.0,
        642.0,
        643.0,
        644.0,
        645.0,
        647.0,
        648.0,
        650.0,
        651.0,
        655.0,
        656.0,
        661.0,
        662.0,
        665.0,
        666.0,
        667.0,
        668.0,
        669.0,
        670.0,
        671.0,
        673.0,
        674.0,
        675.0,
        676.0,
        677.0,
        679.0,
        680.0,
        685.0,
        686.0,
        696.0,
        697.0,
        710.0,
        711.0,
        715.0,
        716.0,
        717.0,
        718.0,
        719.0,
        724.0,
        725.0,
        727.0,
        728.0,
        729.0,
        731.0,
        732.0,
        733.0,
        734.0,
        736.0,
        737.0,
        738.0,
        739.0,
        740.0,
        743.0,
        743.0,
        744.0,
        744.0,
        776.0,
        777.0,
        777.0,
        776.0,
        776.0,
        775.0,
        775.0,
        774.0,
        774.0,
        772.0,
        771.0,
        761.0,
        760.0,
        758.0,
        757.0,
        755.0,
        754.0,
        751.0,
        750.0,
        746.0,
        745.0,
        741.0,
        740.0,
        737.0,
        736.0,
        735.0,
        729.0,
        729.0,
        722.0,
        722.0,
        721.0,
        721.0,
        724.0,
        725.0,
        726.0,
        727.0,
        728.0,
        731.0,
        732.0,
        734.0,
        735.0,
        737.0,
        738.0,
        740.0,
        741.0,
        743.0,
        744.0,
        745.0,
        746.0,
        747.0,
        748.0,
        749.0,
        750.0,
        753.0,
        754.0,
        758.0,
        759.0,
        771.0,
        772.0,
        789.0,
        790.0,
        796.0,
        797.0,
        798.0,
        799.0,
        799.0,
        793.0,
        792.0,
        790.0,
        789.0,
        788.0,
        787.0,
        786.0,
        784.0,
        783.0,
        780.0,
        779.0,
        774.0,
        773.0,
        754.0,
        753.0,
        740.0,
        739.0,
        738.0,
        737.0,
        727.0,
        726.0,
        722.0,
        721.0,
        717.0,
        716.0,
        714.0,
        713.0,
        710.0,
        709.0,
        705.0,
        704.0,
        699.0,
        698.0,
        692.0,
        691.0,
        683.0,
        682.0,
        675.0,
        674.0,
        672.0,
        671.0,
        669.0,
        668.0,
        667.0,
        663.0,
        663.0,
        661.0,
        660.0,
        657.0,
        656.0,
        652.0,
        651.0,
        650.0,
        649.0,
        648.0,
        647.0,
        646.0,
        643.0,
        642.0,
        636.0,
        635.0,
        629.0,
        628.0,
        624.0,
        623.0,
        620.0,
        619.0,
        617.0,
        613.0,
        613.0,
        610.0,
        609.0,
        607.0,
        602.0,
        601.0,
        591.0,
        590.0,
        587.0
      ]
    }
  }
]