[
  {
    "name": "person",
    "class": 0,
    "confidence": 0.87228,
    "box": {
      "x1": 1085.59607,
      "y1": 598.03656,
      "x2": 1168.00793,
      "y2": 805.78497
    },
    "track_id": 1,
    "segments": {
      "x": [
        1115.0,
        1115.0,
        1114.0,
        1114.0,
        1113.0,
        1113.0,
        1114.0,
        1114.0,
        1115.0,
        1115.0,
        1116.0,
        1116.0,
        1117.0,
        1117.0,
        1118.0,
        1118.0,
        1120.0,
        1120.0,
        1123.0,
        1121.0,
        1121.0,
        1120.0,
        1120.0,
        1119.0,
        1119.0,
        1118.0,
        1118.0,
        1117.0,
        1117.0,
        1116.0,
        1116.0,
        1115.0,
        1115.0,
        1114.0,
        1114.0,
        1113.0,
        1113.0,
        1112.0,
        1112.0,
        1111.0,
        1111.0,
        1110.0,
        1110.0,
        1109.0,
        1109.0,
        1108.0,
        1108.0,
        1107.0,
        1107.0,
        1106.0,
        1106.0,
        1105.0,
        1105.0,
        1104.0,
        1104.0,
        1105.0,
        1105.0,
        1104.0,
        1104.0,
        1103.0,
        1103.0,
        1102.0,
        1102.0,
        1101.0,
        1101.0,
        1097.0,
        1096.0,
        1095.0,
        1093.0,
        1092.0,
        1090.0,
        1089.0,
        1087.0,
        1087.0,
        1093.0,
        1094.0,
        1110.0,
        1111.0,
        1124.0,
        1125.0,
        1128.0,
        1129.0,
        1131.0,
        1132.0,
        1135.0,
        1136.0,
        1138.0,
        1139.0,
        1143.0,
        1144.0,
        1146.0,
        1148.0,
        1149.0,
        1157.0,
        1158.0,
        1162.0,
        1162.0,
        1163.0,
        1163.0,
        1164.0,
        1163.0,
        1163.0,
        1162.0,
        1162.0,
        1161.0,
        1161.0,
        1158.0,
        1157.0,
        1153.0,
        1153.0,
        1152.0,
        1152.0,
        1151.0,
        1151.0,
        1150.0,
        1150.0,
        1149.0,
        1149.0,
        1148.0,
        1148.0,
        1147.0,
        1147.0,
        1148.0,
        1148.0,
        1149.0,
        1149.0,
        1150.0,
        1150.0,
        1151.0,
        1151.0,
        1152.0,
        1152.0,
        1153.0,
        1153.0,
        1156.0,
        1157.0,
        1162.0,
        1162.0,
        1163.0,
        1163.0,
        1164.0,
        1164.0,
        1165.0,
        1165.0,
        1166.0,
        1166.0,
        1167.0,
        1167.0,
        1168.0,
        1168.0,
        1167.0,
        1167.0,
        1166.0,
        1166.0,
        1165.0,
        1165.0,
        1164.0,
        1164.0,
        1163.0,
        1163.0,
        1162.0,
        1162.0,
        1158.0,
        1157.0,
        1153.0,
        1153.0,
        1151.0,
        1151.0,
        1150.0,
        1150.0,
        1149.0,
        1149.0,
        1148.0,
        1148.0,
        1147.0,
        1147.0,
        1146.0
      ],
      "y": [
        599.0,
        607.0,
        608.0,
        615.0,
        616.0,
        618.0,
        619.0,
        624.0,
        625.0,
        630.0,
        631.0,
        632.0,
        633.0,
        634.0,
        635.0,
        636.0,
        638.0,
        639.0,
        642.0,
        644.0,
        646.0,
        647.0,
        648.0,
        649.0,
        651.0,
        652.0,
        656.0,
        657.0,
        661.0,
        662.0,
        675.0,
        676.0,
        688.0,
        689.0,
        695.0,
        696.0,
        701.0,
        702.0,
        704.0,
        705.0,
        707.0,
        708.0,
        709.0,
        710.0,
        712.0,
        713.0,
        715.0,
        716.0,
        718.0,
        719.0,
        722.0,
        723.0,
        734.0,
        735.0,
        744.0,
        745.0,
        776.0,
        777.0,
        778.0,
        779.0,
        780.0,
        781.0,
        782.0,
        783.0,
        784.0,
        788.0,
        788.0,
        789.0,
        789.0,
        790.0,
        790.0,
        791.0,
        791.0,
        803.0,
        803.0,
        804.0,
        804.0,
        803.0,
        803.0,
        802.0,
        802.0,
        801.0,
        801.0,
        800.0,
        800.0,
        801.0,
        801.0,
        802.0,
        802.0,
        803.0,
        803.0,
        801.0,
        801.0,
        793.0,
        793.0,
        789.0,
        788.0,
        787.0,
        786.0,
        785.0,
        784.0,
        776.0,
        775.0,
        773.0,
        772.0,
        771.0,
        768.0,
        768.0,
        764.0,
        763.0,
        762.0,
        761.0,
        760.0,
        757.0,
        756.0,
        754.0,
        753.0,
        751.0,
        750.0,
        744.0,
        743.0,
        737.0,
        736.0,
        735.0,
        734.0,
        733.0,
        732.0,
        731.0,
        730.0,
        729.0,
        728.0,
        726.0,
        725.0,
        724.0,
        721.0,
        721.0,
        716.0,
        715.0,
        714.0,
        707.0,
        706.0,
        690.0,
        689.0,
        679.0,
        678.0,
        672.0,
        671.0,
        667.0,
        666.0,
        644.0,
        643.0,
        641.0,
        640.0,
        639.0,
        638.0,
        637.0,
        636.0,
        634.0,
        633.0,
        631.0,
        630.0,
        629.0,
        625.0,
        625.0,
        621.0,
        620.0,
        618.0,
        615.0,
        614.0,
        611.0,
        610.0,
        608.0,
        607.0,
        605.0,
        604.0,
        600.0,
        599.0
      ]
    }
  },
  {
    "name": "person",
    "class": 0,
    "confidence": 0.86737,
    "box": {
      "x1": 830.25671,
      "y1": 571.33246,
      "x2": 936.70587,
      "y2": 790.64563
    },
    "track_id": 2,
    "segments": {
      "x": [
        876.0,
        876.0,
        875.0,
        875.0,
        874.0,
        874.0,
        873.0,
        873.0,
        866.0,
        866.0,
        864.0,
        864.0,
        861.0,
        860.0,
        858.0,
        857.0,
        856.0,
        855.0,
        852.0,
        852.0,
        851.0,
        851.0,
        850.0,
        850.0,
        849.0,
        849.0,
        847.0,
        847.0,
        844.0,
        844.0,
        843.0,
        843.0,
        842.0,
        842.0,
        841.0,
        841.0,
        842.0,
        842.0,
        843.0,
        843.0,
        844.0,
        844.0,
        848.0,
        848.0,
        849.0,
        849.0,
        850.0,
        850.0,
        851.0,
        851.0,
        852.0,
        852.0,
        851.0,
        851.0,
        850.0,
        850.0,
        846.0,
        845.0,
        841.0,
        841.0,
        840.0,
        840.0,
        839.0,
        839.0,
        836.0,
        836.0,
        835.0,
        834.0,
        832.0,
        831.0,
        830.0,
        830.0,
        831.0,
        832.0,
        833.0,
        834.0,
        838.0,
        839.0,
        842.0,
        843.0,
        844.0,
        860.0,
        862.0,
        862.0,
        863.0,
        863.0,
        864.0,
        864.0,
        865.0,
        865.0,
        873.0,
        873.0,
        874.0,
        874.0,
        875.0,
        875.0,
        876.0,
        876.0,
        877.0,
        877.0,
        879.0,
        879.0,
        882.0,
        883.0,
        885.0,
        886.0,
        893.0,
        894.0,
        897.0,
        897.0,
        898.0,
        899.0,
        902.0,
        903.0,
        904.0,
        905.0,
        906.0,
        907.0,
        912.0,
        912.0,
        914.0,
        915.0,
        917.0,
        919.0,
        920.0,
        922.0,
        923.0,
        924.0,
        925.0,
        926.0,
        929.0,
        930.0,
        934.0,
        934.0,
        935.0,
        935.0,
        934.0,
        934.0,
        933.0,
        933.0,
        931.0,
        931.0,
        926.0,
        926.0,
        924.0,
        924.0,
        923.0,
        923.0,
        922.0,
        922.0,
        921.0,
        921.0,
        920.0,
        920.0,
        919.0,
        919.0,
        918.0,
        918.0,
        919.0,
        919.0,
        920.0,
        920.0,
        921.0,
        921.0,
        920.0,
        920.0,
        921.0,
        921.0,
        920.0,
        920.0,
        919.0,
        919.0,
        918.0,
        918.0,
        917.0,
        916.0,
        912.0,
        912.0,
        911.0,
        911.0,
        910.0,
        910.0,
        909.0,
        909.0,
        908.0,
        908.0,
        907.0,
        907.0,
        906.0,
        906.0,
        907.0,
        907.0,
        908.0,
        908.0,
        907.0,
        907.0,
        906.0,
        906.0,
        905.0,
        905.0,
        904.0,
        904.0
      ],
      "y": [
        572.0,
        574.0,
        575.0,
        580.0,
        581.0,
        582.0,
        583.0,
        584.0,
        591.0,
        592.0,
        594.0,
        595.0,
        598.0,
        598.0,
        600.0,
        600.0,
        601.0,
        601.0,
        604.0,
        605.0,
        606.0,
        607.0,
        608.0,
        609.0,
        610.0,
        611.0,
        613.0,
        614.0,
        617.0,
        618.0,
        619.0,
        624.0,
        625.0,
        649.0,
        650.0,
        681.0,
        682.0,
        685.0,
        686.0,
        688.0,
        689.0,
        690.0,
        694.0,
        695.0,
        696.0,
        697.0,
        698.0,
        699.0,
        700.0,
        705.0,
        706.0,
        729.0,
        730.0,
        734.0,
        735.0,
        738.0,
        742.0,
        742.0,
        746.0,
        747.0,
        748.0,
        749.0,
        750.0,
        751.0,
        754.0,
        755.0,
        756.0,
        756.0,
        758.0,
        758.0,
        759.0,
        780.0,
        781.0,
        781.0,
        782.0,
        782.0,
        786.0,
        786.0,
        789.0,
        789.0,
        790.0,
        790.0,
        788.0,
        787.0,
        786.0,
        782.0,
        781.0,
        762.0,
        761.0,
        760.0,
        752.0,
        751.0,
        750.0,
        749.0,
        748.0,
        745.0,
        744.0,
        741.0,
        740.0,
        738.0,
        736.0,
        735.0,
        732.0,
        732.0,
        730.0,
        730.0,
        723.0,
        723.0,
        726.0,
        727.0,
        728.0,
        728.0,
        731.0,
        731.0,
        732.0,
        732.0,
        733.0,
        733.0,
        738.0,
        739.0,
        741.0,
        741.0,
        743.0,
        743.0,
        744.0,
        744.0,
        745.0,
        745.0,
        746.0,
        746.0,
        749.0,
        749.0,
        745.0,
        743.0,
        742.0,
        735.0,
        734.0,
        733.0,
        732.0,
        731.0,
        729.0,
        728.0,
        723.0,
        722.0,
        720.0,
        719.0,
        718.0,
        717.0,
        716.0,
        715.0,
        714.0,
        712.0,
        711.0,
        707.0,
        706.0,
        704.0,
        703.0,
        700.0,
        699.0,
        695.0,
        694.0,
        684.0,
        683.0,
        643.0,
        642.0,
        641.0,
        640.0,
        629.0,
        628.0,
        624.0,
        623.0,
        619.0,
        618.0,
        617.0,
        616.0,
        616.0,
        612.0,
        611.0,
        610.0,
        609.0,
        608.0,
        607.0,
        606.0,
        604.0,
        603.0,
        600.0,
        599.0,
        596.0,
        595.0,
        590.0,
        589.0,
        584.0,
        583.0,
        581.0,
        580.0,
        578.0,
        577.0,
        576.0,
        575.0,
        574.0,
        573.0,
        572.0
      ]
    }
  }
]