[
  {
    "name": "person",
    "class": 0,
    "confidence": 0.87787,
    "box": {
      "x1": 1041.99243,
      "y1": 575.75421,
      "x2": 1119.42883,
      "y2": 782.69788
    },
    "track_id": 1,
    "segments": {
      "x": [
        1058.0,
        1058.0,
        1057.0,
        1057.0,
        1056.0,
        1056.0,
        1057.0,
        1057.0,
        1061.0,
        1062.0,
        1067.0,
        1067.0,
        1068.0,
        1068.0,
        1067.0,
        1067.0,
        1066.0,
        1066.0,
        1065.0,
        1065.0,
        1063.0,
        1063.0,
        1060.0,
        1060.0,
        1059.0,
        1059.0,
        1058.0,
        1058.0,
        1057.0,
        1057.0,
        1056.0,
        1056.0,
        1057.0,
        1057.0,
        1056.0,
        1056.0,
        1055.0,
        1055.0,
        1049.0,
        1044.0,
        1043.0,
        1041.0,
        1041.0,
        1042.0,
        1043.0,
        1062.0,
        1063.0,
        1069.0,
        1070.0,
        1074.0,
        1075.0,
        1076.0,
        1078.0,
        1079.0,
        1080.0,
        1080.0,
        1081.0,
        1081.0,
        1082.0,
        1082.0,
        1083.0,
        1083.0,
        1084.0,
        1084.0,
        1085.0,
        1086.0,
        1087.0,
        1087.0,
        1088.0,
        1088.0,
        1089.0,
        1089.0,
        1090.0,
        1090.0,
        1091.0,
        1091.0,
        1092.0,
        1093.0,
        1095.0,
        1096.0,
        1097.0,
        1098.0,
        1099.0,
        1100.0,
        1102.0,
        1103.0,
        1104.0,
        1104.0,
        1103.0,
        1103.0,
        1104.0,
        1104.0,
        1105.0,
        1105.0,
        1111.0,
        1111.0,
        1113.0,
        1113.0,
        1114.0,
        1114.0,
        1115.0,
        1115.0,
        1116.0,
        1116.0,
        1117.0,
        1117.0,
        1118.0,
        1118.0,
        1117.0,
        1117.0,
        1116.0,
        1116.0,
        1115.0,
        1115.0,
        1114.0,
        1114.0,
        1113.0,
        1113.0,
        1110.0,
        1109.0,
        1104.0,
        1104.0,
        1103.0,
        1103.0,
        1101.0,
        1101.0,
        1100.0,
        1097.0,
        1096.0,
        1093.0,
        1093.0,
        1092.0,
        1092.0,
        1091.0,
        1091.0
      ],
      "y": [
        577.0,
        578.0,
        579.0,
        585.0,
        586.0,
        604.0,
        605.0,
        607.0,
        611.0,
        611.0,
        616.0,
        617.0,
        618.0,
        639.0,
        640.0,
        651.0,
        652.0,
        655.0,
        656.0,
        657.0,
        659.0,
        660.0,
        663.0,
        664.0,
        665.0,
        666.0,
        667.0,
        670.0,
        671.0,
        676.0,
        677.0,
        681.0,
        682.0,
        710.0,
        711.0,
        751.0,
        752.0,
        761.0,
        767.0,
        767.0,
        768.0,
        768.0,
        780.0,
        780.0,
        781.0,
        781.0,
        780.0,
        780.0,
        779.0,
        779.0,
        778.0,
        778.0,
        776.0,
        776.0,
        775.0,
        774.0,
        773.0,
        770.0,
        769.0,
        765.0,
        764.0,
        761.0,
        760.0,
        758.0,
        757.0,
        757.0,
        758.0,
        760.0,
        761.0,
        764.0,
        765.0,
        768.0,
        769.0,
        771.0,
        772.0,
        774.0,
        775.0,
        775.0,
        777.0,
        777.0,
        778.0,
        778.0,
        777.0,
        777.0,
        775.0,
        775.0,
        774.0,
        745.0,
        744.0,
        715.0,
        714.0,
        711.0,
        710.0,
        709.0,
        703.0,
        702.0,
        700.0,
        699.0,
        698.0,
        697.0,
        696.0,
        694.0,
        693.0,
        692.0,
        691.0,
        685.0,
        684.0,
        672.0,
        671.0,
        653.0,
        652.0,
        635.0,
        634.0,
        620.0,
        619.0,
        617.0,
        616.0,
        615.0,
        612.0,
        612.0,
        607.0,
        606.0,
        605.0,
        604.0,
        602.0,
        601.0,
        601.0,
        598.0,
        598.0,
        595.0,
        594.0,
        593.0,
        587.0,
        586.0,
        577.0
      ]
    }
  },
  {
    "name": "person",
    "class": 0,
    "confidence": 0.83965,
    "box": {
      "x1": 847.12958,
      "y1": 572.47461,
      "x2": 933.64368,
      "y2": 800.63812
    },
    "track_id": 2,
    "segments": {
      "x": [
        881.0,
        879.0,
        879.0,
        878.0,
        878.0,
        877.0,
        877.0,
        876.0,
        876.0,
        875.0,
        875.0,
        870.0,
        869.0,
        867.0,
        866.0,
        861.0,
        861.0,
        859.0,
        858.0,
        852.0,
        852.0,
        851.0,
        851.0,
        850.0,
        850.0,
        849.0,
        849.0,
        848.0,
        848.0,
        847.0,
        847.0,
        852.0,
        853.0,
        856.0,
        857.0,
        860.0,
        860.0,
        861.0,
        861.0,
        860.0,
        860.0,
        859.0,
        859.0,
        858.0,
        858.0,
        856.0,
        856.0,
        855.0,
        855.0,
        854.0,
        854.0,
        853.0,
        853.0,
        852.0,
        852.0,
        851.0,
        851.0,
        850.0,
        850.0,
        849.0,
        849.0,
        851.0,
        851.0,
        857.0,
        858.0,
        860.0,
        861.0,
        862.0,
        863.0,
        865.0,
        866.0,
        867.0,
        868.0,
        869.0,
        870.0,
        871.0,
        874.0,
        875.0,
        876.0,
        877.0,
        878.0,
        879.0,
        880.0,
        881.0,
        883.0,
        883.0,
        884.0,
        884.0,
        885.0,
        885.0,
        886.0,
        886.0,
        887.0,
        887.0,
        888.0,
        888.0,
        889.0,
        889.0,
        890.0,
        890.0,
        891.0,
        891.0,
        892.0,
        892.0,
        893.0,
        893.0,
        895.0,
        896.0,
        898.0,
        899.0,
        900.0,
        919.0,
        920.0,
        921.0,
        921.0,
        925.0,
        926.0,
        928.0,
        929.0,
        933.0,
        933.0,
        929.0,
        927.0,
        925.0,
        924.0,
        914.0,
        914.0,
        913.0,
        913.0,
        912.0,
        912.0,
        911.0,
        911.0,
        910.0,
        910.0,
        909.0,
        909.0,
        908.0,
        908.0,
        907.0,
        907.0,
        906.0,
        906.0,
        905.0,
        905.0,
        906.0,
        906.0,
        907.0,
        907.0,
        911.0,
        911.0,
        912.0,
        912.0,
        913.0,
        913.0,
        916.0,
        916.0,
        917.0,
        916.0,
        916.0,
        915.0,
        915.0,
        916.0,
        916.0,
        917.0,
        917.0,
        918.0,
        918.0,
        919.0,
        919.0,
        920.0,
        920.0,
        921.0,
        921.0,
        920.0,
        920.0,
        919.0,
        919.0,
        918.0,
        918.0,
        914.0,
        914.0,
        913.0,
        913.0,
        912.0,
        912.0,
        911.0,
        911.0,
        910.0,
        910.0,
        909.0,
        909.0,
        908.0
      ],
      "y": [
        573.0,
        575.0,
        576.0,
        577.0,
        579.0,
        580.0,
        584.0,
        585.0,
        591.0,
        592.0,
        594.0,
        599.0,
        599.0,
        601.0,
        601.0,
        606.0,
        607.0,
        609.0,
        609.0,
        615.0,
        616.0,
        617.0,
        618.0,
        619.0,
        620.0,
        621.0,
        622.0,
        623.0,
        624.0,
        625.0,
        699.0,
        704.0,
        704.0,
        707.0,
        707.0,
        710.0,
        711.0,
        712.0,
        717.0,
        718.0,
        719.0,
        720.0,
        721.0,
        722.0,
        723.0,
        725.0,
        726.0,
        727.0,
        728.0,
        729.0,
        730.0,
        731.0,
        733.0,
        734.0,
        736.0,
        737.0,
        741.0,
        742.0,
        746.0,
        747.0,
        751.0,
        753.0,
        754.0,
        760.0,
        760.0,
        758.0,
        758.0,
        757.0,
        757.0,
        755.0,
        755.0,
        754.0,
        754.0,
        753.0,
        753.0,
        752.0,
        752.0,
        751.0,
        751.0,
        750.0,
        750.0,
        749.0,
        749.0,
        748.0,
        750.0,
        751.0,
        752.0,
        753.0,
        754.0,
        757.0,
        758.0,
        761.0,
        762.0,
        771.0,
        772.0,
        780.0,
        781.0,
        786.0,
        787.0,
        789.0,
        790.0,
        791.0,
        792.0,
        793.0,
        794.0,
        795.0,
        797.0,
        797.0,
        799.0,
        799.0,
        800.0,
        800.0,
        799.0,
        799.0,
        798.0,
        794.0,
        794.0,
        792.0,
        792.0,
        788.0,
        783.0,
        779.0,
        779.0,
        777.0,
        777.0,
        767.0,
        766.0,
        765.0,
        764.0,
        763.0,
        761.0,
        760.0,
        751.0,
        750.0,
        743.0,
        742.0,
        738.0,
        737.0,
        734.0,
        733.0,
        731.0,
        730.0,
        728.0,
        727.0,
        721.0,
        720.0,
        718.0,
        717.0,
        716.0,
        712.0,
        710.0,
        709.0,
        708.0,
        707.0,
        706.0,
        703.0,
        702.0,
        701.0,
        700.0,
        696.0,
        695.0,
        689.0,
        688.0,
        687.0,
        686.0,
        685.0,
        684.0,
        680.0,
        679.0,
        664.0,
        663.0,
        655.0,
        654.0,
        653.0,
        652.0,
        624.0,
        623.0,
        619.0,
        618.0,
        617.0,
        613.0,
        612.0,
        611.0,
        610.0,
        609.0,
        603.0,
        602.0,
        581.0,
        580.0,
        577.0,
        576.0,
        574.0,
        573.0
      ]
    }
  }
]