[
  {
    "name": "person",
    "class": 0,
    "confidence": 0.86861,
    "box": {
      "x1": 1066.64929,
      "y1": 576.44928,
      "x2": 1129.86414,
      "y2": 804.37085
    },
    "track_id": 1,
    "segments": {
      "x": [
        1077.0,
        1077.0,
        1076.0,
        1076.0,
        1074.0,
        1074.0,
        1071.0,
        1071.0,
        1070.0,
        1070.0,
        1071.0,
        1071.0,
        1072.0,
        1072.0,
        1075.0,
        1075.0,
        1078.0,
        1078.0,
        1079.0,
        1079.0,
        1080.0,
        1080.0,
        1081.0,
        1081.0,
        1080.0,
        1080.0,
        1079.0,
        1079.0,
        1078.0,
        1078.0,
        1077.0,
        1077.0,
        1076.0,
        1076.0,
        1075.0,
        1075.0,
        1073.0,
        1072.0,
        1071.0,
        1070.0,
        1068.0,
        1067.0,
        1067.0,
        1068.0,
        1071.0,
        1072.0,
        1073.0,
        1077.0,
        1077.0,
        1076.0,
        1076.0,
        1075.0,
        1075.0,
        1072.0,
        1072.0,
        1071.0,
        1071.0,
        1070.0,
        1070.0,
        1069.0,
        1069.0,
        1068.0,
        1068.0,
        1067.0,
        1067.0,
        1068.0,
        1068.0,
        1069.0,
        1069.0,
        1077.0,
        1077.0,
        1078.0,
        1078.0,
        1079.0,
        1079.0,
        1080.0,
        1080.0,
        1081.0,
        1081.0,
        1082.0,
        1082.0,
        1083.0,
        1083.0,
        1089.0,
        1089.0,
        1090.0,
        1090.0,
        1089.0,
        1089.0,
        1085.0,
        1085.0,
        1082.0,
        1082.0,
        1081.0,
        1081.0,
        1083.0,
        1083.0,
        1084.0,
        1086.0,
        1092.0,
        1093.0,
        1099.0,
        1100.0,
        1103.0,
        1104.0,
        1106.0,
        1107.0,
        1108.0,
        1109.0,
        1110.0,
        1112.0,
        1112.0,
        1114.0,
        1114.0,
        1115.0,
        1115.0,
        1117.0,
        1117.0,
        1119.0,
        1119.0,
        1118.0,
        1118.0,
        1117.0,
        1117.0,
        1116.0,
        1116.0,
        1115.0,
        1115.0,
        1114.0,
        1114.0,
        1113.0,
        1113.0,
        1112.0,
        1112.0,
        1111.0,
        1111.0,
        1109.0,
        1109.0,
        1108.0,
        1108.0,
        1107.0,
        1107.0,
        1106.0,
        1106.0,
        1107.0,
        1107.0,
        1108.0,
        1108.0,
        1112.0,
        1112.0,
        1113.0,
        1113.0,
        1114.0,
        1114.0,
        1115.0,
        1115.0,
        1116.0,
        1116.0,
        1122.0,
        1123.0,
        1125.0,
        1125.0,
        1126.0,
        1126.0,
        1127.0,
        1127.0,
        1128.0,
        1128.0,
        1129.0,
        1129.0,
        1128.0,
        1128.0,
        1127.0,
        1127.0,
        1126.0,
        1126.0,
        1122.0,
        1121.0,
        1116.0,
        1116.0,
        1115.0,
        1115.0,
        1114.0,
        1114.0,
        1113.0,
        1113.0,
        1111.0,
        1111.0,
        1109.0,
        1109.0,
        1108.0,
        1108.0,
        1107.0,
        1107.0,
        1106.0,
        1106.0,
        1105.0,
        1105.0,
        1104.0,
        1104.0,
        1105.0,
        1105.0
      ],
      "y": [
        577.0,
        581.0,
        582.0,
        583.0,
        585.0,
        586.0,
        589.0,
        590.0,
        591.0,
        598.0,
        599.0,
        602.0,
        603.0,
        605.0,
        608.0,
        609.0,
        612.0,
        613.0,
        614.0,
        615.0,
        616.0,
        625.0,
        626.0,
        630.0,
        631.0,
        640.0,
        641.0,
        654.0,
        655.0,
        658.0,
        659.0,
        661.0,
        662.0,
        663.0,
        664.0,
        665.0,
        667.0,
        667.0,
        668.0,
        668.0,
        670.0,
        670.0,
        695.0,
        696.0,
        696.0,
        697.0,
        697.0,
        701.0,
        702.0,
        703.0,
        704.0,
        705.0,
        706.0,
        709.0,
        710.0,
        711.0,
        712.0,
        713.0,
        715.0,
        716.0,
        720.0,
        721.0,
        726.0,
        727.0,
        737.0,
        738.0,
        740.0,
        741.0,
        742.0,
        750.0,
        752.0,
        753.0,
        754.0,
        755.0,
        757.0,
        758.0,
        760.0,
        761.0,
        762.0,
        763.0,
        764.0,
        765.0,
        766.0,
        772.0,
        773.0,
        774.0,
        777.0,
        778.0,
        786.0,
        790.0,
        791.0,
        794.0,
        796.0,
        797.0,
        798.0,
        800.0,
        801.0,
        801.0,
        803.0,
        803.0,
        804.0,
        804.0,
        803.0,
        803.0,
        802.0,
        802.0,
        801.0,
        801.0,
        800.0,
        800.0,
        798.0,
        797.0,
        795.0,
        794.0,
        793.0,
        792.0,
        790.0,
        789.0,
        787.0,
        783.0,
        782.0,
        779.0,
        778.0,
        775.0,
        774.0,
        770.0,
        769.0,
        766.0,
        765.0,
        761.0,
        760.0,
        758.0,
        757.0,
        756.0,
        755.0,
        753.0,
        751.0,
        750.0,
        749.0,
        746.0,
        745.0,
        741.0,
        740.0,
        735.0,
        734.0,
        730.0,
        729.0,
        726.0,
        722.0,
        721.0,
        720.0,
        719.0,
        718.0,
        717.0,
        716.0,
        715.0,
        714.0,
        712.0,
        706.0,
        706.0,
        704.0,
        703.0,
        702.0,
        701.0,
        700.0,
        697.0,
        696.0,
        693.0,
        692.0,
        650.0,
        649.0,
        629.0,
        628.0,
        618.0,
        617.0,
        616.0,
        612.0,
        612.0,
        607.0,
        606.0,
        605.0,
        603.0,
        602.0,
        600.0,
        599.0,
        598.0,
        596.0,
        595.0,
        593.0,
        592.0,
        591.0,
        590.0,
        589.0,
        588.0,
        587.0,
        586.0,
        585.0,
        582.0,
        581.0,
        580.0,
        579.0,
        577.0
      ]
    }
  },
  {
    "name": "person",
    "class": 0,
    "confidence": 0.8526,
    "box": {
      "x1": 835.44696,
      "y1": 565.81195,
      "x2": 916.69202,
      "y2": 791.56726
    },
    "track_id": 2,
    "segments": {
      "x": [
        876.0,
        876.0,
        875.0,
        875.0,
        874.0,
        874.0,
        873.0,
        873.0,
        872.0,
        872.0,
        870.0,
        869.0,
        868.0,
        867.0,
        866.0,
        864.0,
        863.0,
        861.0,
        860.0,
        858.0,
        857.0,
        856.0,
        852.0,
        852.0,
        850.0,
        850.0,
        849.0,
        848.0,
        846.0,
        845.0,
        840.0,
        840.0,
        839.0,
        839.0,
        838.0,
        838.0,
        837.0,
        837.0,
        838.0,
        839.0,
        841.0,
        842.0,
        844.0,
        845.0,
        848.0,
        848.0,
        850.0,
        850.0,
        851.0,
        851.0,
        852.0,
        852.0,
        853.0,
        853.0,
        852.0,
        852.0,
        851.0,
        851.0,
        852.0,
        852.0,
        853.0,
        853.0,
        856.0,
        876.0,
        877.0,
        878.0,
        880.0,
        880.0,
        879.0,
        879.0,
        878.0,
        878.0,
        877.0,
        877.0,
        876.0,
        876.0,
        877.0,
        877.0,
        878.0,
        878.0,
        885.0,
        885.0,
        886.0,
        886.0,
        887.0,
        887.0,
        888.0,
        888.0,
        889.0,
        889.0,
        892.0,
        893.0,
        898.0,
        898.0,
        899.0,
        899.0,
        900.0,
        900.0,
        901.0,
        901.0,
        909.0,
        909.0,
        910.0,
        910.0,
        911.0,
        911.0,
        912.0,
        912.0,
        913.0,
        913.0,
        914.0,
        914.0,
        913.0,
        913.0,
        912.0,
        912.0,
        911.0,
        911.0,
        910.0,
        910.0,
        909.0,
        909.0,
        908.0,
        908.0,
        907.0,
        907.0,
        906.0,
        908.0,
        908.0,
        910.0,
        910.0,
        911.0,
        911.0,
        912.0,
        912.0,
        913.0,
        913.0,
        914.0,
        914.0,
        915.0,
        915.0,
        916.0,
        916.0,
        915.0,
        910.0,
        910.0,
        909.0,
        909.0,
        908.0,
        908.0,
        909.0,
        909.0,
        910.0,
        910.0,
        909.0,
        909.0,
        908.0,
        908.0,
        907.0,
        907.0
      ],
      "y": [
        567.0,
        570.0,
        571.0,
        574.0,
        575.0,
        577.0,
        578.0,
        580.0,
        581.0,
        582.0,
        584.0,
        584.0,
        585.0,
        585.0,
        586.0,
        586.0,
        587.0,
        587.0,
        588.0,
        588.0,
        589.0,
        589.0,
        593.0,
        594.0,
        596.0,
        597.0,
        598.0,
        598.0,
        600.0,
        600.0,
        605.0,
        610.0,
        611.0,
        616.0,
        617.0,
        622.0,
        623.0,
        685.0,
        686.0,
        686.0,
        688.0,
        688.0,
        690.0,
        690.0,
        693.0,
        694.0,
        696.0,
        697.0,
        698.0,
        700.0,
        701.0,
        709.0,
        710.0,
        716.0,
        717.0,
        742.0,
        743.0,
        777.0,
        778.0,
        782.0,
        783.0,
        786.0,
        789.0,
        789.0,
        788.0,
        788.0,
        786.0,
        784.0,
        783.0,
        781.0,
        780.0,
        777.0,
        776.0,
        764.0,
        763.0,
        762.0,
        761.0,
        760.0,
        759.0,
        758.0,
        751.0,
        750.0,
        749.0,
        745.0,
        744.0,
        739.0,
        738.0,
        737.0,
        736.0,
        735.0,
        732.0,
        732.0,
        727.0,
        726.0,
        725.0,
        717.0,
        716.0,
        712.0,
        711.0,
        710.0,
        702.0,
        697.0,
        696.0,
        692.0,
        691.0,
        688.0,
        687.0,
        683.0,
        682.0,
        680.0,
        679.0,
        676.0,
        675.0,
        672.0,
        671.0,
        669.0,
        668.0,
        667.0,
        666.0,
        665.0,
        664.0,
        662.0,
        661.0,
        659.0,
        658.0,
        655.0,
        654.0,
        652.0,
        651.0,
        649.0,
        648.0,
        647.0,
        646.0,
        645.0,
        643.0,
        642.0,
        629.0,
        628.0,
        624.0,
        623.0,
        622.0,
        621.0,
        605.0,
        605.0,
        600.0,
        599.0,
        598.0,
        597.0,
        596.0,
        591.0,
        590.0,
        585.0,
        584.0,
        579.0,
        578.0,
        574.0,
        573.0,
        569.0,
        568.0,
        567.0
      ]
    }
  }
]