[
  {
    "name": "person",
    "class": 0,
    "confidence": 0.84164,
    "box": {
      "x1": 1076.30872,
      "y1": 588.6391,
      "x2": 1142.62878,
      "y2": 804.38416
    },
    "track_id": 1,
    "segments": {
      "x": [
        1091.0,
        1091.0,
        1090.0,
        1090.0,
        1089.0,
        1089.0,
        1088.0,
        1088.0,
        1087.0,
        1087.0,
        1088.0,
        1088.0,
        1089.0,
        1089.0,
        1090.0,
        1090.0,
        1091.0,
        1091.0,
        1092.0,
        1092.0,
        1093.0,
        1093.0,
        1094.0,
        1094.0,
        1095.0,
        1095.0,
        1094.0,
        1094.0,
        1093.0,
        1093.0,
        1092.0,
        1092.0,
        1091.0,
        1091.0,
        1090.0,
        1090.0,
        1089.0,
        1089.0,
        1088.0,
        1088.0,
        1086.0,
        1086.0,
        1084.0,
        1084.0,
        1083.0,
        1083.0,
        1082.0,
        1082.0,
        1081.0,
        1081.0,
        1080.0,
        1080.0,
        1081.0,
        1081.0,
        1082.0,
        1082.0,
        1083.0,
        1083.0,
        1084.0,
        1084.0,
        1085.0,
        1085.0,
        1080.0,
        1079.0,
        1078.0,
        1077.0,
        1077.0,
        1079.0,
        1080.0,
        1084.0,
        1085.0,
        1087.0,
        1088.0,
        1089.0,
        1093.0,
        1093.0,
        1094.0,
        1094.0,
        1095.0,
        1095.0,
        1088.0,
        1087.0,
        1083.0,
        1083.0,
        1086.0,
        1088.0,
        1089.0,
        1091.0,
        1092.0,
        1095.0,
        1096.0,
        1113.0,
        1114.0,
        1122.0,
        1127.0,
        1127.0,
        1128.0,
        1128.0,
        1127.0,
        1127.0,
        1128.0,
        1128.0,
        1129.0,
        1129.0,
        1135.0,
        1136.0,
        1136.0,
        1138.0,
        1138.0,
        1139.0,
        1139.0,
        1140.0,
        1140.0,
        1141.0,
        1141.0,
        1142.0,
        1142.0,
        1141.0,
        1141.0,
        1140.0,
        1140.0,
        1139.0,
        1139.0,
        1138.0,
        1138.0,
        1137.0,
        1137.0,
        1135.0,
        1135.0,
        1131.0,
        1131.0,
        1130.0,
        1130.0,
        1129.0,
        1129.0,
        1128.0,
        1128.0,
        1127.0,
        1127.0,
        1126.0,
        1126.0,
        1125.0,
        1125.0,
        1124.0,
        1124.0
      ],
      "y": [
        589.0,
        594.0,
        595.0,
        598.0,
        599.0,
        601.0,
        602.0,
        603.0,
        604.0,
        608.0,
        609.0,
        613.0,
        614.0,
        618.0,
        619.0,
        620.0,
        621.0,
        622.0,
        623.0,
        624.0,
        625.0,
        626.0,
        627.0,
        628.0,
        629.0,
        635.0,
        636.0,
        644.0,
        645.0,
        650.0,
        651.0,
        673.0,
        674.0,
        692.0,
        693.0,
        699.0,
        700.0,
        703.0,
        704.0,
        705.0,
        707.0,
        708.0,
        710.0,
        711.0,
        712.0,
        714.0,
        715.0,
        717.0,
        718.0,
        722.0,
        723.0,
        729.0,
        730.0,
        735.0,
        736.0,
        739.0,
        740.0,
        744.0,
        745.0,
        747.0,
        748.0,
        750.0,
        755.0,
        755.0,
        756.0,
        756.0,
        773.0,
        773.0,
        774.0,
        774.0,
        775.0,
        775.0,
        776.0,
        776.0,
        780.0,
        781.0,
        782.0,
        783.0,
        784.0,
        786.0,
        793.0,
        793.0,
        797.0,
        798.0,
        801.0,
        801.0,
        802.0,
        802.0,
        803.0,
        803.0,
        804.0,
        804.0,
        803.0,
        803.0,
        798.0,
        792.0,
        791.0,
        771.0,
        770.0,
        736.0,
        735.0,
        728.0,
        727.0,
        725.0,
        719.0,
        719.0,
        718.0,
        716.0,
        715.0,
        714.0,
        708.0,
        707.0,
        687.0,
        686.0,
        669.0,
        668.0,
        657.0,
        656.0,
        645.0,
        644.0,
        632.0,
        631.0,
        627.0,
        626.0,
        624.0,
        623.0,
        622.0,
        620.0,
        619.0,
        615.0,
        614.0,
        613.0,
        612.0,
        611.0,
        610.0,
        609.0,
        607.0,
        606.0,
        603.0,
        602.0,
        599.0,
        598.0,
        596.0,
        595.0,
        589.0
      ]
    }
  },
  {
    "name": "person",
    "class": 0,
    "confidence": 0.85508,
    "box": {
      "x1": 829.27063,
      "y1": 570.67664,
      "x2": 911.72937,
      "y2": 789.42517
    },
    "track_id": 2,
    "segments": {
      "x": [
        874.0,
        874.0,
        873.0,
        873.0,
        871.0,
        871.0,
        868.0,
        868.0,
        862.0,
        861.0,
        859.0,
        858.0,
        857.0,
        856.0,
        853.0,
        853.0,
        848.0,
        847.0,
        845.0,
        844.0,
        841.0,
        841.0,
        840.0,
        840.0,
        839.0,
        839.0,
        838.0,
        838.0,
        837.0,
        837.0,
        836.0,
        836.0,
        834.0,
        834.0,
        831.0,
        831.0,
        830.0,
        830.0,
        831.0,
        832.0,
        837.0,
        837.0,
        838.0,
        838.0,
        839.0,
        839.0,
        840.0,
        840.0,
        841.0,
        841.0,
        842.0,
        842.0,
        845.0,
        846.0,
        848.0,
        848.0,
        850.0,
        850.0,
        851.0,
        851.0,
        850.0,
        850.0,
        849.0,
        849.0,
        841.0,
        841.0,
        840.0,
        840.0,
        839.0,
        839.0,
        838.0,
        838.0,
        832.0,
        831.0,
        830.0,
        830.0,
        832.0,
        834.0,
        835.0,
        836.0,
        838.0,
        839.0,
        845.0,
        860.0,
        862.0,
        862.0,
        863.0,
        863.0,
        862.0,
        862.0,
        863.0,
        863.0,
        864.0,
        864.0,
        865.0,
        865.0,
        866.0,
        866.0,
        867.0,
        867.0,
        874.0,
        874.0,
        875.0,
        875.0,
        876.0,
        876.0,
        877.0,
        877.0,
        878.0,
        878.0,
        879.0,
        879.0,
        880.0,
        880.0,
        882.0,
        882.0,
        887.0,
        888.0,
        889.0,
        891.0,
        892.0,
        894.0,
        896.0,
        897.0,
        900.0,
        900.0,
        903.0,
        904.0,
        907.0,
        907.0,
        908.0,
        908.0,
        909.0,
        909.0,
        910.0,
        910.0,
        909.0,
        909.0,
        906.0,
        906.0,
        905.0,
        903.0,
        903.0,
        901.0,
        901.0,
        902.0,
        902.0,
        901.0,
        901.0,
        900.0,
        900.0
      ],
      "y": [
        571.0,
        572.0,
        573.0,
        574.0,
        576.0,
        577.0,
        580.0,
        581.0,
        587.0,
        587.0,
        589.0,
        589.0,
        590.0,
        590.0,
        593.0,
        594.0,
        599.0,
        599.0,
        601.0,
        601.0,
        604.0,
        605.0,
        606.0,
        609.0,
        610.0,
        612.0,
        613.0,
        615.0,
        616.0,
        617.0,
        618.0,
        619.0,
        621.0,
        622.0,
        625.0,
        626.0,
        627.0,
        683.0,
        684.0,
        684.0,
        689.0,
        691.0,
        692.0,
        693.0,
        694.0,
        696.0,
        697.0,
        698.0,
        699.0,
        701.0,
        702.0,
        703.0,
        706.0,
        706.0,
        708.0,
        709.0,
        711.0,
        712.0,
        713.0,
        721.0,
        722.0,
        726.0,
        727.0,
        728.0,
        736.0,
        738.0,
        739.0,
        744.0,
        745.0,
        749.0,
        750.0,
        751.0,
        757.0,
        757.0,
        758.0,
        778.0,
        780.0,
        780.0,
        781.0,
        781.0,
        783.0,
        783.0,
        789.0,
        789.0,
        787.0,
        786.0,
        785.0,
        784.0,
        783.0,
        771.0,
        770.0,
        760.0,
        759.0,
        756.0,
        755.0,
        753.0,
        752.0,
        751.0,
        750.0,
        749.0,
        742.0,
        741.0,
        740.0,
        739.0,
        738.0,
        736.0,
        735.0,
        733.0,
        732.0,
        731.0,
        730.0,
        729.0,
        728.0,
        727.0,
        725.0,
        724.0,
        719.0,
        719.0,
        718.0,
        718.0,
        717.0,
        717.0,
        715.0,
        715.0,
        712.0,
        711.0,
        708.0,
        708.0,
        705.0,
        704.0,
        703.0,
        702.0,
        701.0,
        686.0,
        685.0,
        609.0,
        608.0,
        604.0,
        601.0,
        600.0,
        600.0,
        598.0,
        597.0,
        595.0,
        585.0,
        584.0,
        580.0,
        579.0,
        575.0,
        574.0,
        571.0
      ]
    }
  }
]