[
  {
    "name": "person",
    "class": 0,
    "confidence": 0.88268,
    "box": {
      "x1": 1164.62891,
      "y1": 630.79883,
      "x2": 1264.86218,
      "y2": 863.37714
    },
    "track_id": 1,
    "segments": {
      "x": [
        1203.0,
        1203.0,
        1202.0,
        1202.0,
        1201.0,
        1201.0,
        1200.0,
        1200.0,
        1201.0,
        1201.0,
        1202.0,
        1202.0,
        1210.0,
        1210.0,
        1209.0,
        1209.0,
        1208.0,
        1208.0,
        1207.0,
        1207.0,
        1205.0,
        1205.0,
        1204.0,
        1204.0,
        1203.0,
        1203.0,
        1202.0,
        1202.0,
        1201.0,
        1201.0,
        1200.0,
        1200.0,
        1199.0,
        1199.0,
        1198.0,
        1198.0,
        1197.0,
        1197.0,
        1196.0,
        1196.0,
        1192.0,
        1192.0,
        1190.0,
        1190.0,
        1189.0,
        1189.0,
        1188.0,
        1188.0,
        1187.0,
        1187.0,
        1182.0,
        1181.0,
        1180.0,
        1179.0,
        1178.0,
        1177.0,
        1175.0,
        1174.0,
        1172.0,
        1172.0,
        1173.0,
        1173.0,
        1174.0,
        1174.0,
        1179.0,
        1180.0,
        1182.0,
        1183.0,
        1184.0,
        1184.0,
        1186.0,
        1186.0,
        1187.0,
        1186.0,
        1186.0,
        1185.0,
        1185.0,
        1184.0,
        1184.0,
        1183.0,
        1183.0,
        1180.0,
        1178.0,
        1177.0,
        1174.0,
        1173.0,
        1169.0,
        1168.0,
        1162.0,
        1162.0,
        1164.0,
        1165.0,
        1166.0,
        1167.0,
        1168.0,
        1169.0,
        1171.0,
        1172.0,
        1181.0,
        1182.0,
        1183.0,
        1184.0,
        1185.0,
        1187.0,
        1188.0,
        1189.0,
        1190.0,
        1193.0,
        1194.0,
        1195.0,
        1201.0,
        1202.0,
        1205.0,
        1207.0,
        1207.0,
        1208.0,
        1208.0,
        1209.0,
        1209.0,
        1208.0,
        1208.0,
        1207.0,
        1207.0,
        1206.0,
        1206.0,
        1203.0,
        1203.0,
        1204.0,
        1204.0,
        1205.0,
        1206.0,
        1207.0,
        1208.0,
        1209.0,
        1210.0,
        1211.0,
        1212.0,
        1213.0,
        1215.0,
        1216.0,
        1223.0,
        1224.0,
        1230.0,
        1233.0,
        1233.0,
        1234.0,
        1234.0,
        1235.0,
        1235.0,
        1234.0,
        1234.0,
        1235.0,
        1235.0,
        1236.0,
        1236.0,
        1237.0,
        1237.0,
        1241.0,
        1242.0,
        1243.0,
        1244.0,
        1245.0,
        1246.0,
        1248.0,
        1249.0,
        1254.0,
        1257.0,
        1258.0,
        1260.0,
        1261.0,
        1263.0,
        1264.0,
        1265.0,
        1265.0,
        1264.0,
        1264.0,
        1263.0,
        1263.0,
        1262.0,
        1262.0,
        1261.0,
        1261.0,
        1260.0,
        1260.0,
        1259.0,
        1259.0,
        1257.0,
        1257.0,
        1244.0,
        1243.0,
        1238.0,
        1238.0,
        1237.0,
        1237.0,
        1236.0,
        1236.0,
        1237.0,
        1237.0
      ],
      "y": [
        632.0,
        633.0,
        634.0,
        636.0,
        637.0,
        639.0,
        640.0,
        665.0,
        666.0,
        667.0,
        668.0,
        669.0,
        677.0,
        678.0,
        679.0,
        681.0,
        682.0,
        683.0,
        684.0,
        685.0,
        687.0,
        688.0,
        689.0,
        690.0,
        691.0,
        692.0,
        693.0,
        695.0,
        696.0,
        698.0,
        699.0,
        705.0,
        706.0,
        714.0,
        715.0,
        718.0,
        719.0,
        721.0,
        722.0,
        724.0,
        728.0,
        729.0,
        731.0,
        732.0,
        733.0,
        734.0,
        735.0,
        736.0,
        737.0,
        738.0,
        743.0,
        743.0,
        744.0,
        744.0,
        745.0,
        745.0,
        747.0,
        747.0,
        749.0,
        753.0,
        754.0,
        757.0,
        758.0,
        761.0,
        766.0,
        766.0,
        768.0,
        768.0,
        769.0,
        770.0,
        772.0,
        773.0,
        774.0,
        775.0,
        777.0,
        778.0,
        780.0,
        781.0,
        782.0,
        783.0,
        784.0,
        787.0,
        787.0,
        788.0,
        788.0,
        789.0,
        789.0,
        790.0,
        790.0,
        807.0,
        809.0,
        809.0,
        810.0,
        810.0,
        811.0,
        811.0,
        813.0,
        813.0,
        822.0,
        822.0,
        821.0,
        821.0,
        820.0,
        820.0,
        819.0,
        819.0,
        818.0,
        818.0,
        817.0,
        818.0,
        818.0,
        819.0,
        819.0,
        821.0,
        822.0,
        823.0,
        831.0,
        832.0,
        834.0,
        835.0,
        837.0,
        838.0,
        840.0,
        841.0,
        842.0,
        845.0,
        850.0,
        851.0,
        857.0,
        858.0,
        858.0,
        859.0,
        859.0,
        860.0,
        860.0,
        861.0,
        861.0,
        862.0,
        862.0,
        863.0,
        863.0,
        864.0,
        864.0,
        861.0,
        860.0,
        859.0,
        858.0,
        857.0,
        819.0,
        818.0,
        791.0,
        790.0,
        783.0,
        782.0,
        777.0,
        776.0,
        773.0,
        769.0,
        769.0,
        768.0,
        768.0,
        767.0,
        767.0,
        765.0,
        765.0,
        760.0,
        760.0,
        759.0,
        759.0,
        758.0,
        758.0,
        757.0,
        757.0,
        701.0,
        700.0,
        696.0,
        695.0,
        690.0,
        689.0,
        685.0,
        684.0,
        679.0,
        678.0,
        676.0,
        675.0,
        674.0,
        672.0,
        671.0,
        658.0,
        658.0,
        653.0,
        649.0,
        648.0,
        643.0,
        642.0,
        640.0,
        639.0,
        632.0
      ]
    }
  },
  {
    "name": "person",
    "class": 0,
    "confidence": 0.83918,
    "box": {
      "x1": 834.69354,
      "y1": 636.92078,
      "x2": 934.15143,
      "y2": 792.33752
    },
    "track_id": 2,
    "segments": {
      "x": [
        850.0,
        848.0,
        848.0,
        844.0,
        843.0,
        837.0,
        837.0,
        835.0,
        835.0,
        836.0,
        836.0,
        837.0,
        837.0,
        838.0,
        838.0,
        837.0,
        837.0,
        836.0,
        836.0,
        835.0,
        835.0,
        836.0,
        836.0,
        838.0,
        838.0,
        843.0,
        844.0,
        845.0,
        854.0,
        855.0,
        857.0,
        858.0,
        859.0,
        861.0,
        861.0,
        863.0,
        863.0,
        864.0,
        864.0,
        865.0,
        865.0,
        866.0,
        866.0,
        867.0,
        867.0,
        870.0,
        871.0,
        872.0,
        875.0,
        875.0,
        876.0,
        876.0,
        877.0,
        877.0,
        878.0,
        878.0,
        880.0,
        880.0,
        881.0,
        885.0,
        886.0,
        888.0,
        889.0,
        890.0,
        893.0,
        898.0,
        899.0,
        902.0,
        903.0,
        911.0,
        912.0,
        916.0,
        918.0,
        919.0,
        920.0,
        921.0,
        922.0,
        924.0,
        925.0,
        929.0,
        929.0,
        930.0,
        930.0,
        931.0,
        931.0,
        932.0,
        932.0,
        931.0,
        931.0,
        930.0,
        930.0,
        925.0,
        925.0,
        924.0,
        924.0,
        923.0,
        923.0,
        922.0,
        922.0,
        923.0,
        923.0,
        924.0,
        924.0,
        925.0,
        925.0,
        926.0,
        926.0,
        927.0,
        927.0,
        928.0,
        928.0,
        930.0,
        930.0,
        931.0,
        931.0,
        932.0,
        932.0,
        930.0,
        930.0,
        926.0,
        926.0,
        925.0,
        925.0,
        924.0,
        924.0,
        923.0,
        923.0,
        922.0,
        922.0,
        921.0,
        921.0,
        920.0,
        919.0,
        917.0,
        916.0,
        915.0,
        914.0,
        912.0,
        911.0,
        908.0,
        908.0,
        904.0
      ],
      "y": [
        637.0,
        639.0,
        640.0,
        644.0,
        644.0,
        650.0,
        651.0,
        653.0,
        691.0,
        692.0,
        696.0,
        697.0,
        704.0,
        705.0,
        727.0,
        728.0,
        740.0,
        741.0,
        751.0,
        752.0,
        780.0,
        781.0,
        782.0,
        784.0,
        785.0,
        790.0,
        790.0,
        791.0,
        791.0,
        792.0,
        792.0,
        791.0,
        791.0,
        789.0,
        788.0,
        786.0,
        760.0,
        759.0,
        752.0,
        751.0,
        748.0,
        747.0,
        746.0,
        745.0,
        744.0,
        741.0,
        742.0,
        742.0,
        745.0,
        746.0,
        747.0,
        748.0,
        749.0,
        750.0,
        751.0,
        752.0,
        754.0,
        755.0,
        756.0,
        756.0,
        755.0,
        755.0,
        754.0,
        754.0,
        751.0,
        751.0,
        752.0,
        752.0,
        753.0,
        753.0,
        754.0,
        754.0,
        756.0,
        756.0,
        757.0,
        757.0,
        758.0,
        758.0,
        759.0,
        759.0,
        755.0,
        754.0,
        747.0,
        746.0,
        741.0,
        740.0,
        737.0,
        736.0,
        735.0,
        734.0,
        733.0,
        728.0,
        727.0,
        726.0,
        723.0,
        722.0,
        716.0,
        715.0,
        711.0,
        710.0,
        700.0,
        699.0,
        696.0,
        695.0,
        692.0,
        691.0,
        689.0,
        688.0,
        687.0,
        686.0,
        685.0,
        683.0,
        682.0,
        681.0,
        680.0,
        679.0,
        676.0,
        674.0,
        673.0,
        669.0,
        668.0,
        667.0,
        665.0,
        664.0,
        660.0,
        659.0,
        655.0,
        654.0,
        653.0,
        652.0,
        651.0,
        650.0,
        650.0,
        648.0,
        648.0,
        647.0,
        647.0,
        645.0,
        645.0,
        642.0,
        641.0,
        637.0
      ]
    }
  }
]