[
  {
    "name": "person",
    "class": 0,
    "confidence": 0.89056,
    "box": {
      "x1": 1002.8927,
      "y1": 565.40662,
      "x2": 1085.18384,
      "y2": 761.09985
    },
    "track_id": 1,
    "segments": {
      "x": [
        1006.0,
        1006.0,
        1007.0,
        1007.0,
        1008.0,
        1008.0,
        1009.0,
        1009.0,
        1008.0,
        1008.0,
        1007.0,
        1007.0,
        1006.0,
        1006.0,
        1005.0,
        1005.0,
        1004.0,
        1004.0,
        1003.0,
        1003.0,
        1013.0,
        1014.0,
        1016.0,
        1017.0,
        1018.0,
        1021.0,
        1021.0,
        1022.0,
        1022.0,
        1023.0,
        1023.0,
        1024.0,
        1024.0,
        1025.0,
        1026.0,
        1027.0,
        1027.0,
        1028.0,
        1028.0,
        1029.0,
        1029.0,
        1030.0,
        1030.0,
        1031.0,
        1031.0,
        1030.0,
        1030.0,
        1021.0,
        1021.0,
        1020.0,
        1020.0,
        1024.0,
        1027.0,
        1028.0,
        1029.0,
        1031.0,
        1032.0,
        1038.0,
        1039.0,
        1043.0,
        1043.0,
        1044.0,
        1044.0,
        1045.0,
        1045.0,
        1046.0,
        1046.0,
        1047.0,
        1047.0,
        1048.0,
        1048.0,
        1050.0,
        1050.0,
        1053.0,
        1054.0,
        1059.0,
        1060.0,
        1061.0,
        1062.0,
        1063.0,
        1063.0,
        1064.0,
        1064.0,
        1065.0,
        1065.0,
        1066.0,
        1066.0,
        1067.0,
        1067.0,
        1068.0,
        1068.0,
        1069.0,
        1069.0,
        1070.0,
        1070.0,
        1074.0,
        1077.0,
        1078.0,
        1080.0,
        1081.0,
        1083.0,
        1084.0,
        1085.0,
        1085.0,
        1084.0,
        1084.0,
        1083.0,
        1083.0,
        1082.0,
        1082.0,
        1081.0,
        1081.0,
        1080.0,
        1080.0,
        1081.0,
        1081.0,
        1082.0,
        1082.0,
        1083.0,
        1083.0,
        1084.0,
        1084.0,
        1083.0,
        1083.0,
        1082.0,
        1082.0,
        1081.0,
        1081.0,
        1080.0,
        1080.0,
        1079.0,
        1079.0,
        1078.0,
        1078.0,
        1077.0,
        1077.0,
        1069.0,
        1069.0,
        1068.0,
        1068.0,
        1062.0,
        1061.0,
        1060.0,
        1059.0,
        1050.0,
        1049.0,
        1048.0,
        1046.0,
        1044.0,
        1043.0,
        1041.0,
        1040.0,
        1038.0,
        1038.0
      ],
      "y": [
        566.0,
        589.0,
        590.0,
        597.0,
        598.0,
        602.0,
        603.0,
        612.0,
        613.0,
        621.0,
        622.0,
        630.0,
        631.0,
        634.0,
        635.0,
        637.0,
        638.0,
        640.0,
        641.0,
        671.0,
        671.0,
        670.0,
        670.0,
        669.0,
        669.0,
        666.0,
        662.0,
        661.0,
        653.0,
        652.0,
        648.0,
        647.0,
        644.0,
        643.0,
        643.0,
        644.0,
        647.0,
        648.0,
        652.0,
        653.0,
        675.0,
        676.0,
        686.0,
        687.0,
        720.0,
        721.0,
        726.0,
        735.0,
        736.0,
        737.0,
        750.0,
        754.0,
        754.0,
        753.0,
        753.0,
        751.0,
        751.0,
        745.0,
        745.0,
        741.0,
        740.0,
        739.0,
        738.0,
        737.0,
        734.0,
        733.0,
        731.0,
        730.0,
        728.0,
        727.0,
        726.0,
        724.0,
        723.0,
        720.0,
        720.0,
        715.0,
        715.0,
        714.0,
        714.0,
        715.0,
        716.0,
        717.0,
        718.0,
        719.0,
        721.0,
        722.0,
        724.0,
        725.0,
        743.0,
        744.0,
        751.0,
        752.0,
        754.0,
        755.0,
        756.0,
        760.0,
        757.0,
        757.0,
        755.0,
        755.0,
        753.0,
        753.0,
        752.0,
        730.0,
        729.0,
        725.0,
        724.0,
        722.0,
        721.0,
        718.0,
        717.0,
        713.0,
        712.0,
        668.0,
        667.0,
        656.0,
        655.0,
        649.0,
        648.0,
        643.0,
        642.0,
        641.0,
        640.0,
        639.0,
        638.0,
        636.0,
        635.0,
        633.0,
        632.0,
        625.0,
        624.0,
        613.0,
        612.0,
        606.0,
        605.0,
        604.0,
        596.0,
        595.0,
        594.0,
        593.0,
        587.0,
        587.0,
        586.0,
        586.0,
        577.0,
        577.0,
        576.0,
        576.0,
        574.0,
        574.0,
        572.0,
        572.0,
        570.0,
        566.0
      ]
    }
  },
  {
    "name": "person",
    "class": 0,
    "confidence": 0.72461,
    "box": {
      "x1": 843.82196,
      "y1": 601.85938,
      "x2": 934.14478,
      "y2": 786.30774
    },
    "track_id": 2,
    "segments": {
      "x": [
        896.0,
        895.0,
        895.0,
        894.0,
        894.0,
        893.0,
        892.0,
        889.0,
        888.0,
        886.0,
        885.0,
        884.0,
        882.0,
        873.0,
        872.0,
        871.0,
        870.0,
        868.0,
        867.0,
        865.0,
        865.0,
        864.0,
        864.0,
        863.0,
        863.0,
        862.0,
        862.0,
        861.0,
        861.0,
        860.0,
        860.0,
        853.0,
        853.0,
        852.0,
        852.0,
        851.0,
        851.0,
        850.0,
        850.0,
        849.0,
        849.0,
        848.0,
        848.0,
        845.0,
        844.0,
        844.0,
        846.0,
        847.0,
        847.0,
        848.0,
        848.0,
        849.0,
        849.0,
        850.0,
        850.0,
        851.0,
        851.0,
        852.0,
        852.0,
        856.0,
        860.0,
        861.0,
        862.0,
        863.0,
        864.0,
        870.0,
        870.0,
        871.0,
        871.0,
        872.0,
        872.0,
        873.0,
        873.0,
        874.0,
        874.0,
        875.0,
        875.0,
        876.0,
        876.0,
        878.0,
        878.0,
        881.0,
        883.0,
        884.0,
        885.0,
        886.0,
        887.0,
        888.0,
        888.0,
        889.0,
        889.0,
        890.0,
        890.0,
        891.0,
        891.0,
        892.0,
        892.0,
        893.0,
        893.0,
        894.0,
        894.0,
        895.0,
        897.0,
        897.0,
        898.0,
        898.0,
        899.0,
        899.0,
        900.0,
        900.0,
        901.0,
        901.0,
        902.0,
        902.0,
        903.0,
        903.0,
        904.0,
        904.0,
        903.0,
        903.0,
        902.0,
        902.0,
        901.0,
        901.0,
        900.0,
        924.0,
        924.0,
        923.0,
        923.0,
        922.0,
        922.0,
        921.0,
        921.0,
        920.0,
        920.0,
        919.0,
        919.0,
        915.0,
        915.0,
        916.0,
        916.0,
        917.0,
        917.0,
        916.0,
        916.0,
        914.0,
        914.0,
        912.0,
        912.0,
        911.0,
        911.0,
        910.0,
        910.0,
        909.0,
        909.0,
        908.0,
        908.0,
        907.0,
        907.0,
        906.0,
        906.0,
        904.0,
        903.0,
        902.0,
        902.0,
        901.0,
        901.0,
        900.0,
        900.0,
        899.0,
        899.0,
        900.0,
        900.0,
        901.0,
        901.0,
        902.0,
        902.0,
        903.0,
        903.0,
        904.0,
        904.0,
        905.0,
        905.0,
        906.0,
        907.0,
        908.0,
        909.0,
        910.0,
        912.0,
        913.0,
        915.0,
        916.0,
        917.0,
        918.0,
        918.0,
        919.0,
        919.0,
        920.0,
        920.0,
        921.0,
        921.0,
        922.0,
        922.0,
        923.0,
        923.0,
        922.0,
        922.0
      ],
      "y": [
        602.0,
        603.0,
        604.0,
        605.0,
        606.0,
        607.0,
        607.0,
        610.0,
        610.0,
        612.0,
        612.0,
        613.0,
        613.0,
        622.0,
        622.0,
        623.0,
        623.0,
        625.0,
        625.0,
        627.0,
        628.0,
        629.0,
        630.0,
        631.0,
        634.0,
        635.0,
        638.0,
        639.0,
        640.0,
        641.0,
        642.0,
        649.0,
        650.0,
        651.0,
        652.0,
        653.0,
        655.0,
        656.0,
        657.0,
        658.0,
        659.0,
        660.0,
        661.0,
        664.0,
        664.0,
        700.0,
        700.0,
        701.0,
        702.0,
        703.0,
        704.0,
        705.0,
        708.0,
        709.0,
        712.0,
        713.0,
        754.0,
        755.0,
        762.0,
        766.0,
        766.0,
        765.0,
        765.0,
        764.0,
        764.0,
        758.0,
        757.0,
        756.0,
        755.0,
        754.0,
        752.0,
        751.0,
        746.0,
        745.0,
        731.0,
        730.0,
        724.0,
        723.0,
        722.0,
        720.0,
        719.0,
        716.0,
        716.0,
        717.0,
        717.0,
        718.0,
        718.0,
        719.0,
        720.0,
        721.0,
        722.0,
        723.0,
        726.0,
        727.0,
        729.0,
        730.0,
        731.0,
        732.0,
        733.0,
        734.0,
        735.0,
        735.0,
        737.0,
        738.0,
        739.0,
        741.0,
        742.0,
        748.0,
        749.0,
        751.0,
        752.0,
        754.0,
        755.0,
        757.0,
        758.0,
        760.0,
        761.0,
        765.0,
        766.0,
        774.0,
        775.0,
        777.0,
        778.0,
        779.0,
        780.0,
        780.0,
        778.0,
        777.0,
        776.0,
        775.0,
        773.0,
        772.0,
        770.0,
        769.0,
        767.0,
        766.0,
        765.0,
        761.0,
        759.0,
        758.0,
        748.0,
        747.0,
        736.0,
        735.0,
        734.0,
        732.0,
        731.0,
        729.0,
        728.0,
        727.0,
        726.0,
        725.0,
        724.0,
        723.0,
        722.0,
        721.0,
        718.0,
        717.0,
        713.0,
        712.0,
        711.0,
        709.0,
        709.0,
        708.0,
        707.0,
        706.0,
        705.0,
        704.0,
        700.0,
        699.0,
        688.0,
        687.0,
        682.0,
        681.0,
        677.0,
        676.0,
        674.0,
        673.0,
        672.0,
        671.0,
        670.0,
        669.0,
        668.0,
        667.0,
        667.0,
        666.0,
        666.0,
        665.0,
        665.0,
        664.0,
        664.0,
        663.0,
        663.0,
        662.0,
        661.0,
        660.0,
        659.0,
        658.0,
        657.0,
        656.0,
        652.0,
        651.0,
        623.0,
        622.0,
        605.0,
        604.0,
        602.0
      ]
    }
  }
]