[
  {
    "name": "person",
    "class": 0,
    "confidence": 0.88988,
    "box": {
      "x1": 1044.44727,
      "y1": 553.05817,
      "x2": 1127.03564,
      "y2": 744.58759
    },
    "track_id": 1,
    "segments": {
      "x": [
        1073.0,
        1073.0,
        1072.0,
        1072.0,
        1071.0,
        1071.0,
        1070.0,
        1070.0,
        1069.0,
        1069.0,
        1068.0,
        1068.0,
        1067.0,
        1067.0,
        1066.0,
        1066.0,
        1064.0,
        1064.0,
        1058.0,
        1058.0,
        1057.0,
        1057.0,
        1056.0,
        1056.0,
        1055.0,
        1055.0,
        1054.0,
        1054.0,
        1052.0,
        1052.0,
        1050.0,
        1049.0,
        1047.0,
        1046.0,
        1044.0,
        1044.0,
        1050.0,
        1051.0,
        1051.0,
        1052.0,
        1052.0,
        1053.0,
        1053.0,
        1054.0,
        1054.0,
        1055.0,
        1055.0,
        1056.0,
        1056.0,
        1055.0,
        1055.0,
        1053.0,
        1053.0,
        1050.0,
        1049.0,
        1047.0,
        1046.0,
        1044.0,
        1044.0,
        1045.0,
        1046.0,
        1047.0,
        1048.0,
        1050.0,
        1051.0,
        1052.0,
        1053.0,
        1054.0,
        1056.0,
        1056.0,
        1059.0,
        1060.0,
        1061.0,
        1062.0,
        1063.0,
        1064.0,
        1071.0,
        1072.0,
        1073.0,
        1075.0,
        1076.0,
        1087.0,
        1091.0,
        1091.0,
        1092.0,
        1092.0,
        1093.0,
        1093.0,
        1094.0,
        1094.0,
        1095.0,
        1095.0,
        1096.0,
        1096.0,
        1098.0,
        1098.0,
        1100.0,
        1100.0,
        1101.0,
        1101.0,
        1102.0,
        1102.0,
        1103.0,
        1103.0,
        1104.0,
        1104.0,
        1105.0,
        1105.0,
        1107.0,
        1107.0,
        1112.0,
        1113.0,
        1117.0,
        1118.0,
        1121.0,
        1122.0,
        1122.0,
        1124.0,
        1124.0,
        1125.0,
        1125.0,
        1126.0,
        1126.0,
        1122.0,
        1121.0,
        1116.0,
        1116.0,
        1115.0,
        1115.0,
        1110.0,
        1109.0,
        1104.0,
        1104.0,
        1103.0,
        1103.0,
        1102.0,
        1102.0
      ],
      "y": [
        554.0,
        555.0,
        556.0,
        558.0,
        559.0,
        561.0,
        562.0,
        564.0,
        565.0,
        568.0,
        569.0,
        574.0,
        575.0,
        579.0,
        580.0,
        582.0,
        584.0,
        585.0,
        591.0,
        592.0,
        593.0,
        596.0,
        597.0,
        600.0,
        601.0,
        604.0,
        605.0,
        607.0,
        609.0,
        610.0,
        612.0,
        612.0,
        614.0,
        614.0,
        616.0,
        653.0,
        653.0,
        654.0,
        655.0,
        656.0,
        657.0,
        658.0,
        659.0,
        660.0,
        662.0,
        663.0,
        671.0,
        672.0,
        704.0,
        705.0,
        715.0,
        717.0,
        718.0,
        721.0,
        721.0,
        723.0,
        723.0,
        725.0,
        740.0,
        740.0,
        741.0,
        741.0,
        742.0,
        742.0,
        741.0,
        741.0,
        740.0,
        740.0,
        738.0,
        737.0,
        734.0,
        734.0,
        733.0,
        733.0,
        734.0,
        734.0,
        741.0,
        741.0,
        742.0,
        742.0,
        743.0,
        743.0,
        739.0,
        726.0,
        725.0,
        712.0,
        711.0,
        709.0,
        708.0,
        706.0,
        705.0,
        704.0,
        703.0,
        702.0,
        700.0,
        699.0,
        697.0,
        696.0,
        695.0,
        693.0,
        692.0,
        690.0,
        689.0,
        687.0,
        686.0,
        684.0,
        683.0,
        682.0,
        680.0,
        679.0,
        674.0,
        674.0,
        670.0,
        670.0,
        667.0,
        667.0,
        666.0,
        664.0,
        663.0,
        662.0,
        660.0,
        659.0,
        592.0,
        588.0,
        588.0,
        583.0,
        582.0,
        581.0,
        580.0,
        575.0,
        575.0,
        570.0,
        563.0,
        562.0,
        556.0,
        555.0,
        554.0
      ]
    }
  },
  {
    "name": "person",
    "class": 0,
    "confidence": 0.84754,
    "box": {
      "x1": 791.914,
      "y1": 587.64563,
      "x2": 917.76813,
      "y2": 798.86829
    },
    "track_id": 2,
    "segments": {
      "x": [
        861.0,
        861.0,
        857.0,
        856.0,
        855.0,
        853.0,
        852.0,
        849.0,
        848.0,
        845.0,
        843.0,
        842.0,
        841.0,
        841.0,
        838.0,
        838.0,
        837.0,
        836.0,
        833.0,
        832.0,
        829.0,
        829.0,
        828.0,
        828.0,
        827.0,
        827.0,
        826.0,
        826.0,
        825.0,
        825.0,
        824.0,
        824.0,
        820.0,
        820.0,
        819.0,
        819.0,
        818.0,
        818.0,
        817.0,
        817.0,
        816.0,
        816.0,
        815.0,
        815.0,
        814.0,
        814.0,
        813.0,
        813.0,
        812.0,
        812.0,
        811.0,
        811.0,
        809.0,
        809.0,
        808.0,
        808.0,
        807.0,
        807.0,
        806.0,
        806.0,
        805.0,
        805.0,
        806.0,
        806.0,
        805.0,
        805.0,
        804.0,
        804.0,
        803.0,
        803.0,
        802.0,
        802.0,
        801.0,
        801.0,
        800.0,
        800.0,
        794.0,
        794.0,
        801.0,
        802.0,
        806.0,
        807.0,
        810.0,
        811.0,
        812.0,
        816.0,
        816.0,
        817.0,
        817.0,
        819.0,
        819.0,
        823.0,
        823.0,
        824.0,
        824.0,
        825.0,
        825.0,
        826.0,
        826.0,
        827.0,
        827.0,
        828.0,
        828.0,
        829.0,
        829.0,
        830.0,
        830.0,
        831.0,
        831.0,
        833.0,
        835.0,
        837.0,
        838.0,
        839.0,
        840.0,
        841.0,
        842.0,
        843.0,
        845.0,
        851.0,
        851.0,
        852.0,
        852.0,
        853.0,
        853.0,
        854.0,
        854.0,
        856.0,
        856.0,
        858.0,
        858.0,
        860.0,
        860.0,
        861.0,
        861.0,
        862.0,
        862.0,
        863.0,
        863.0,
        864.0,
        864.0,
        865.0,
        865.0,
        866.0,
        866.0,
        867.0,
        867.0,
        869.0,
        869.0,
        871.0,
        871.0,
        873.0,
        873.0,
        874.0,
        874.0,
        875.0,
        875.0,
        876.0,
        876.0,
        877.0,
        898.0,
        898.0,
        900.0,
        900.0,
        901.0,
        901.0,
        903.0,
        903.0,
        904.0,
        904.0,
        905.0,
        905.0,
        901.0,
        901.0,
        900.0,
        900.0,
        899.0,
        899.0,
        898.0,
        898.0,
        897.0,
        897.0,
        889.0,
        889.0,
        888.0,
        888.0,
        887.0,
        887.0,
        886.0,
        886.0,
        885.0,
        885.0,
        884.0,
        884.0,
        883.0,
        883.0,
        881.0,
        881.0,
        879.0,
        879.0,
        878.0,
        878.0,
        877.0,
        877.0,
        876.0,
        876.0,
        875.0,
        875.0,
        874.0,
        874.0,
        873.0,
        873.0,
        872.0,
        872.0,
        868.0,
        868.0,
        866.0,
        866.0,
        865.0,
        865.0,
        864.0,
        864.0,
        865.0,
        865.0,
        866.0,
        866.0,
        869.0,
        870.0,
        871.0,
        872.0,
        873.0,
        874.0,
        877.0,
        878.0,
        879.0,
        880.0,
        881.0,
        883.0,
        884.0,
        887.0,
        888.0,
        891.0,
        892.0,
        901.0,
        902.0,
        910.0,
        911.0,
        915.0,
        916.0,
        916.0,
        915.0,
        907.0,
        906.0,
        897.0,
        896.0,
        893.0,
        887.0,
        887.0,
        886.0,
        886.0,
        885.0,
        885.0,
        884.0,
        884.0,
        882.0,
        882.0,
        883.0,
        883.0,
        885.0,
        885.0,
        887.0,
        887.0,
        888.0,
        888.0,
        890.0,
        890.0,
        893.0,
        894.0,
        897.0,
        897.0,
        898.0,
        898.0,
        897.0,
        897.0,
        896.0,
        896.0,
        894.0
      ],
      "y": [
        588.0,
        593.0,
        597.0,
        597.0,
        598.0,
        598.0,
        599.0,
        599.0,
        600.0,
        600.0,
        602.0,
        602.0,
        603.0,
        604.0,
        607.0,
        608.0,
        609.0,
        609.0,
        612.0,
        612.0,
        615.0,
        616.0,
        617.0,
        619.0,
        620.0,
        622.0,
        623.0,
        625.0,
        626.0,
        627.0,
        628.0,
        629.0,
        633.0,
        634.0,
        635.0,
        636.0,
        637.0,
        638.0,
        639.0,
        641.0,
        642.0,
        652.0,
        653.0,
        657.0,
        658.0,
        660.0,
        661.0,
        662.0,
        663.0,
        664.0,
        665.0,
        666.0,
        668.0,
        669.0,
        670.0,
        671.0,
        672.0,
        673.0,
        674.0,
        677.0,
        678.0,
        697.0,
        698.0,
        704.0,
        705.0,
        712.0,
        713.0,
        720.0,
        721.0,
        726.0,
        727.0,
        730.0,
        731.0,
        732.0,
        733.0,
        735.0,
        741.0,
        781.0,
        781.0,
        780.0,
        780.0,
        779.0,
        779.0,
        778.0,
        778.0,
        774.0,
        773.0,
        772.0,
        771.0,
        769.0,
        768.0,
        764.0,
        763.0,
        762.0,
        761.0,
        760.0,
        752.0,
        751.0,
        745.0,
        744.0,
        738.0,
        737.0,
        734.0,
        733.0,
        731.0,
        730.0,
        728.0,
        727.0,
        726.0,
        724.0,
        724.0,
        726.0,
        726.0,
        727.0,
        727.0,
        728.0,
        728.0,
        729.0,
        729.0,
        735.0,
        736.0,
        737.0,
        739.0,
        740.0,
        742.0,
        743.0,
        745.0,
        747.0,
        748.0,
        750.0,
        751.0,
        753.0,
        754.0,
        755.0,
        756.0,
        757.0,
        759.0,
        760.0,
        763.0,
        764.0,
        766.0,
        767.0,
        770.0,
        771.0,
        772.0,
        773.0,
        775.0,
        777.0,
        778.0,
        780.0,
        781.0,
        783.0,
        785.0,
        786.0,
        789.0,
        790.0,
        793.0,
        794.0,
        797.0,
        798.0,
        798.0,
        797.0,
        795.0,
        794.0,
        793.0,
        792.0,
        790.0,
        789.0,
        788.0,
        787.0,
        786.0,
        785.0,
        781.0,
        780.0,
        779.0,
        778.0,
        777.0,
        776.0,
        775.0,
        774.0,
        773.0,
        772.0,
        764.0,
        763.0,
        762.0,
        757.0,
        756.0,
        742.0,
        741.0,
        736.0,
        735.0,
        733.0,
        732.0,
        730.0,
        729.0,
        728.0,
        726.0,
        725.0,
        723.0,
        722.0,
        721.0,
        720.0,
        719.0,
        717.0,
        716.0,
        713.0,
        712.0,
        709.0,
        708.0,
        705.0,
        704.0,
        702.0,
        701.0,
        700.0,
        696.0,
        695.0,
        693.0,
        692.0,
        691.0,
        690.0,
        689.0,
        674.0,
        673.0,
        668.0,
        667.0,
        665.0,
        662.0,
        662.0,
        663.0,
        663.0,
        664.0,
        664.0,
        667.0,
        667.0,
        668.0,
        668.0,
        669.0,
        669.0,
        670.0,
        670.0,
        671.0,
        671.0,
        672.0,
        672.0,
        671.0,
        671.0,
        670.0,
        670.0,
        669.0,
        652.0,
        651.0,
        651.0,
        650.0,
        650.0,
        649.0,
        649.0,
        643.0,
        641.0,
        640.0,
        638.0,
        637.0,
        635.0,
        634.0,
        633.0,
        631.0,
        629.0,
        628.0,
        627.0,
        625.0,
        624.0,
        622.0,
        621.0,
        620.0,
        618.0,
        616.0,
        615.0,
        612.0,
        612.0,
        609.0,
        608.0,
        607.0,
        594.0,
        593.0,
        592.0,
        591.0,
        590.0,
        588.0
      ]
    }
  }
]