[
  {
    "name": "person",
    "class": 0,
    "confidence": 0.88319,
    "box": {
      "x1": 1083.72559,
      "y1": 600.04382,
      "x2": 1181.91003,
      "y2": 813.47357
    },
    "track_id": 1,
    "segments": {
      "x": [
        1133.0,
        1132.0,
        1132.0,
        1131.0,
        1131.0,
        1130.0,
        1130.0,
        1129.0,
        1129.0,
        1128.0,
        1128.0,
        1129.0,
        1129.0,
        1131.0,
        1131.0,
        1133.0,
        1134.0,
        1137.0,
        1137.0,
        1136.0,
        1136.0,
        1131.0,
        1131.0,
        1130.0,
        1130.0,
        1129.0,
        1129.0,
        1128.0,
        1128.0,
        1127.0,
        1127.0,
        1126.0,
        1126.0,
        1125.0,
        1125.0,
        1124.0,
        1124.0,
        1120.0,
        1120.0,
        1121.0,
        1121.0,
        1120.0,
        1120.0,
        1119.0,
        1119.0,
        1118.0,
        1118.0,
        1117.0,
        1117.0,
        1116.0,
        1116.0,
        1115.0,
        1115.0,
        1114.0,
        1114.0,
        1113.0,
        1113.0,
        1110.0,
        1109.0,
        1107.0,
        1106.0,
        1104.0,
        1103.0,
        1096.0,
        1094.0,
        1093.0,
        1091.0,
        1090.0,
        1088.0,
        1087.0,
        1086.0,
        1086.0,
        1095.0,
        1096.0,
        1101.0,
        1102.0,
        1122.0,
        1123.0,
        1124.0,
        1127.0,
        1127.0,
        1128.0,
        1128.0,
        1129.0,
        1129.0,
        1130.0,
        1130.0,
        1134.0,
        1135.0,
        1137.0,
        1138.0,
        1143.0,
        1143.0,
        1145.0,
        1146.0,
        1148.0,
        1148.0,
        1149.0,
        1149.0,
        1150.0,
        1150.0,
        1151.0,
        1151.0,
        1150.0,
        1150.0,
        1152.0,
        1153.0,
        1155.0,
        1172.0,
        1174.0,
        1174.0,
        1175.0,
        1175.0,
        1174.0,
        1174.0,
        1173.0,
        1173.0,
        1172.0,
        1172.0,
        1171.0,
        1171.0,
        1169.0,
        1169.0,
        1167.0,
        1167.0,
        1166.0,
        1166.0,
        1165.0,
        1165.0,
        1164.0,
        1164.0,
        1165.0,
        1165.0,
        1169.0,
        1170.0,
        1174.0,
        1174.0,
        1175.0,
        1175.0,
        1176.0,
        1176.0,
        1177.0,
        1177.0,
        1178.0,
        1178.0,
        1179.0,
        1179.0,
        1180.0,
        1180.0,
        1181.0,
        1181.0,
        1180.0,
        1180.0,
        1178.0,
        1178.0,
        1177.0,
        1177.0,
        1176.0,
        1176.0,
        1175.0,
        1175.0,
        1174.0,
        1174.0,
        1173.0,
        1173.0,
        1166.0,
        1166.0,
        1164.0,
        1164.0,
        1163.0,
        1163.0
      ],
      "y": [
        601.0,
        602.0,
        604.0,
        605.0,
        607.0,
        608.0,
        610.0,
        611.0,
        613.0,
        614.0,
        631.0,
        632.0,
        633.0,
        635.0,
        636.0,
        638.0,
        638.0,
        641.0,
        654.0,
        655.0,
        656.0,
        661.0,
        662.0,
        663.0,
        664.0,
        665.0,
        669.0,
        670.0,
        675.0,
        676.0,
        679.0,
        680.0,
        681.0,
        682.0,
        683.0,
        684.0,
        685.0,
        689.0,
        696.0,
        697.0,
        709.0,
        710.0,
        715.0,
        716.0,
        717.0,
        718.0,
        721.0,
        722.0,
        725.0,
        726.0,
        752.0,
        753.0,
        766.0,
        767.0,
        771.0,
        772.0,
        774.0,
        777.0,
        777.0,
        779.0,
        779.0,
        781.0,
        781.0,
        788.0,
        788.0,
        789.0,
        789.0,
        790.0,
        790.0,
        791.0,
        791.0,
        803.0,
        803.0,
        804.0,
        804.0,
        803.0,
        803.0,
        802.0,
        802.0,
        799.0,
        798.0,
        797.0,
        793.0,
        792.0,
        789.0,
        788.0,
        786.0,
        782.0,
        782.0,
        780.0,
        780.0,
        775.0,
        774.0,
        772.0,
        772.0,
        774.0,
        776.0,
        777.0,
        779.0,
        780.0,
        782.0,
        783.0,
        800.0,
        801.0,
        810.0,
        812.0,
        812.0,
        814.0,
        814.0,
        812.0,
        811.0,
        810.0,
        783.0,
        782.0,
        779.0,
        778.0,
        775.0,
        774.0,
        773.0,
        772.0,
        771.0,
        769.0,
        768.0,
        766.0,
        765.0,
        764.0,
        763.0,
        762.0,
        758.0,
        757.0,
        737.0,
        736.0,
        735.0,
        731.0,
        731.0,
        727.0,
        726.0,
        725.0,
        717.0,
        716.0,
        708.0,
        707.0,
        702.0,
        701.0,
        698.0,
        697.0,
        695.0,
        694.0,
        692.0,
        691.0,
        645.0,
        644.0,
        642.0,
        640.0,
        639.0,
        638.0,
        637.0,
        636.0,
        635.0,
        634.0,
        633.0,
        632.0,
        631.0,
        630.0,
        629.0,
        622.0,
        621.0,
        619.0,
        611.0,
        610.0,
        601.0
      ]
    }
  },
  {
    "name": "person",
    "class": 0,
    "confidence": 0.83868,
    "box": {
      "x1": 835.23041,
      "y1": 570.45453,
      "x2": 925.92401,
      "y2": 790.09161
    },
    "track_id": 2,
    "segments": {
      "x": [
        884.0,
        884.0,
        881.0,
        881.0,
        880.0,
        880.0,
        879.0,
        879.0,
        878.0,
        878.0,
        877.0,
        877.0,
        876.0,
        876.0,
        875.0,
        875.0,
        874.0,
        874.0,
        869.0,
        868.0,
        867.0,
        866.0,
        865.0,
        864.0,
        862.0,
        861.0,
        856.0,
        856.0,
        855.0,
        855.0,
        854.0,
        854.0,
        853.0,
        853.0,
        852.0,
        852.0,
        851.0,
        851.0,
        850.0,
        850.0,
        849.0,
        849.0,
        848.0,
        848.0,
        847.0,
        847.0,
        846.0,
        846.0,
        845.0,
        845.0,
        846.0,
        846.0,
        847.0,
        847.0,
        848.0,
        848.0,
        849.0,
        849.0,
        850.0,
        850.0,
        851.0,
        851.0,
        852.0,
        852.0,
        853.0,
        853.0,
        852.0,
        852.0,
        851.0,
        851.0,
        850.0,
        850.0,
        844.0,
        843.0,
        841.0,
        841.0,
        839.0,
        839.0,
        838.0,
        838.0,
        837.0,
        837.0,
        836.0,
        836.0,
        842.0,
        843.0,
        844.0,
        860.0,
        862.0,
        862.0,
        863.0,
        863.0,
        864.0,
        864.0,
        865.0,
        865.0,
        867.0,
        867.0,
        872.0,
        872.0,
        873.0,
        873.0,
        874.0,
        874.0,
        875.0,
        875.0,
        876.0,
        876.0,
        877.0,
        877.0,
        878.0,
        878.0,
        883.0,
        884.0,
        886.0,
        887.0,
        890.0,
        891.0,
        892.0,
        895.0,
        902.0,
        903.0,
        904.0,
        905.0,
        906.0,
        910.0,
        911.0,
        912.0,
        913.0,
        914.0,
        917.0,
        919.0,
        920.0,
        921.0,
        921.0,
        922.0,
        922.0,
        923.0,
        923.0,
        922.0,
        922.0,
        921.0,
        921.0,
        922.0,
        922.0,
        923.0,
        923.0,
        922.0,
        922.0,
        921.0,
        921.0,
        920.0,
        920.0,
        919.0,
        919.0,
        915.0,
        915.0,
        914.0,
        914.0,
        913.0,
        913.0,
        912.0,
        912.0
      ],
      "y": [
        572.0,
        573.0,
        576.0,
        577.0,
        578.0,
        579.0,
        580.0,
        581.0,
        582.0,
        584.0,
        585.0,
        587.0,
        588.0,
        589.0,
        590.0,
        592.0,
        593.0,
        594.0,
        599.0,
        599.0,
        600.0,
        600.0,
        601.0,
        601.0,
        603.0,
        603.0,
        608.0,
        609.0,
        610.0,
        611.0,
        612.0,
        613.0,
        614.0,
        616.0,
        617.0,
        622.0,
        623.0,
        629.0,
        630.0,
        634.0,
        635.0,
        638.0,
        639.0,
        641.0,
        642.0,
        646.0,
        647.0,
        651.0,
        652.0,
        671.0,
        672.0,
        677.0,
        678.0,
        680.0,
        681.0,
        683.0,
        684.0,
        688.0,
        689.0,
        693.0,
        694.0,
        699.0,
        700.0,
        709.0,
        710.0,
        720.0,
        721.0,
        729.0,
        730.0,
        733.0,
        734.0,
        737.0,
        743.0,
        743.0,
        745.0,
        746.0,
        748.0,
        749.0,
        750.0,
        752.0,
        753.0,
        754.0,
        755.0,
        783.0,
        789.0,
        789.0,
        790.0,
        790.0,
        788.0,
        787.0,
        786.0,
        781.0,
        780.0,
        762.0,
        761.0,
        759.0,
        757.0,
        756.0,
        751.0,
        750.0,
        749.0,
        748.0,
        747.0,
        745.0,
        744.0,
        741.0,
        740.0,
        737.0,
        736.0,
        735.0,
        734.0,
        733.0,
        728.0,
        728.0,
        726.0,
        726.0,
        723.0,
        723.0,
        722.0,
        722.0,
        729.0,
        729.0,
        730.0,
        730.0,
        731.0,
        731.0,
        732.0,
        732.0,
        733.0,
        733.0,
        736.0,
        736.0,
        735.0,
        735.0,
        734.0,
        733.0,
        730.0,
        729.0,
        724.0,
        723.0,
        719.0,
        718.0,
        707.0,
        706.0,
        685.0,
        684.0,
        617.0,
        616.0,
        615.0,
        614.0,
        613.0,
        612.0,
        611.0,
        610.0,
        609.0,
        605.0,
        604.0,
        603.0,
        601.0,
        600.0,
        596.0,
        595.0,
        572.0
      ]
    }
  }
]