[
  {
    "name": "person",
    "class": 0,
    "confidence": 0.89725,
    "box": {
      "x1": 1187.33557,
      "y1": 652.63776,
      "x2": 1300.46558,
      "y2": 896.55182
    },
    "track_id": 1,
    "segments": {
      "x": [
        1242.0,
        1242.0,
        1240.0,
        1240.0,
        1239.0,
        1239.0,
        1238.0,
        1238.0,
        1237.0,
        1237.0,
        1236.0,
        1236.0,
        1237.0,
        1237.0,
        1238.0,
        1238.0,
        1239.0,
        1239.0,
        1243.0,
        1243.0,
        1245.0,
        1245.0,
        1246.0,
        1246.0,
        1247.0,
        1247.0,
        1246.0,
        1246.0,
        1245.0,
        1245.0,
        1244.0,
        1244.0,
        1243.0,
        1243.0,
        1240.0,
        1240.0,
        1238.0,
        1238.0,
        1237.0,
        1237.0,
        1236.0,
        1236.0,
        1235.0,
        1235.0,
        1234.0,
        1234.0,
        1233.0,
        1233.0,
        1232.0,
        1232.0,
        1231.0,
        1231.0,
        1230.0,
        1230.0,
        1229.0,
        1229.0,
        1228.0,
        1228.0,
        1227.0,
        1227.0,
        1226.0,
        1226.0,
        1225.0,
        1225.0,
        1224.0,
        1224.0,
        1223.0,
        1223.0,
        1222.0,
        1222.0,
        1221.0,
        1221.0,
        1220.0,
        1220.0,
        1219.0,
        1219.0,
        1218.0,
        1218.0,
        1217.0,
        1217.0,
        1216.0,
        1216.0,
        1215.0,
        1215.0,
        1214.0,
        1214.0,
        1213.0,
        1213.0,
        1212.0,
        1212.0,
        1211.0,
        1211.0,
        1206.0,
        1196.0,
        1195.0,
        1190.0,
        1190.0,
        1193.0,
        1194.0,
        1195.0,
        1196.0,
        1197.0,
        1198.0,
        1199.0,
        1200.0,
        1202.0,
        1203.0,
        1207.0,
        1208.0,
        1230.0,
        1234.0,
        1234.0,
        1235.0,
        1235.0,
        1236.0,
        1236.0,
        1237.0,
        1237.0,
        1238.0,
        1238.0,
        1242.0,
        1244.0,
        1245.0,
        1253.0,
        1258.0,
        1258.0,
        1259.0,
        1259.0,
        1260.0,
        1260.0,
        1261.0,
        1261.0,
        1262.0,
        1262.0,
        1263.0,
        1263.0,
        1264.0,
        1264.0,
        1265.0,
        1265.0,
        1264.0,
        1264.0,
        1263.0,
        1263.0,
        1262.0,
        1262.0,
        1261.0,
        1261.0,
        1262.0,
        1262.0,
        1264.0,
        1282.0,
        1288.0,
        1289.0,
        1291.0,
        1292.0,
        1292.0,
        1295.0,
        1295.0,
        1296.0,
        1296.0,
        1295.0,
        1295.0,
        1294.0,
        1294.0,
        1293.0,
        1293.0,
        1292.0,
        1292.0,
        1290.0,
        1290.0,
        1287.0,
        1287.0,
        1286.0,
        1286.0,
        1285.0,
        1285.0,
        1284.0,
        1284.0,
        1283.0,
        1283.0,
        1282.0,
        1282.0,
        1281.0,
        1281.0,
        1280.0,
        1280.0,
        1274.0,
        1274.0,
        1273.0,
        1273.0,
        1274.0,
        1274.0,
        1282.0,
        1282.0,
        1283.0,
        1283.0,
        1284.0,
        1284.0,
        1285.0,
        1285.0,
        1286.0,
        1286.0,
        1287.0,
        1287.0,
        1290.0,
        1290.0,
        1292.0,
        1292.0,
        1293.0,
        1293.0,
        1294.0,
        1294.0,
        1295.0,
        1295.0,
        1296.0,
        1296.0,
        1297.0,
        1297.0,
        1298.0,
        1298.0,
        1299.0,
        1299.0,
        1300.0,
        1300.0,
        1301.0,
        1301.0,
        1299.0,
        1299.0,
        1295.0,
        1295.0,
        1293.0,
        1293.0,
        1286.0,
        1286.0,
        1284.0,
        1284.0,
        1283.0,
        1283.0,
        1282.0,
        1282.0,
        1281.0,
        1281.0,
        1280.0,
        1280.0,
        1279.0,
        1279.0,
        1278.0,
        1278.0,
        1276.0,
        1276.0,
        1275.0,
        1275.0
      ],
      "y": [
        654.0,
        655.0,
        657.0,
        658.0,
        659.0,
        661.0,
        662.0,
        664.0,
        665.0,
        674.0,
        675.0,
        678.0,
        679.0,
        683.0,
        684.0,
        687.0,
        688.0,
        690.0,
        694.0,
        695.0,
        697.0,
        698.0,
        699.0,
        700.0,
        701.0,
        703.0,
        704.0,
        706.0,
        707.0,
        709.0,
        710.0,
        711.0,
        712.0,
        713.0,
        716.0,
        717.0,
        719.0,
        721.0,
        722.0,
        723.0,
        724.0,
        732.0,
        733.0,
        740.0,
        741.0,
        745.0,
        746.0,
        749.0,
        750.0,
        751.0,
        752.0,
        753.0,
        754.0,
        755.0,
        756.0,
        757.0,
        758.0,
        759.0,
        760.0,
        762.0,
        763.0,
        766.0,
        767.0,
        770.0,
        771.0,
        779.0,
        780.0,
        788.0,
        789.0,
        794.0,
        795.0,
        798.0,
        799.0,
        801.0,
        802.0,
        804.0,
        805.0,
        806.0,
        807.0,
        808.0,
        809.0,
        811.0,
        812.0,
        815.0,
        816.0,
        819.0,
        820.0,
        825.0,
        826.0,
        831.0,
        832.0,
        834.0,
        839.0,
        839.0,
        840.0,
        840.0,
        857.0,
        857.0,
        858.0,
        858.0,
        859.0,
        859.0,
        860.0,
        860.0,
        861.0,
        861.0,
        862.0,
        862.0,
        863.0,
        863.0,
        859.0,
        858.0,
        857.0,
        851.0,
        850.0,
        845.0,
        844.0,
        843.0,
        842.0,
        841.0,
        837.0,
        837.0,
        838.0,
        838.0,
        843.0,
        844.0,
        845.0,
        848.0,
        849.0,
        855.0,
        856.0,
        860.0,
        861.0,
        863.0,
        864.0,
        865.0,
        866.0,
        867.0,
        868.0,
        871.0,
        872.0,
        874.0,
        875.0,
        877.0,
        878.0,
        880.0,
        881.0,
        889.0,
        890.0,
        894.0,
        896.0,
        896.0,
        890.0,
        890.0,
        888.0,
        888.0,
        887.0,
        884.0,
        883.0,
        882.0,
        878.0,
        877.0,
        869.0,
        868.0,
        866.0,
        865.0,
        864.0,
        863.0,
        862.0,
        860.0,
        859.0,
        856.0,
        855.0,
        854.0,
        852.0,
        851.0,
        849.0,
        848.0,
        844.0,
        843.0,
        834.0,
        833.0,
        832.0,
        831.0,
        830.0,
        829.0,
        828.0,
        822.0,
        819.0,
        818.0,
        809.0,
        808.0,
        807.0,
        799.0,
        797.0,
        796.0,
        794.0,
        793.0,
        791.0,
        790.0,
        789.0,
        788.0,
        787.0,
        786.0,
        785.0,
        782.0,
        781.0,
        779.0,
        778.0,
        777.0,
        776.0,
        775.0,
        769.0,
        768.0,
        747.0,
        746.0,
        734.0,
        733.0,
        727.0,
        726.0,
        723.0,
        722.0,
        721.0,
        720.0,
        719.0,
        718.0,
        702.0,
        700.0,
        699.0,
        695.0,
        694.0,
        692.0,
        691.0,
        684.0,
        683.0,
        681.0,
        680.0,
        679.0,
        676.0,
        675.0,
        671.0,
        670.0,
        666.0,
        665.0,
        663.0,
        662.0,
        661.0,
        660.0,
        659.0,
        657.0,
        656.0,
        655.0,
        654.0
      ]
    }
  },
  {
    "name": "person",
    "class": 0,
    "confidence": 0.8551,
    "box": {
      "x1": 836.23474,
      "y1": 646.5484,
      "x2": 936.44049,
      "y2": 791.55951
    },
    "track_id": 2,
    "segments": {
      "x": [
        851.0,
        851.0,
        849.0,
        849.0,
        848.0,
        848.0,
        845.0,
        844.0,
        837.0,
        837.0,
        838.0,
        838.0,
        839.0,
        839.0,
        840.0,
        840.0,
        841.0,
        841.0,
        842.0,
        842.0,
        849.0,
        849.0,
        850.0,
        850.0,
        849.0,
        849.0,
        847.0,
        847.0,
        842.0,
        842.0,
        841.0,
        841.0,
        840.0,
        840.0,
        839.0,
        839.0,
        838.0,
        838.0,
        837.0,
        837.0,
        839.0,
        839.0,
        842.0,
        843.0,
        844.0,
        845.0,
        846.0,
        858.0,
        859.0,
        860.0,
        863.0,
        863.0,
        864.0,
        864.0,
        865.0,
        865.0,
        870.0,
        871.0,
        872.0,
        873.0,
        876.0,
        875.0,
        875.0,
        874.0,
        874.0,
        875.0,
        875.0,
        876.0,
        876.0,
        877.0,
        877.0,
        878.0,
        878.0,
        879.0,
        879.0,
        880.0,
        880.0,
        881.0,
        881.0,
        886.0,
        887.0,
        890.0,
        891.0,
        893.0,
        897.0,
        898.0,
        905.0,
        907.0,
        908.0,
        912.0,
        912.0,
        923.0,
        923.0,
        924.0,
        924.0,
        925.0,
        925.0,
        926.0,
        926.0,
        927.0,
        927.0,
        928.0,
        928.0,
        929.0,
        930.0,
        930.0,
        931.0,
        931.0,
        932.0,
        932.0,
        933.0,
        933.0,
        934.0,
        934.0,
        935.0,
        935.0,
        934.0,
        934.0,
        933.0,
        933.0,
        932.0,
        932.0,
        931.0,
        931.0,
        930.0,
        929.0,
        916.0,
        915.0,
        914.0,
        913.0,
        912.0,
        911.0,
        910.0,
        908.0,
        907.0,
        905.0,
        900.0,
        900.0,
        899.0,
        899.0,
        895.0
      ],
      "y": [
        647.0,
        648.0,
        650.0,
        651.0,
        652.0,
        653.0,
        656.0,
        656.0,
        663.0,
        689.0,
        690.0,
        692.0,
        693.0,
        696.0,
        697.0,
        698.0,
        699.0,
        701.0,
        702.0,
        703.0,
        710.0,
        711.0,
        712.0,
        725.0,
        726.0,
        727.0,
        729.0,
        730.0,
        735.0,
        736.0,
        737.0,
        739.0,
        740.0,
        745.0,
        746.0,
        751.0,
        752.0,
        756.0,
        757.0,
        783.0,
        785.0,
        786.0,
        789.0,
        789.0,
        790.0,
        790.0,
        791.0,
        791.0,
        790.0,
        790.0,
        787.0,
        786.0,
        785.0,
        784.0,
        783.0,
        782.0,
        777.0,
        777.0,
        776.0,
        776.0,
        773.0,
        772.0,
        767.0,
        766.0,
        759.0,
        758.0,
        753.0,
        752.0,
        743.0,
        742.0,
        736.0,
        735.0,
        733.0,
        732.0,
        730.0,
        729.0,
        728.0,
        727.0,
        726.0,
        721.0,
        721.0,
        718.0,
        718.0,
        716.0,
        716.0,
        717.0,
        717.0,
        719.0,
        719.0,
        723.0,
        724.0,
        735.0,
        736.0,
        737.0,
        738.0,
        739.0,
        741.0,
        742.0,
        743.0,
        744.0,
        745.0,
        746.0,
        747.0,
        748.0,
        748.0,
        747.0,
        746.0,
        745.0,
        744.0,
        743.0,
        742.0,
        740.0,
        739.0,
        731.0,
        730.0,
        689.0,
        688.0,
        685.0,
        684.0,
        682.0,
        681.0,
        679.0,
        678.0,
        677.0,
        676.0,
        676.0,
        663.0,
        663.0,
        662.0,
        662.0,
        661.0,
        661.0,
        660.0,
        660.0,
        659.0,
        659.0,
        654.0,
        653.0,
        652.0,
        651.0,
        647.0
      ]
    }
  }
]