[
  {
    "name": "person",
    "class": 0,
    "confidence": 0.90702,
    "box": {
      "x1": 1018.22906,
      "y1": 555.87482,
      "x2": 1114.91003,
      "y2": 752.19354
    },
    "track_id": 1,
    "segments": {
      "x": [
        1061.0,
        1061.0,
        1060.0,
        1060.0,
        1059.0,
        1059.0,
        1058.0,
        1058.0,
        1057.0,
        1057.0,
        1056.0,
        1056.0,
        1055.0,
        1055.0,
        1054.0,
        1054.0,
        1053.0,
        1053.0,
        1050.0,
        1050.0,
        1048.0,
        1048.0,
        1047.0,
        1047.0,
        1046.0,
        1046.0,
        1045.0,
        1045.0,
        1044.0,
        1044.0,
        1043.0,
        1043.0,
        1042.0,
        1042.0,
        1041.0,
        1041.0,
        1040.0,
        1040.0,
        1037.0,
        1037.0,
        1035.0,
        1035.0,
        1034.0,
        1034.0,
        1033.0,
        1033.0,
        1035.0,
        1035.0,
        1036.0,
        1037.0,
        1043.0,
        1043.0,
        1042.0,
        1042.0,
        1041.0,
        1041.0,
        1039.0,
        1039.0,
        1035.0,
        1035.0,
        1034.0,
        1034.0,
        1033.0,
        1033.0,
        1032.0,
        1032.0,
        1031.0,
        1031.0,
        1030.0,
        1030.0,
        1026.0,
        1025.0,
        1024.0,
        1023.0,
        1022.0,
        1021.0,
        1020.0,
        1019.0,
        1018.0,
        1018.0,
        1031.0,
        1037.0,
        1038.0,
        1044.0,
        1044.0,
        1046.0,
        1046.0,
        1052.0,
        1052.0,
        1053.0,
        1053.0,
        1054.0,
        1054.0,
        1055.0,
        1055.0,
        1056.0,
        1056.0,
        1057.0,
        1057.0,
        1058.0,
        1058.0,
        1062.0,
        1066.0,
        1066.0,
        1067.0,
        1067.0,
        1068.0,
        1068.0,
        1069.0,
        1069.0,
        1070.0,
        1070.0,
        1069.0,
        1070.0,
        1070.0,
        1073.0,
        1075.0,
        1076.0,
        1081.0,
        1082.0,
        1086.0,
        1087.0,
        1088.0,
        1089.0,
        1090.0,
        1092.0,
        1092.0,
        1093.0,
        1093.0,
        1092.0,
        1092.0,
        1093.0,
        1093.0,
        1094.0,
        1094.0,
        1101.0,
        1101.0,
        1102.0,
        1102.0,
        1103.0,
        1103.0,
        1104.0,
        1104.0,
        1105.0,
        1105.0,
        1107.0,
        1107.0,
        1108.0,
        1109.0,
        1112.0,
        1112.0,
        1113.0,
        1113.0,
        1114.0,
        1114.0,
        1110.0,
        1109.0,
        1102.0,
        1102.0,
        1092.0,
        1092.0
      ],
      "y": [
        556.0,
        557.0,
        558.0,
        559.0,
        560.0,
        562.0,
        563.0,
        566.0,
        567.0,
        571.0,
        572.0,
        579.0,
        580.0,
        583.0,
        584.0,
        586.0,
        587.0,
        588.0,
        591.0,
        592.0,
        594.0,
        595.0,
        596.0,
        597.0,
        598.0,
        600.0,
        601.0,
        603.0,
        604.0,
        616.0,
        617.0,
        621.0,
        622.0,
        625.0,
        626.0,
        627.0,
        628.0,
        630.0,
        633.0,
        634.0,
        636.0,
        638.0,
        639.0,
        640.0,
        641.0,
        654.0,
        656.0,
        657.0,
        658.0,
        658.0,
        664.0,
        685.0,
        686.0,
        690.0,
        691.0,
        692.0,
        694.0,
        695.0,
        699.0,
        700.0,
        701.0,
        703.0,
        704.0,
        708.0,
        709.0,
        715.0,
        716.0,
        722.0,
        723.0,
        726.0,
        730.0,
        730.0,
        731.0,
        731.0,
        732.0,
        732.0,
        733.0,
        733.0,
        734.0,
        752.0,
        752.0,
        746.0,
        746.0,
        740.0,
        739.0,
        737.0,
        736.0,
        730.0,
        729.0,
        728.0,
        727.0,
        726.0,
        722.0,
        721.0,
        712.0,
        711.0,
        708.0,
        707.0,
        704.0,
        703.0,
        702.0,
        698.0,
        702.0,
        703.0,
        704.0,
        705.0,
        706.0,
        708.0,
        709.0,
        711.0,
        712.0,
        736.0,
        737.0,
        738.0,
        739.0,
        742.0,
        742.0,
        743.0,
        743.0,
        744.0,
        744.0,
        743.0,
        743.0,
        742.0,
        742.0,
        740.0,
        739.0,
        738.0,
        731.0,
        730.0,
        694.0,
        693.0,
        689.0,
        688.0,
        687.0,
        680.0,
        679.0,
        678.0,
        675.0,
        674.0,
        670.0,
        669.0,
        666.0,
        665.0,
        664.0,
        662.0,
        661.0,
        660.0,
        660.0,
        657.0,
        656.0,
        655.0,
        654.0,
        653.0,
        593.0,
        589.0,
        589.0,
        582.0,
        581.0,
        571.0,
        556.0
      ]
    }
  },
  {
    "name": "person",
    "class": 0,
    "confidence": 0.8763,
    "box": {
      "x1": 842.29431,
      "y1": 582.73035,
      "x2": 930.60229,
      "y2": 800.27051
    },
    "track_id": 2,
    "segments": {
      "x": [
        900.0,
        900.0,
        899.0,
        899.0,
        898.0,
        898.0,
        894.0,
        893.0,
        892.0,
        885.0,
        884.0,
        880.0,
        879.0,
        877.0,
        875.0,
        874.0,
        866.0,
        866.0,
        865.0,
        865.0,
        864.0,
        864.0,
        863.0,
        863.0,
        862.0,
        862.0,
        861.0,
        861.0,
        856.0,
        856.0,
        855.0,
        855.0,
        854.0,
        854.0,
        853.0,
        853.0,
        852.0,
        852.0,
        851.0,
        851.0,
        850.0,
        850.0,
        849.0,
        849.0,
        848.0,
        848.0,
        845.0,
        844.0,
        842.0,
        842.0,
        843.0,
        843.0,
        844.0,
        845.0,
        847.0,
        848.0,
        849.0,
        851.0,
        852.0,
        853.0,
        854.0,
        856.0,
        857.0,
        858.0,
        859.0,
        860.0,
        861.0,
        862.0,
        866.0,
        866.0,
        867.0,
        867.0,
        868.0,
        868.0,
        869.0,
        870.0,
        871.0,
        871.0,
        872.0,
        872.0,
        873.0,
        873.0,
        874.0,
        874.0,
        875.0,
        875.0,
        876.0,
        876.0,
        878.0,
        897.0,
        898.0,
        899.0,
        902.0,
        903.0,
        905.0,
        906.0,
        907.0,
        907.0,
        909.0,
        909.0,
        910.0,
        910.0,
        909.0,
        909.0,
        907.0,
        906.0,
        901.0,
        901.0,
        900.0,
        900.0,
        899.0,
        899.0,
        898.0,
        898.0,
        899.0,
        899.0,
        898.0,
        898.0,
        897.0,
        897.0,
        896.0,
        896.0,
        897.0,
        897.0,
        898.0,
        898.0,
        899.0,
        899.0,
        900.0,
        900.0,
        901.0,
        901.0,
        903.0,
        903.0,
        905.0,
        906.0,
        907.0,
        908.0,
        913.0,
        913.0,
        912.0,
        912.0,
        913.0,
        913.0,
        914.0,
        914.0,
        915.0,
        915.0,
        916.0,
        916.0,
        917.0,
        917.0,
        918.0,
        918.0,
        919.0,
        919.0,
        921.0,
        921.0,
        923.0,
        923.0,
        925.0,
        925.0,
        927.0,
        927.0,
        930.0,
        930.0
      ],
      "y": [
        583.0,
        584.0,
        585.0,
        591.0,
        592.0,
        594.0,
        598.0,
        598.0,
        599.0,
        599.0,
        600.0,
        600.0,
        601.0,
        601.0,
        603.0,
        603.0,
        611.0,
        612.0,
        613.0,
        614.0,
        615.0,
        616.0,
        617.0,
        619.0,
        620.0,
        621.0,
        622.0,
        623.0,
        628.0,
        629.0,
        630.0,
        631.0,
        632.0,
        633.0,
        634.0,
        636.0,
        637.0,
        640.0,
        641.0,
        643.0,
        644.0,
        645.0,
        646.0,
        647.0,
        648.0,
        649.0,
        652.0,
        652.0,
        654.0,
        757.0,
        758.0,
        762.0,
        763.0,
        763.0,
        765.0,
        765.0,
        766.0,
        766.0,
        767.0,
        767.0,
        768.0,
        768.0,
        769.0,
        769.0,
        768.0,
        768.0,
        767.0,
        767.0,
        763.0,
        762.0,
        761.0,
        758.0,
        757.0,
        755.0,
        754.0,
        754.0,
        755.0,
        757.0,
        758.0,
        762.0,
        763.0,
        767.0,
        768.0,
        774.0,
        775.0,
        791.0,
        792.0,
        798.0,
        800.0,
        800.0,
        799.0,
        799.0,
        796.0,
        796.0,
        794.0,
        794.0,
        793.0,
        792.0,
        790.0,
        789.0,
        788.0,
        784.0,
        783.0,
        782.0,
        780.0,
        780.0,
        775.0,
        774.0,
        773.0,
        768.0,
        767.0,
        754.0,
        753.0,
        747.0,
        746.0,
        700.0,
        699.0,
        691.0,
        690.0,
        682.0,
        681.0,
        677.0,
        676.0,
        674.0,
        673.0,
        672.0,
        671.0,
        669.0,
        668.0,
        667.0,
        666.0,
        665.0,
        663.0,
        662.0,
        660.0,
        660.0,
        659.0,
        659.0,
        654.0,
        649.0,
        648.0,
        639.0,
        638.0,
        631.0,
        630.0,
        628.0,
        627.0,
        626.0,
        625.0,
        624.0,
        623.0,
        622.0,
        621.0,
        620.0,
        619.0,
        618.0,
        616.0,
        615.0,
        613.0,
        612.0,
        610.0,
        609.0,
        607.0,
        606.0,
        603.0,
        583.0
      ]
    }
  }
]