[
  {
    "name": "person",
    "class": 0,
    "confidence": 0.88665,
    "box": {
      "x1": 1085.48706,
      "y1": 596.79547,
      "x2": 1161.80139,
      "y2": 805.44641
    },
    "track_id": 1,
    "segments": {
      "x": [
        1109.0,
        1108.0,
        1108.0,
        1107.0,
        1107.0,
        1106.0,
        1106.0,
        1105.0,
        1105.0,
        1104.0,
        1104.0,
        1105.0,
        1105.0,
        1106.0,
        1106.0,
        1107.0,
        1107.0,
        1111.0,
        1111.0,
        1113.0,
        1113.0,
        1114.0,
        1114.0,
        1115.0,
        1115.0,
        1116.0,
        1116.0,
        1117.0,
        1117.0,
        1116.0,
        1116.0,
        1115.0,
        1115.0,
        1114.0,
        1114.0,
        1113.0,
        1113.0,
        1111.0,
        1111.0,
        1107.0,
        1107.0,
        1106.0,
        1106.0,
        1105.0,
        1105.0,
        1104.0,
        1104.0,
        1103.0,
        1103.0,
        1102.0,
        1102.0,
        1101.0,
        1101.0,
        1096.0,
        1096.0,
        1094.0,
        1094.0,
        1093.0,
        1093.0,
        1094.0,
        1094.0,
        1096.0,
        1096.0,
        1101.0,
        1101.0,
        1102.0,
        1102.0,
        1103.0,
        1103.0,
        1104.0,
        1104.0,
        1105.0,
        1105.0,
        1104.0,
        1104.0,
        1103.0,
        1103.0,
        1102.0,
        1102.0,
        1101.0,
        1101.0,
        1100.0,
        1100.0,
        1098.0,
        1097.0,
        1096.0,
        1094.0,
        1093.0,
        1091.0,
        1090.0,
        1088.0,
        1087.0,
        1087.0,
        1094.0,
        1095.0,
        1121.0,
        1122.0,
        1123.0,
        1127.0,
        1127.0,
        1129.0,
        1129.0,
        1134.0,
        1135.0,
        1144.0,
        1145.0,
        1149.0,
        1149.0,
        1150.0,
        1150.0,
        1140.0,
        1140.0,
        1139.0,
        1139.0,
        1138.0,
        1139.0,
        1139.0,
        1140.0,
        1140.0,
        1141.0,
        1141.0,
        1145.0,
        1146.0,
        1149.0,
        1149.0,
        1150.0,
        1150.0,
        1151.0,
        1151.0,
        1152.0,
        1152.0,
        1153.0,
        1153.0,
        1154.0,
        1154.0,
        1158.0,
        1159.0,
        1160.0,
        1160.0,
        1161.0,
        1161.0,
        1154.0,
        1154.0,
        1150.0,
        1150.0,
        1145.0,
        1145.0,
        1143.0,
        1143.0,
        1142.0,
        1142.0,
        1141.0,
        1141.0,
        1140.0,
        1140.0
      ],
      "y": [
        597.0,
        598.0,
        599.0,
        600.0,
        601.0,
        602.0,
        604.0,
        605.0,
        613.0,
        614.0,
        618.0,
        619.0,
        621.0,
        622.0,
        623.0,
        624.0,
        625.0,
        629.0,
        630.0,
        632.0,
        633.0,
        634.0,
        635.0,
        636.0,
        637.0,
        638.0,
        639.0,
        640.0,
        646.0,
        647.0,
        653.0,
        654.0,
        658.0,
        659.0,
        662.0,
        663.0,
        665.0,
        667.0,
        668.0,
        672.0,
        673.0,
        674.0,
        676.0,
        677.0,
        684.0,
        685.0,
        703.0,
        704.0,
        708.0,
        709.0,
        711.0,
        712.0,
        714.0,
        719.0,
        720.0,
        722.0,
        723.0,
        724.0,
        727.0,
        728.0,
        729.0,
        731.0,
        732.0,
        737.0,
        739.0,
        740.0,
        742.0,
        743.0,
        747.0,
        748.0,
        766.0,
        767.0,
        775.0,
        776.0,
        778.0,
        779.0,
        780.0,
        781.0,
        782.0,
        783.0,
        784.0,
        785.0,
        786.0,
        788.0,
        788.0,
        789.0,
        789.0,
        790.0,
        790.0,
        791.0,
        791.0,
        792.0,
        803.0,
        803.0,
        804.0,
        804.0,
        803.0,
        803.0,
        799.0,
        798.0,
        796.0,
        795.0,
        790.0,
        790.0,
        781.0,
        781.0,
        777.0,
        776.0,
        775.0,
        772.0,
        762.0,
        757.0,
        756.0,
        750.0,
        749.0,
        748.0,
        738.0,
        737.0,
        736.0,
        735.0,
        734.0,
        730.0,
        730.0,
        727.0,
        726.0,
        725.0,
        723.0,
        722.0,
        720.0,
        719.0,
        716.0,
        715.0,
        714.0,
        713.0,
        712.0,
        708.0,
        708.0,
        707.0,
        706.0,
        705.0,
        635.0,
        628.0,
        627.0,
        623.0,
        622.0,
        617.0,
        616.0,
        614.0,
        613.0,
        612.0,
        611.0,
        610.0,
        608.0,
        607.0,
        597.0
      ]
    }
  },
  {
    "name": "person",
    "class": 0,
    "confidence": 0.79865,
    "box": {
      "x1": 829.51501,
      "y1": 571.82782,
      "x2": 931.86407,
      "y2": 791.4314
    },
    "track_id": 2,
    "segments": {
      "x": [
        868.0,
        868.0,
        866.0,
        866.0,
        865.0,
        865.0,
        864.0,
        864.0,
        863.0,
        863.0,
        862.0,
        862.0,
        861.0,
        861.0,
        860.0,
        860.0,
        854.0,
        853.0,
        849.0,
        848.0,
        844.0,
        844.0,
        843.0,
        843.0,
        842.0,
        842.0,
        841.0,
        841.0,
        840.0,
        840.0,
        839.0,
        839.0,
        838.0,
        838.0,
        839.0,
        839.0,
        840.0,
        840.0,
        841.0,
        841.0,
        842.0,
        842.0,
        843.0,
        843.0,
        850.0,
        850.0,
        851.0,
        851.0,
        850.0,
        850.0,
        849.0,
        849.0,
        848.0,
        848.0,
        847.0,
        847.0,
        846.0,
        845.0,
        844.0,
        844.0,
        842.0,
        842.0,
        840.0,
        840.0,
        839.0,
        839.0,
        838.0,
        838.0,
        832.0,
        831.0,
        830.0,
        830.0,
        831.0,
        832.0,
        833.0,
        834.0,
        835.0,
        841.0,
        842.0,
        843.0,
        844.0,
        845.0,
        847.0,
        848.0,
        859.0,
        863.0,
        863.0,
        864.0,
        864.0,
        865.0,
        865.0,
        866.0,
        866.0,
        872.0,
        872.0,
        873.0,
        873.0,
        874.0,
        874.0,
        875.0,
        875.0,
        876.0,
        876.0,
        877.0,
        877.0,
        878.0,
        878.0,
        879.0,
        879.0,
        883.0,
        884.0,
        885.0,
        886.0,
        888.0,
        889.0,
        890.0,
        891.0,
        892.0,
        894.0,
        898.0,
        898.0,
        900.0,
        901.0,
        905.0,
        908.0,
        909.0,
        912.0,
        913.0,
        915.0,
        916.0,
        921.0,
        922.0,
        927.0,
        928.0,
        929.0,
        930.0,
        930.0,
        931.0,
        931.0,
        929.0,
        928.0,
        926.0,
        925.0,
        923.0,
        922.0,
        919.0,
        918.0,
        915.0,
        915.0,
        914.0,
        914.0,
        913.0,
        913.0,
        912.0,
        912.0,
        911.0,
        911.0,
        910.0,
        910.0,
        911.0,
        911.0,
        910.0,
        910.0,
        909.0,
        909.0,
        907.0,
        907.0,
        906.0,
        906.0,
        902.0,
        902.0,
        901.0,
        901.0,
        900.0,
        900.0,
        899.0,
        899.0,
        898.0,
        898.0,
        897.0,
        897.0
      ],
      "y": [
        573.0,
        574.0,
        576.0,
        577.0,
        578.0,
        580.0,
        581.0,
        583.0,
        584.0,
        586.0,
        587.0,
        588.0,
        589.0,
        590.0,
        591.0,
        592.0,
        598.0,
        598.0,
        602.0,
        602.0,
        606.0,
        607.0,
        608.0,
        609.0,
        610.0,
        611.0,
        612.0,
        614.0,
        615.0,
        621.0,
        622.0,
        652.0,
        653.0,
        654.0,
        655.0,
        677.0,
        678.0,
        684.0,
        685.0,
        689.0,
        690.0,
        691.0,
        692.0,
        693.0,
        700.0,
        702.0,
        703.0,
        728.0,
        729.0,
        731.0,
        732.0,
        734.0,
        735.0,
        736.0,
        737.0,
        738.0,
        739.0,
        739.0,
        740.0,
        741.0,
        743.0,
        744.0,
        746.0,
        748.0,
        749.0,
        750.0,
        751.0,
        752.0,
        758.0,
        758.0,
        759.0,
        780.0,
        780.0,
        781.0,
        781.0,
        782.0,
        782.0,
        788.0,
        788.0,
        789.0,
        789.0,
        790.0,
        790.0,
        791.0,
        791.0,
        787.0,
        785.0,
        784.0,
        762.0,
        761.0,
        760.0,
        759.0,
        758.0,
        752.0,
        751.0,
        750.0,
        749.0,
        748.0,
        746.0,
        745.0,
        742.0,
        741.0,
        738.0,
        737.0,
        735.0,
        734.0,
        733.0,
        732.0,
        731.0,
        727.0,
        727.0,
        726.0,
        726.0,
        724.0,
        724.0,
        723.0,
        723.0,
        722.0,
        722.0,
        726.0,
        727.0,
        729.0,
        729.0,
        733.0,
        733.0,
        734.0,
        734.0,
        735.0,
        735.0,
        736.0,
        736.0,
        737.0,
        737.0,
        738.0,
        738.0,
        737.0,
        729.0,
        728.0,
        726.0,
        724.0,
        724.0,
        722.0,
        722.0,
        720.0,
        720.0,
        717.0,
        717.0,
        714.0,
        713.0,
        712.0,
        711.0,
        710.0,
        709.0,
        708.0,
        706.0,
        705.0,
        702.0,
        701.0,
        695.0,
        694.0,
        625.0,
        624.0,
        618.0,
        617.0,
        615.0,
        613.0,
        612.0,
        611.0,
        610.0,
        606.0,
        605.0,
        604.0,
        603.0,
        602.0,
        598.0,
        597.0,
        579.0,
        578.0,
        575.0,
        574.0,
        573.0
      ]
    }
  }
]