[
  {
    "name": "person",
    "class": 0,
    "confidence": 0.88527,
    "box": {
      "x1": 1032.29822,
      "y1": 579.06696,
      "x2": 1107.9082,
      "y2": 782.45422
    },
    "track_id": 1,
    "segments": {
      "x": [
        1040.0,
        1040.0,
        1039.0,
        1039.0,
        1038.0,
        1038.0,
        1037.0,
        1037.0,
        1036.0,
        1036.0,
        1035.0,
        1035.0,
        1034.0,
        1034.0,
        1036.0,
        1036.0,
        1041.0,
        1041.0,
        1042.0,
        1042.0,
        1043.0,
        1043.0,
        1044.0,
        1044.0,
        1053.0,
        1053.0,
        1054.0,
        1054.0,
        1045.0,
        1045.0,
        1044.0,
        1044.0,
        1043.0,
        1043.0,
        1038.0,
        1037.0,
        1036.0,
        1035.0,
        1033.0,
        1033.0,
        1034.0,
        1034.0,
        1035.0,
        1035.0,
        1036.0,
        1038.0,
        1039.0,
        1042.0,
        1042.0,
        1044.0,
        1044.0,
        1046.0,
        1046.0,
        1047.0,
        1047.0,
        1048.0,
        1048.0,
        1049.0,
        1049.0,
        1050.0,
        1050.0,
        1051.0,
        1051.0,
        1052.0,
        1052.0,
        1053.0,
        1053.0,
        1054.0,
        1054.0,
        1053.0,
        1053.0,
        1050.0,
        1049.0,
        1048.0,
        1047.0,
        1046.0,
        1045.0,
        1044.0,
        1043.0,
        1041.0,
        1040.0,
        1038.0,
        1038.0,
        1042.0,
        1043.0,
        1044.0,
        1046.0,
        1047.0,
        1049.0,
        1050.0,
        1062.0,
        1063.0,
        1064.0,
        1065.0,
        1067.0,
        1068.0,
        1069.0,
        1070.0,
        1071.0,
        1075.0,
        1075.0,
        1076.0,
        1076.0,
        1077.0,
        1077.0,
        1078.0,
        1078.0,
        1079.0,
        1079.0,
        1080.0,
        1080.0,
        1088.0,
        1088.0,
        1089.0,
        1088.0,
        1088.0,
        1087.0,
        1087.0,
        1086.0,
        1086.0,
        1085.0,
        1085.0,
        1084.0,
        1084.0,
        1083.0,
        1083.0,
        1082.0,
        1082.0,
        1081.0,
        1081.0,
        1080.0,
        1081.0,
        1081.0,
        1082.0,
        1082.0,
        1085.0,
        1086.0,
        1088.0,
        1088.0,
        1090.0,
        1090.0,
        1091.0,
        1091.0,
        1092.0,
        1092.0,
        1093.0,
        1093.0,
        1094.0,
        1094.0,
        1096.0,
        1096.0,
        1102.0,
        1102.0,
        1103.0,
        1103.0,
        1104.0,
        1104.0,
        1105.0,
        1105.0,
        1106.0,
        1106.0,
        1107.0,
        1107.0,
        1108.0,
        1108.0,
        1107.0,
        1107.0,
        1106.0,
        1106.0,
        1105.0,
        1105.0,
        1104.0,
        1104.0,
        1103.0,
        1103.0,
        1102.0,
        1102.0,
        1101.0,
        1101.0,
        1100.0,
        1100.0,
        1099.0,
        1099.0,
        1093.0,
        1093.0,
        1091.0,
        1091.0,
        1090.0,
        1090.0,
        1087.0,
        1086.0,
        1085.0,
        1084.0,
        1083.0,
        1081.0,
        1080.0,
        1079.0,
        1078.0,
        1077.0,
        1076.0,
        1075.0,
        1071.0,
        1071.0,
        1070.0,
        1070.0,
        1069.0,
        1069.0,
        1068.0,
        1068.0,
        1067.0,
        1067.0
      ],
      "y": [
        579.0,
        581.0,
        582.0,
        583.0,
        584.0,
        585.0,
        586.0,
        587.0,
        588.0,
        589.0,
        590.0,
        591.0,
        592.0,
        594.0,
        596.0,
        597.0,
        602.0,
        603.0,
        604.0,
        605.0,
        606.0,
        607.0,
        608.0,
        609.0,
        618.0,
        623.0,
        624.0,
        630.0,
        639.0,
        640.0,
        641.0,
        642.0,
        643.0,
        644.0,
        649.0,
        649.0,
        650.0,
        650.0,
        652.0,
        710.0,
        711.0,
        712.0,
        713.0,
        714.0,
        714.0,
        716.0,
        716.0,
        719.0,
        720.0,
        722.0,
        723.0,
        725.0,
        728.0,
        729.0,
        731.0,
        732.0,
        733.0,
        734.0,
        735.0,
        736.0,
        737.0,
        738.0,
        740.0,
        741.0,
        744.0,
        745.0,
        749.0,
        750.0,
        761.0,
        762.0,
        763.0,
        766.0,
        766.0,
        767.0,
        767.0,
        768.0,
        768.0,
        769.0,
        769.0,
        771.0,
        771.0,
        773.0,
        774.0,
        778.0,
        778.0,
        779.0,
        779.0,
        780.0,
        780.0,
        781.0,
        781.0,
        780.0,
        780.0,
        779.0,
        779.0,
        778.0,
        778.0,
        777.0,
        777.0,
        773.0,
        772.0,
        771.0,
        770.0,
        769.0,
        767.0,
        766.0,
        764.0,
        763.0,
        761.0,
        760.0,
        759.0,
        751.0,
        750.0,
        749.0,
        748.0,
        746.0,
        745.0,
        743.0,
        742.0,
        741.0,
        740.0,
        739.0,
        738.0,
        737.0,
        736.0,
        734.0,
        733.0,
        731.0,
        730.0,
        727.0,
        726.0,
        725.0,
        724.0,
        723.0,
        722.0,
        719.0,
        719.0,
        717.0,
        716.0,
        714.0,
        712.0,
        711.0,
        710.0,
        709.0,
        708.0,
        707.0,
        706.0,
        705.0,
        704.0,
        702.0,
        701.0,
        695.0,
        694.0,
        693.0,
        692.0,
        691.0,
        690.0,
        689.0,
        686.0,
        685.0,
        683.0,
        682.0,
        680.0,
        679.0,
        674.0,
        673.0,
        669.0,
        668.0,
        663.0,
        662.0,
        655.0,
        654.0,
        643.0,
        642.0,
        628.0,
        627.0,
        625.0,
        624.0,
        622.0,
        621.0,
        620.0,
        619.0,
        618.0,
        612.0,
        611.0,
        609.0,
        608.0,
        607.0,
        605.0,
        602.0,
        602.0,
        601.0,
        601.0,
        600.0,
        600.0,
        599.0,
        599.0,
        598.0,
        598.0,
        597.0,
        597.0,
        593.0,
        592.0,
        591.0,
        590.0,
        589.0,
        586.0,
        585.0,
        583.0,
        582.0,
        579.0
      ]
    }
  },
  {
    "name": "person",
    "class": 0,
    "confidence": 0.78833,
    "box": {
      "x1": 849.94568,
      "y1": 578.15161,
      "x2": 936.91681,
      "y2": 799.28448
    },
    "track_id": 2,
    "segments": {
      "x": [
        888.0,
        888.0,
        887.0,
        887.0,
        885.0,
        885.0,
        882.0,
        881.0,
        877.0,
        877.0,
        876.0,
        876.0,
        871.0,
        870.0,
        868.0,
        867.0,
        865.0,
        865.0,
        864.0,
        864.0,
        863.0,
        863.0,
        862.0,
        862.0,
        861.0,
        861.0,
        859.0,
        859.0,
        858.0,
        858.0,
        857.0,
        857.0,
        856.0,
        856.0,
        855.0,
        855.0,
        854.0,
        854.0,
        853.0,
        853.0,
        852.0,
        852.0,
        851.0,
        851.0,
        850.0,
        850.0,
        853.0,
        854.0,
        857.0,
        858.0,
        859.0,
        860.0,
        860.0,
        862.0,
        862.0,
        861.0,
        861.0,
        854.0,
        854.0,
        853.0,
        853.0,
        852.0,
        852.0,
        851.0,
        851.0,
        850.0,
        850.0,
        857.0,
        858.0,
        859.0,
        860.0,
        863.0,
        864.0,
        865.0,
        866.0,
        868.0,
        869.0,
        873.0,
        873.0,
        874.0,
        874.0,
        875.0,
        875.0,
        876.0,
        876.0,
        877.0,
        877.0,
        878.0,
        878.0,
        880.0,
        880.0,
        881.0,
        882.0,
        883.0,
        883.0,
        885.0,
        885.0,
        886.0,
        886.0,
        887.0,
        887.0,
        888.0,
        888.0,
        889.0,
        889.0,
        890.0,
        890.0,
        891.0,
        891.0,
        892.0,
        892.0,
        894.0,
        895.0,
        897.0,
        898.0,
        901.0,
        902.0,
        903.0,
        919.0,
        932.0,
        931.0,
        931.0,
        930.0,
        929.0,
        928.0,
        927.0,
        925.0,
        924.0,
        917.0,
        917.0,
        916.0,
        916.0,
        915.0,
        915.0,
        914.0,
        914.0,
        913.0,
        913.0,
        914.0,
        914.0,
        915.0,
        915.0,
        916.0,
        916.0,
        917.0,
        917.0,
        918.0,
        918.0,
        919.0,
        919.0,
        920.0,
        920.0,
        923.0,
        923.0,
        924.0,
        925.0,
        928.0,
        929.0,
        929.0,
        930.0,
        930.0,
        931.0,
        931.0,
        932.0,
        932.0,
        931.0,
        931.0,
        930.0,
        930.0,
        929.0,
        926.0,
        925.0,
        921.0,
        920.0,
        917.0,
        915.0,
        914.0,
        908.0,
        907.0,
        904.0,
        904.0,
        903.0,
        903.0,
        902.0,
        902.0,
        903.0,
        903.0,
        906.0,
        907.0,
        908.0,
        909.0,
        910.0,
        911.0,
        917.0,
        917.0,
        919.0,
        919.0,
        920.0,
        920.0,
        921.0,
        921.0,
        922.0,
        922.0,
        921.0,
        921.0,
        920.0,
        920.0
      ],
      "y": [
        578.0,
        584.0,
        585.0,
        593.0,
        595.0,
        596.0,
        599.0,
        599.0,
        603.0,
        604.0,
        605.0,
        606.0,
        611.0,
        611.0,
        613.0,
        613.0,
        615.0,
        616.0,
        617.0,
        619.0,
        620.0,
        622.0,
        623.0,
        625.0,
        626.0,
        627.0,
        629.0,
        630.0,
        631.0,
        632.0,
        633.0,
        634.0,
        635.0,
        636.0,
        637.0,
        639.0,
        640.0,
        643.0,
        644.0,
        651.0,
        652.0,
        661.0,
        662.0,
        670.0,
        671.0,
        706.0,
        706.0,
        707.0,
        707.0,
        708.0,
        708.0,
        709.0,
        710.0,
        712.0,
        715.0,
        716.0,
        717.0,
        724.0,
        725.0,
        726.0,
        727.0,
        728.0,
        730.0,
        731.0,
        733.0,
        734.0,
        754.0,
        761.0,
        761.0,
        760.0,
        760.0,
        757.0,
        757.0,
        756.0,
        756.0,
        754.0,
        754.0,
        750.0,
        749.0,
        748.0,
        746.0,
        745.0,
        742.0,
        741.0,
        738.0,
        737.0,
        736.0,
        735.0,
        734.0,
        732.0,
        731.0,
        730.0,
        730.0,
        731.0,
        732.0,
        734.0,
        735.0,
        736.0,
        737.0,
        738.0,
        748.0,
        749.0,
        758.0,
        759.0,
        781.0,
        782.0,
        787.0,
        788.0,
        789.0,
        790.0,
        791.0,
        793.0,
        793.0,
        795.0,
        795.0,
        798.0,
        798.0,
        799.0,
        799.0,
        786.0,
        785.0,
        784.0,
        783.0,
        783.0,
        782.0,
        782.0,
        780.0,
        780.0,
        773.0,
        771.0,
        770.0,
        769.0,
        768.0,
        766.0,
        765.0,
        762.0,
        761.0,
        756.0,
        755.0,
        734.0,
        733.0,
        727.0,
        726.0,
        719.0,
        718.0,
        713.0,
        712.0,
        707.0,
        706.0,
        704.0,
        703.0,
        701.0,
        698.0,
        697.0,
        696.0,
        696.0,
        693.0,
        693.0,
        692.0,
        691.0,
        689.0,
        688.0,
        682.0,
        681.0,
        669.0,
        668.0,
        664.0,
        663.0,
        661.0,
        660.0,
        660.0,
        659.0,
        659.0,
        658.0,
        658.0,
        656.0,
        656.0,
        650.0,
        650.0,
        647.0,
        646.0,
        645.0,
        643.0,
        642.0,
        624.0,
        623.0,
        618.0,
        615.0,
        615.0,
        614.0,
        614.0,
        613.0,
        613.0,
        607.0,
        606.0,
        604.0,
        603.0,
        602.0,
        600.0,
        599.0,
        598.0,
        597.0,
        586.0,
        585.0,
        580.0,
        579.0,
        578.0
      ]
    }
  }
]