[
  {
    "name": "person",
    "class": 0,
    "confidence": 0.86684,
    "box": {
      "x1": 1084.49622,
      "y1": 599.22876,
      "x2": 1177.58545,
      "y2": 812.90955
    },
    "track_id": 1,
    "segments": {
      "x": [
        1126.0,
        1126.0,
        1125.0,
        1125.0,
        1124.0,
        1124.0,
        1123.0,
        1123.0,
        1122.0,
        1122.0,
        1123.0,
        1123.0,
        1124.0,
        1124.0,
        1125.0,
        1125.0,
        1126.0,
        1126.0,
        1127.0,
        1127.0,
        1128.0,
        1128.0,
        1129.0,
        1129.0,
        1130.0,
        1130.0,
        1131.0,
        1131.0,
        1130.0,
        1130.0,
        1129.0,
        1129.0,
        1128.0,
        1128.0,
        1127.0,
        1127.0,
        1126.0,
        1126.0,
        1125.0,
        1125.0,
        1124.0,
        1124.0,
        1123.0,
        1123.0,
        1122.0,
        1122.0,
        1120.0,
        1120.0,
        1119.0,
        1119.0,
        1118.0,
        1118.0,
        1117.0,
        1117.0,
        1116.0,
        1116.0,
        1115.0,
        1115.0,
        1114.0,
        1114.0,
        1113.0,
        1113.0,
        1112.0,
        1112.0,
        1111.0,
        1111.0,
        1110.0,
        1110.0,
        1109.0,
        1109.0,
        1108.0,
        1108.0,
        1107.0,
        1107.0,
        1104.0,
        1104.0,
        1101.0,
        1101.0,
        1097.0,
        1096.0,
        1095.0,
        1094.0,
        1093.0,
        1091.0,
        1090.0,
        1088.0,
        1087.0,
        1087.0,
        1093.0,
        1094.0,
        1120.0,
        1121.0,
        1123.0,
        1127.0,
        1127.0,
        1128.0,
        1128.0,
        1129.0,
        1129.0,
        1131.0,
        1131.0,
        1133.0,
        1135.0,
        1136.0,
        1138.0,
        1139.0,
        1140.0,
        1141.0,
        1142.0,
        1143.0,
        1144.0,
        1145.0,
        1145.0,
        1146.0,
        1146.0,
        1147.0,
        1147.0,
        1148.0,
        1148.0,
        1150.0,
        1151.0,
        1152.0,
        1153.0,
        1154.0,
        1172.0,
        1175.0,
        1175.0,
        1174.0,
        1174.0,
        1173.0,
        1173.0,
        1167.0,
        1167.0,
        1165.0,
        1165.0,
        1164.0,
        1164.0,
        1163.0,
        1163.0,
        1162.0,
        1162.0,
        1160.0,
        1160.0,
        1154.0,
        1155.0,
        1155.0,
        1156.0,
        1156.0,
        1157.0,
        1157.0,
        1160.0,
        1160.0,
        1162.0,
        1162.0,
        1163.0,
        1163.0,
        1164.0,
        1164.0,
        1166.0,
        1166.0,
        1168.0,
        1169.0,
        1174.0,
        1174.0,
        1175.0,
        1175.0,
        1176.0,
        1176.0,
        1175.0,
        1175.0,
        1174.0,
        1174.0,
        1172.0,
        1172.0,
        1170.0,
        1169.0,
        1167.0,
        1167.0,
        1166.0,
        1166.0,
        1165.0,
        1165.0,
        1164.0,
        1164.0,
        1163.0,
        1163.0,
        1162.0,
        1162.0,
        1161.0,
        1161.0,
        1159.0,
        1159.0,
        1157.0,
        1157.0
      ],
      "y": [
        600.0,
        606.0,
        607.0,
        610.0,
        611.0,
        612.0,
        613.0,
        615.0,
        616.0,
        620.0,
        621.0,
        622.0,
        623.0,
        626.0,
        627.0,
        629.0,
        630.0,
        632.0,
        633.0,
        634.0,
        635.0,
        636.0,
        637.0,
        638.0,
        639.0,
        640.0,
        641.0,
        645.0,
        646.0,
        652.0,
        653.0,
        658.0,
        659.0,
        664.0,
        665.0,
        669.0,
        670.0,
        673.0,
        674.0,
        675.0,
        676.0,
        677.0,
        678.0,
        679.0,
        680.0,
        681.0,
        683.0,
        684.0,
        685.0,
        686.0,
        687.0,
        690.0,
        691.0,
        699.0,
        700.0,
        726.0,
        727.0,
        738.0,
        739.0,
        744.0,
        745.0,
        749.0,
        750.0,
        755.0,
        756.0,
        760.0,
        761.0,
        764.0,
        765.0,
        768.0,
        769.0,
        773.0,
        774.0,
        775.0,
        778.0,
        779.0,
        782.0,
        783.0,
        787.0,
        787.0,
        788.0,
        788.0,
        789.0,
        789.0,
        790.0,
        790.0,
        791.0,
        803.0,
        803.0,
        804.0,
        804.0,
        803.0,
        803.0,
        799.0,
        798.0,
        797.0,
        793.0,
        792.0,
        786.0,
        784.0,
        783.0,
        781.0,
        781.0,
        782.0,
        782.0,
        783.0,
        783.0,
        784.0,
        784.0,
        785.0,
        785.0,
        786.0,
        789.0,
        790.0,
        795.0,
        796.0,
        806.0,
        807.0,
        809.0,
        811.0,
        811.0,
        812.0,
        812.0,
        813.0,
        813.0,
        810.0,
        794.0,
        793.0,
        789.0,
        788.0,
        785.0,
        779.0,
        778.0,
        776.0,
        775.0,
        774.0,
        767.0,
        766.0,
        761.0,
        760.0,
        758.0,
        756.0,
        755.0,
        749.0,
        748.0,
        743.0,
        742.0,
        739.0,
        738.0,
        737.0,
        734.0,
        733.0,
        731.0,
        730.0,
        729.0,
        727.0,
        726.0,
        725.0,
        723.0,
        722.0,
        720.0,
        720.0,
        715.0,
        713.0,
        712.0,
        692.0,
        691.0,
        642.0,
        641.0,
        639.0,
        638.0,
        637.0,
        635.0,
        634.0,
        632.0,
        632.0,
        630.0,
        629.0,
        628.0,
        627.0,
        626.0,
        624.0,
        623.0,
        620.0,
        619.0,
        617.0,
        616.0,
        614.0,
        613.0,
        611.0,
        609.0,
        608.0,
        606.0,
        600.0
      ]
    }
  },
  {
    "name": "person",
    "class": 0,
    "confidence": 0.85151,
    "box": {
      "x1": 834.98529,
      "y1": 571.08728,
      "x2": 924.58563,
      "y2": 790.3891
    },
    "track_id": 2,
    "segments": {
      "x": [
        882.0,
        881.0,
        881.0,
        879.0,
        879.0,
        878.0,
        878.0,
        877.0,
        877.0,
        876.0,
        876.0,
        875.0,
        875.0,
        874.0,
        874.0,
        870.0,
        869.0,
        868.0,
        867.0,
        866.0,
        865.0,
        864.0,
        863.0,
        862.0,
        861.0,
        859.0,
        858.0,
        856.0,
        856.0,
        855.0,
        855.0,
        854.0,
        854.0,
        853.0,
        853.0,
        852.0,
        852.0,
        851.0,
        851.0,
        850.0,
        850.0,
        849.0,
        849.0,
        848.0,
        848.0,
        847.0,
        847.0,
        846.0,
        846.0,
        845.0,
        845.0,
        844.0,
        844.0,
        843.0,
        843.0,
        842.0,
        842.0,
        843.0,
        843.0,
        844.0,
        844.0,
        845.0,
        845.0,
        847.0,
        847.0,
        848.0,
        848.0,
        849.0,
        849.0,
        850.0,
        850.0,
        851.0,
        851.0,
        852.0,
        852.0,
        851.0,
        851.0,
        850.0,
        850.0,
        845.0,
        844.0,
        840.0,
        840.0,
        839.0,
        839.0,
        838.0,
        838.0,
        837.0,
        837.0,
        835.0,
        835.0,
        842.0,
        843.0,
        844.0,
        860.0,
        862.0,
        862.0,
        863.0,
        863.0,
        864.0,
        864.0,
        865.0,
        865.0,
        866.0,
        866.0,
        867.0,
        867.0,
        872.0,
        872.0,
        873.0,
        873.0,
        874.0,
        874.0,
        875.0,
        875.0,
        876.0,
        876.0,
        877.0,
        877.0,
        878.0,
        878.0,
        882.0,
        883.0,
        884.0,
        885.0,
        887.0,
        888.0,
        890.0,
        891.0,
        893.0,
        894.0,
        899.0,
        900.0,
        901.0,
        902.0,
        903.0,
        904.0,
        905.0,
        910.0,
        911.0,
        914.0,
        915.0,
        919.0,
        920.0,
        921.0,
        921.0,
        922.0,
        922.0,
        923.0,
        923.0,
        922.0,
        922.0,
        921.0,
        921.0,
        920.0,
        920.0,
        921.0,
        921.0,
        922.0,
        922.0,
        920.0,
        920.0,
        918.0,
        917.0,
        913.0,
        913.0,
        912.0,
        912.0
      ],
      "y": [
        573.0,
        574.0,
        575.0,
        577.0,
        578.0,
        579.0,
        581.0,
        582.0,
        585.0,
        586.0,
        588.0,
        589.0,
        592.0,
        593.0,
        594.0,
        598.0,
        598.0,
        599.0,
        599.0,
        600.0,
        600.0,
        601.0,
        601.0,
        602.0,
        602.0,
        604.0,
        604.0,
        606.0,
        607.0,
        608.0,
        609.0,
        610.0,
        611.0,
        612.0,
        614.0,
        615.0,
        617.0,
        618.0,
        624.0,
        625.0,
        629.0,
        630.0,
        633.0,
        634.0,
        636.0,
        637.0,
        639.0,
        640.0,
        642.0,
        643.0,
        647.0,
        648.0,
        653.0,
        654.0,
        664.0,
        665.0,
        666.0,
        667.0,
        678.0,
        679.0,
        680.0,
        681.0,
        682.0,
        684.0,
        685.0,
        686.0,
        687.0,
        688.0,
        690.0,
        691.0,
        695.0,
        696.0,
        701.0,
        702.0,
        729.0,
        730.0,
        735.0,
        736.0,
        738.0,
        743.0,
        743.0,
        747.0,
        748.0,
        749.0,
        750.0,
        751.0,
        753.0,
        754.0,
        755.0,
        757.0,
        782.0,
        789.0,
        789.0,
        790.0,
        790.0,
        788.0,
        787.0,
        786.0,
        782.0,
        781.0,
        761.0,
        760.0,
        759.0,
        758.0,
        757.0,
        756.0,
        755.0,
        750.0,
        749.0,
        748.0,
        746.0,
        745.0,
        743.0,
        742.0,
        740.0,
        739.0,
        737.0,
        736.0,
        735.0,
        734.0,
        733.0,
        729.0,
        729.0,
        728.0,
        728.0,
        726.0,
        726.0,
        724.0,
        724.0,
        722.0,
        722.0,
        727.0,
        727.0,
        728.0,
        728.0,
        729.0,
        729.0,
        730.0,
        730.0,
        731.0,
        731.0,
        732.0,
        732.0,
        731.0,
        731.0,
        730.0,
        729.0,
        728.0,
        727.0,
        724.0,
        723.0,
        720.0,
        719.0,
        716.0,
        715.0,
        710.0,
        709.0,
        697.0,
        696.0,
        616.0,
        614.0,
        613.0,
        611.0,
        611.0,
        607.0,
        606.0,
        605.0,
        573.0
      ]
    }
  }
]