[
  {
    "name": "person",
    "class": 0,
    "confidence": 0.88158,
    "box": {
      "x1": 1045.52698,
      "y1": 554.55646,
      "x2": 1127.82263,
      "y2": 742.96014
    },
    "track_id": 1,
    "segments": {
      "x": [
        1070.0,
        1070.0,
        1069.0,
        1069.0,
        1068.0,
        1068.0,
        1067.0,
        1067.0,
        1066.0,
        1066.0,
        1064.0,
        1064.0,
        1058.0,
        1058.0,
        1057.0,
        1057.0,
        1056.0,
        1056.0,
        1055.0,
        1055.0,
        1054.0,
        1054.0,
        1053.0,
        1053.0,
        1052.0,
        1052.0,
        1051.0,
        1051.0,
        1050.0,
        1050.0,
        1049.0,
        1049.0,
        1048.0,
        1048.0,
        1047.0,
        1047.0,
        1046.0,
        1047.0,
        1047.0,
        1048.0,
        1048.0,
        1049.0,
        1049.0,
        1050.0,
        1050.0,
        1051.0,
        1051.0,
        1052.0,
        1052.0,
        1053.0,
        1053.0,
        1054.0,
        1054.0,
        1055.0,
        1055.0,
        1053.0,
        1053.0,
        1051.0,
        1050.0,
        1049.0,
        1048.0,
        1046.0,
        1045.0,
        1045.0,
        1046.0,
        1047.0,
        1051.0,
        1052.0,
        1053.0,
        1056.0,
        1056.0,
        1059.0,
        1060.0,
        1061.0,
        1063.0,
        1064.0,
        1066.0,
        1067.0,
        1068.0,
        1071.0,
        1072.0,
        1073.0,
        1074.0,
        1075.0,
        1076.0,
        1077.0,
        1079.0,
        1080.0,
        1082.0,
        1083.0,
        1086.0,
        1088.0,
        1089.0,
        1089.0,
        1091.0,
        1091.0,
        1092.0,
        1092.0,
        1093.0,
        1093.0,
        1094.0,
        1094.0,
        1095.0,
        1095.0,
        1097.0,
        1097.0,
        1099.0,
        1099.0,
        1100.0,
        1100.0,
        1101.0,
        1101.0,
        1102.0,
        1102.0,
        1103.0,
        1103.0,
        1104.0,
        1104.0,
        1105.0,
        1105.0,
        1106.0,
        1106.0,
        1107.0,
        1107.0,
        1108.0,
        1108.0,
        1109.0,
        1110.0,
        1111.0,
        1111.0,
        1112.0,
        1112.0,
        1113.0,
        1113.0,
        1115.0,
        1115.0,
        1118.0,
        1119.0,
        1120.0,
        1122.0,
        1126.0,
        1126.0,
        1127.0,
        1127.0,
        1126.0,
        1126.0,
        1125.0,
        1125.0,
        1124.0,
        1124.0,
        1123.0,
        1122.0,
        1115.0,
        1115.0,
        1114.0,
        1114.0,
        1109.0,
        1108.0,
        1106.0,
        1106.0,
        1104.0,
        1104.0,
        1103.0,
        1103.0,
        1102.0,
        1102.0,
        1101.0
      ],
      "y": [
        555.0,
        556.0,
        557.0,
        564.0,
        565.0,
        572.0,
        573.0,
        578.0,
        579.0,
        582.0,
        584.0,
        585.0,
        591.0,
        592.0,
        593.0,
        595.0,
        596.0,
        599.0,
        600.0,
        604.0,
        605.0,
        608.0,
        609.0,
        612.0,
        613.0,
        614.0,
        615.0,
        617.0,
        618.0,
        620.0,
        621.0,
        623.0,
        624.0,
        627.0,
        628.0,
        640.0,
        641.0,
        642.0,
        644.0,
        645.0,
        647.0,
        648.0,
        649.0,
        650.0,
        652.0,
        653.0,
        658.0,
        659.0,
        668.0,
        669.0,
        684.0,
        685.0,
        700.0,
        701.0,
        714.0,
        716.0,
        717.0,
        719.0,
        719.0,
        720.0,
        720.0,
        722.0,
        722.0,
        741.0,
        741.0,
        742.0,
        742.0,
        741.0,
        741.0,
        738.0,
        737.0,
        734.0,
        734.0,
        733.0,
        733.0,
        734.0,
        734.0,
        735.0,
        735.0,
        738.0,
        738.0,
        739.0,
        739.0,
        740.0,
        740.0,
        741.0,
        741.0,
        742.0,
        742.0,
        743.0,
        743.0,
        741.0,
        741.0,
        740.0,
        738.0,
        725.0,
        724.0,
        710.0,
        709.0,
        705.0,
        704.0,
        701.0,
        700.0,
        699.0,
        697.0,
        696.0,
        694.0,
        693.0,
        692.0,
        690.0,
        689.0,
        687.0,
        686.0,
        683.0,
        682.0,
        679.0,
        678.0,
        673.0,
        672.0,
        668.0,
        667.0,
        665.0,
        664.0,
        663.0,
        662.0,
        661.0,
        660.0,
        660.0,
        661.0,
        662.0,
        663.0,
        664.0,
        665.0,
        666.0,
        668.0,
        669.0,
        672.0,
        672.0,
        673.0,
        673.0,
        669.0,
        668.0,
        667.0,
        601.0,
        600.0,
        597.0,
        596.0,
        594.0,
        593.0,
        592.0,
        591.0,
        591.0,
        584.0,
        583.0,
        582.0,
        581.0,
        576.0,
        576.0,
        574.0,
        573.0,
        571.0,
        569.0,
        568.0,
        561.0,
        560.0,
        556.0,
        555.0
      ]
    }
  },
  {
    "name": "person",
    "class": 0,
    "confidence": 0.89797,
    "box": {
      "x1": 797.05249,
      "y1": 587.91046,
      "x2": 918.43121,
      "y2": 800.17419
    },
    "track_id": 2,
    "segments": {
      "x": [
        886.0,
        885.0,
        885.0,
        884.0,
        884.0,
        880.0,
        878.0,
        877.0,
        875.0,
        874.0,
        872.0,
        871.0,
        868.0,
        867.0,
        865.0,
        864.0,
        863.0,
        861.0,
        860.0,
        855.0,
        855.0,
        853.0,
        853.0,
        852.0,
        852.0,
        851.0,
        851.0,
        850.0,
        850.0,
        842.0,
        842.0,
        841.0,
        841.0,
        840.0,
        840.0,
        839.0,
        839.0,
        838.0,
        838.0,
        837.0,
        837.0,
        836.0,
        836.0,
        834.0,
        834.0,
        831.0,
        831.0,
        830.0,
        830.0,
        829.0,
        829.0,
        828.0,
        828.0,
        827.0,
        827.0,
        826.0,
        826.0,
        825.0,
        825.0,
        824.0,
        824.0,
        822.0,
        822.0,
        820.0,
        820.0,
        819.0,
        819.0,
        818.0,
        818.0,
        817.0,
        817.0,
        816.0,
        816.0,
        815.0,
        815.0,
        814.0,
        814.0,
        813.0,
        813.0,
        811.0,
        811.0,
        806.0,
        806.0,
        804.0,
        804.0,
        803.0,
        803.0,
        802.0,
        802.0,
        801.0,
        801.0,
        800.0,
        800.0,
        799.0,
        799.0,
        798.0,
        798.0,
        802.0,
        803.0,
        810.0,
        811.0,
        813.0,
        814.0,
        815.0,
        816.0,
        817.0,
        818.0,
        819.0,
        824.0,
        824.0,
        825.0,
        825.0,
        826.0,
        826.0,
        827.0,
        827.0,
        828.0,
        828.0,
        829.0,
        829.0,
        830.0,
        830.0,
        831.0,
        831.0,
        832.0,
        832.0,
        835.0,
        835.0,
        837.0,
        837.0,
        838.0,
        838.0,
        839.0,
        839.0,
        840.0,
        840.0,
        842.0,
        842.0,
        845.0,
        846.0,
        847.0,
        848.0,
        858.0,
        858.0,
        861.0,
        861.0,
        862.0,
        862.0,
        863.0,
        863.0,
        864.0,
        864.0,
        865.0,
        865.0,
        866.0,
        866.0,
        867.0,
        867.0,
        868.0,
        868.0,
        869.0,
        869.0,
        870.0,
        870.0,
        871.0,
        871.0,
        872.0,
        872.0,
        873.0,
        873.0,
        874.0,
        874.0,
        875.0,
        875.0,
        877.0,
        891.0,
        892.0,
        893.0,
        895.0,
        895.0,
        896.0,
        896.0,
        897.0,
        897.0,
        898.0,
        898.0,
        899.0,
        899.0,
        900.0,
        899.0,
        899.0,
        898.0,
        898.0,
        897.0,
        897.0,
        896.0,
        896.0,
        895.0,
        895.0,
        894.0,
        894.0,
        893.0,
        893.0,
        892.0,
        892.0,
        891.0,
        891.0,
        890.0,
        890.0,
        889.0,
        889.0,
        888.0,
        888.0,
        887.0,
        887.0,
        888.0,
        888.0,
        889.0,
        889.0,
        890.0,
        890.0,
        891.0,
        891.0,
        892.0,
        892.0,
        896.0,
        897.0,
        901.0,
        901.0,
        903.0,
        903.0,
        904.0,
        904.0,
        905.0,
        905.0,
        904.0,
        904.0,
        903.0,
        903.0,
        902.0,
        902.0,
        901.0,
        901.0,
        900.0,
        900.0,
        901.0,
        901.0,
        903.0,
        903.0,
        907.0,
        907.0,
        909.0,
        909.0,
        910.0,
        910.0,
        912.0,
        912.0,
        913.0,
        913.0,
        914.0,
        914.0,
        915.0,
        915.0,
        914.0,
        914.0,
        913.0,
        913.0,
        912.0
      ],
      "y": [
        588.0,
        589.0,
        591.0,
        592.0,
        593.0,
        597.0,
        597.0,
        598.0,
        598.0,
        599.0,
        599.0,
        600.0,
        600.0,
        601.0,
        601.0,
        602.0,
        602.0,
        604.0,
        604.0,
        609.0,
        610.0,
        612.0,
        613.0,
        614.0,
        616.0,
        617.0,
        618.0,
        619.0,
        620.0,
        628.0,
        629.0,
        630.0,
        634.0,
        635.0,
        640.0,
        641.0,
        644.0,
        645.0,
        647.0,
        648.0,
        649.0,
        650.0,
        651.0,
        653.0,
        654.0,
        657.0,
        658.0,
        659.0,
        661.0,
        662.0,
        664.0,
        665.0,
        673.0,
        674.0,
        682.0,
        683.0,
        687.0,
        688.0,
        691.0,
        692.0,
        693.0,
        695.0,
        696.0,
        698.0,
        699.0,
        700.0,
        702.0,
        703.0,
        705.0,
        706.0,
        709.0,
        710.0,
        713.0,
        714.0,
        716.0,
        717.0,
        719.0,
        720.0,
        721.0,
        723.0,
        724.0,
        729.0,
        730.0,
        732.0,
        733.0,
        734.0,
        735.0,
        736.0,
        738.0,
        739.0,
        740.0,
        741.0,
        742.0,
        743.0,
        744.0,
        745.0,
        778.0,
        778.0,
        779.0,
        779.0,
        778.0,
        778.0,
        777.0,
        777.0,
        776.0,
        776.0,
        775.0,
        775.0,
        770.0,
        769.0,
        768.0,
        767.0,
        766.0,
        764.0,
        763.0,
        758.0,
        757.0,
        748.0,
        747.0,
        744.0,
        743.0,
        742.0,
        741.0,
        740.0,
        739.0,
        738.0,
        735.0,
        734.0,
        732.0,
        731.0,
        730.0,
        729.0,
        728.0,
        726.0,
        725.0,
        723.0,
        721.0,
        720.0,
        717.0,
        717.0,
        718.0,
        718.0,
        728.0,
        729.0,
        732.0,
        733.0,
        734.0,
        735.0,
        736.0,
        739.0,
        740.0,
        743.0,
        744.0,
        747.0,
        748.0,
        751.0,
        752.0,
        755.0,
        756.0,
        758.0,
        759.0,
        760.0,
        761.0,
        765.0,
        766.0,
        772.0,
        773.0,
        785.0,
        786.0,
        789.0,
        790.0,
        794.0,
        795.0,
        798.0,
        800.0,
        800.0,
        799.0,
        799.0,
        797.0,
        796.0,
        795.0,
        794.0,
        793.0,
        792.0,
        791.0,
        790.0,
        789.0,
        786.0,
        785.0,
        784.0,
        780.0,
        779.0,
        775.0,
        774.0,
        733.0,
        732.0,
        728.0,
        727.0,
        725.0,
        724.0,
        723.0,
        722.0,
        721.0,
        720.0,
        718.0,
        717.0,
        716.0,
        715.0,
        710.0,
        709.0,
        701.0,
        700.0,
        693.0,
        692.0,
        688.0,
        687.0,
        681.0,
        680.0,
        677.0,
        676.0,
        674.0,
        673.0,
        672.0,
        671.0,
        670.0,
        666.0,
        666.0,
        662.0,
        661.0,
        659.0,
        658.0,
        657.0,
        655.0,
        654.0,
        653.0,
        652.0,
        651.0,
        650.0,
        649.0,
        648.0,
        645.0,
        644.0,
        636.0,
        635.0,
        629.0,
        628.0,
        626.0,
        624.0,
        623.0,
        619.0,
        618.0,
        616.0,
        615.0,
        614.0,
        613.0,
        611.0,
        610.0,
        609.0,
        608.0,
        607.0,
        606.0,
        605.0,
        601.0,
        600.0,
        592.0,
        591.0,
        589.0,
        588.0
      ]
    }
  }
]