[
  {
    "name": "person",
    "class": 0,
    "confidence": 0.90332,
    "box": {
      "x1": 1018.84039,
      "y1": 555.52325,
      "x2": 1117.40259,
      "y2": 751.93298
    },
    "track_id": 1,
    "segments": {
      "x": [
        1065.0,
        1065.0,
        1064.0,
        1064.0,
        1063.0,
        1063.0,
        1061.0,
        1061.0,
        1060.0,
        1060.0,
        1059.0,
        1059.0,
        1058.0,
        1058.0,
        1057.0,
        1057.0,
        1056.0,
        1056.0,
        1055.0,
        1055.0,
        1054.0,
        1054.0,
        1053.0,
        1053.0,
        1046.0,
        1046.0,
        1045.0,
        1045.0,
        1044.0,
        1044.0,
        1043.0,
        1043.0,
        1042.0,
        1042.0,
        1043.0,
        1043.0,
        1042.0,
        1042.0,
        1041.0,
        1041.0,
        1040.0,
        1040.0,
        1038.0,
        1038.0,
        1036.0,
        1036.0,
        1035.0,
        1035.0,
        1034.0,
        1034.0,
        1033.0,
        1033.0,
        1032.0,
        1032.0,
        1031.0,
        1031.0,
        1030.0,
        1030.0,
        1026.0,
        1024.0,
        1023.0,
        1021.0,
        1019.0,
        1019.0,
        1032.0,
        1037.0,
        1038.0,
        1040.0,
        1041.0,
        1046.0,
        1046.0,
        1052.0,
        1052.0,
        1053.0,
        1053.0,
        1054.0,
        1054.0,
        1055.0,
        1055.0,
        1056.0,
        1056.0,
        1057.0,
        1057.0,
        1058.0,
        1058.0,
        1059.0,
        1059.0,
        1062.0,
        1063.0,
        1065.0,
        1069.0,
        1069.0,
        1070.0,
        1070.0,
        1071.0,
        1071.0,
        1070.0,
        1070.0,
        1074.0,
        1077.0,
        1078.0,
        1082.0,
        1083.0,
        1086.0,
        1087.0,
        1088.0,
        1093.0,
        1093.0,
        1092.0,
        1092.0,
        1093.0,
        1093.0,
        1094.0,
        1094.0,
        1095.0,
        1095.0,
        1100.0,
        1100.0,
        1102.0,
        1102.0,
        1103.0,
        1103.0,
        1104.0,
        1104.0,
        1105.0,
        1105.0,
        1110.0,
        1110.0,
        1112.0,
        1112.0,
        1113.0,
        1113.0,
        1114.0,
        1114.0,
        1115.0,
        1115.0,
        1116.0,
        1116.0,
        1117.0,
        1117.0,
        1116.0,
        1116.0,
        1115.0,
        1115.0,
        1114.0,
        1114.0,
        1109.0,
        1108.0,
        1104.0,
        1104.0,
        1103.0,
        1103.0,
        1101.0,
        1101.0,
        1099.0,
        1098.0,
        1093.0,
        1093.0
      ],
      "y": [
        556.0,
        557.0,
        558.0,
        559.0,
        560.0,
        562.0,
        564.0,
        565.0,
        566.0,
        568.0,
        569.0,
        571.0,
        572.0,
        574.0,
        575.0,
        578.0,
        579.0,
        584.0,
        585.0,
        589.0,
        590.0,
        593.0,
        594.0,
        595.0,
        602.0,
        603.0,
        604.0,
        609.0,
        610.0,
        627.0,
        628.0,
        642.0,
        643.0,
        657.0,
        658.0,
        688.0,
        689.0,
        692.0,
        693.0,
        694.0,
        695.0,
        696.0,
        698.0,
        699.0,
        701.0,
        702.0,
        703.0,
        704.0,
        705.0,
        707.0,
        708.0,
        711.0,
        712.0,
        718.0,
        719.0,
        725.0,
        726.0,
        727.0,
        731.0,
        731.0,
        732.0,
        732.0,
        734.0,
        751.0,
        751.0,
        746.0,
        746.0,
        744.0,
        744.0,
        739.0,
        738.0,
        732.0,
        731.0,
        730.0,
        729.0,
        728.0,
        726.0,
        725.0,
        713.0,
        712.0,
        710.0,
        709.0,
        707.0,
        706.0,
        705.0,
        704.0,
        703.0,
        700.0,
        701.0,
        701.0,
        705.0,
        706.0,
        707.0,
        709.0,
        710.0,
        727.0,
        728.0,
        738.0,
        742.0,
        742.0,
        743.0,
        743.0,
        744.0,
        744.0,
        743.0,
        743.0,
        738.0,
        734.0,
        733.0,
        700.0,
        699.0,
        694.0,
        693.0,
        690.0,
        689.0,
        688.0,
        683.0,
        682.0,
        680.0,
        678.0,
        677.0,
        676.0,
        675.0,
        674.0,
        673.0,
        672.0,
        667.0,
        666.0,
        664.0,
        662.0,
        661.0,
        659.0,
        658.0,
        656.0,
        655.0,
        642.0,
        641.0,
        622.0,
        621.0,
        617.0,
        616.0,
        603.0,
        602.0,
        594.0,
        593.0,
        592.0,
        587.0,
        587.0,
        583.0,
        582.0,
        581.0,
        580.0,
        578.0,
        577.0,
        575.0,
        575.0,
        570.0,
        556.0
      ]
    }
  },
  {
    "name": "person",
    "class": 0,
    "confidence": 0.87422,
    "box": {
      "x1": 841.23755,
      "y1": 582.88647,
      "x2": 931.07855,
      "y2": 800.56256
    },
    "track_id": 2,
    "segments": {
      "x": [
        900.0,
        900.0,
        899.0,
        899.0,
        898.0,
        898.0,
        894.0,
        892.0,
        891.0,
        885.0,
        884.0,
        880.0,
        879.0,
        877.0,
        876.0,
        875.0,
        873.0,
        872.0,
        867.0,
        867.0,
        865.0,
        865.0,
        864.0,
        864.0,
        863.0,
        863.0,
        862.0,
        862.0,
        861.0,
        861.0,
        855.0,
        855.0,
        854.0,
        854.0,
        853.0,
        853.0,
        852.0,
        852.0,
        851.0,
        851.0,
        850.0,
        850.0,
        849.0,
        849.0,
        843.0,
        842.0,
        841.0,
        841.0,
        845.0,
        859.0,
        860.0,
        861.0,
        866.0,
        866.0,
        867.0,
        867.0,
        868.0,
        868.0,
        869.0,
        870.0,
        871.0,
        871.0,
        872.0,
        872.0,
        873.0,
        873.0,
        874.0,
        874.0,
        875.0,
        875.0,
        876.0,
        876.0,
        877.0,
        877.0,
        898.0,
        899.0,
        900.0,
        901.0,
        902.0,
        907.0,
        907.0,
        908.0,
        908.0,
        909.0,
        909.0,
        910.0,
        910.0,
        908.0,
        908.0,
        907.0,
        906.0,
        900.0,
        900.0,
        899.0,
        899.0,
        898.0,
        898.0,
        897.0,
        897.0,
        896.0,
        896.0,
        895.0,
        895.0,
        896.0,
        896.0,
        897.0,
        897.0,
        898.0,
        898.0,
        899.0,
        899.0,
        900.0,
        900.0,
        901.0,
        901.0,
        906.0,
        907.0,
        911.0,
        911.0,
        912.0,
        912.0,
        913.0,
        913.0,
        914.0,
        914.0,
        915.0,
        915.0,
        916.0,
        916.0,
        918.0,
        918.0,
        919.0,
        919.0,
        920.0,
        920.0,
        922.0,
        922.0,
        924.0,
        924.0,
        926.0,
        926.0,
        929.0,
        929.0,
        931.0,
        931.0
      ],
      "y": [
        583.0,
        584.0,
        585.0,
        590.0,
        591.0,
        594.0,
        598.0,
        598.0,
        599.0,
        599.0,
        600.0,
        600.0,
        601.0,
        601.0,
        602.0,
        602.0,
        604.0,
        604.0,
        609.0,
        610.0,
        612.0,
        613.0,
        614.0,
        616.0,
        617.0,
        619.0,
        620.0,
        621.0,
        622.0,
        623.0,
        629.0,
        630.0,
        631.0,
        633.0,
        634.0,
        636.0,
        637.0,
        640.0,
        641.0,
        643.0,
        644.0,
        645.0,
        646.0,
        647.0,
        653.0,
        653.0,
        654.0,
        765.0,
        769.0,
        769.0,
        768.0,
        768.0,
        763.0,
        760.0,
        759.0,
        755.0,
        754.0,
        750.0,
        749.0,
        749.0,
        750.0,
        754.0,
        755.0,
        760.0,
        761.0,
        769.0,
        770.0,
        785.0,
        786.0,
        796.0,
        797.0,
        798.0,
        799.0,
        800.0,
        800.0,
        799.0,
        799.0,
        798.0,
        798.0,
        793.0,
        792.0,
        791.0,
        790.0,
        789.0,
        788.0,
        787.0,
        785.0,
        783.0,
        782.0,
        781.0,
        781.0,
        775.0,
        774.0,
        773.0,
        762.0,
        761.0,
        695.0,
        694.0,
        688.0,
        687.0,
        681.0,
        680.0,
        677.0,
        676.0,
        675.0,
        674.0,
        673.0,
        672.0,
        671.0,
        670.0,
        669.0,
        668.0,
        667.0,
        666.0,
        665.0,
        660.0,
        660.0,
        656.0,
        655.0,
        654.0,
        638.0,
        637.0,
        630.0,
        629.0,
        628.0,
        627.0,
        626.0,
        625.0,
        624.0,
        622.0,
        621.0,
        620.0,
        619.0,
        618.0,
        617.0,
        615.0,
        614.0,
        612.0,
        611.0,
        609.0,
        608.0,
        605.0,
        604.0,
        602.0,
        583.0
      ]
    }
  }
]