[
  {
    "name": "person",
    "class": 0,
    "confidence": 0.88325,
    "box": {
      "x1": 1010.9306,
      "y1": 556.42285,
      "x2": 1099.51709,
      "y2": 752.92633
    },
    "track_id": 1,
    "segments": {
      "x": [
        1041.0,
        1041.0,
        1040.0,
        1040.0,
        1038.0,
        1038.0,
        1037.0,
        1037.0,
        1036.0,
        1036.0,
        1035.0,
        1035.0,
        1034.0,
        1034.0,
        1033.0,
        1033.0,
        1032.0,
        1032.0,
        1031.0,
        1031.0,
        1030.0,
        1030.0,
        1029.0,
        1029.0,
        1022.0,
        1022.0,
        1021.0,
        1021.0,
        1020.0,
        1020.0,
        1019.0,
        1019.0,
        1018.0,
        1018.0,
        1017.0,
        1017.0,
        1015.0,
        1015.0,
        1014.0,
        1012.0,
        1012.0,
        1014.0,
        1016.0,
        1017.0,
        1018.0,
        1018.0,
        1025.0,
        1026.0,
        1030.0,
        1030.0,
        1031.0,
        1031.0,
        1032.0,
        1032.0,
        1031.0,
        1031.0,
        1030.0,
        1030.0,
        1024.0,
        1023.0,
        1022.0,
        1022.0,
        1020.0,
        1020.0,
        1019.0,
        1019.0,
        1018.0,
        1018.0,
        1017.0,
        1017.0,
        1020.0,
        1030.0,
        1031.0,
        1032.0,
        1034.0,
        1034.0,
        1035.0,
        1036.0,
        1044.0,
        1044.0,
        1045.0,
        1045.0,
        1046.0,
        1046.0,
        1047.0,
        1047.0,
        1049.0,
        1049.0,
        1051.0,
        1051.0,
        1052.0,
        1052.0,
        1053.0,
        1053.0,
        1054.0,
        1054.0,
        1055.0,
        1055.0,
        1056.0,
        1056.0,
        1057.0,
        1057.0,
        1061.0,
        1062.0,
        1066.0,
        1066.0,
        1067.0,
        1067.0,
        1068.0,
        1068.0,
        1069.0,
        1069.0,
        1070.0,
        1070.0,
        1074.0,
        1083.0,
        1084.0,
        1085.0,
        1086.0,
        1087.0,
        1090.0,
        1090.0,
        1092.0,
        1092.0,
        1091.0,
        1091.0,
        1090.0,
        1090.0,
        1089.0,
        1089.0,
        1090.0,
        1090.0,
        1091.0,
        1091.0,
        1092.0,
        1092.0,
        1093.0,
        1093.0,
        1095.0,
        1095.0,
        1097.0,
        1098.0,
        1100.0,
        1100.0,
        1099.0,
        1099.0,
        1094.0,
        1094.0,
        1093.0,
        1093.0,
        1092.0,
        1092.0,
        1091.0,
        1091.0,
        1089.0,
        1089.0,
        1087.0,
        1086.0,
        1081.0,
        1081.0,
        1077.0,
        1076.0,
        1075.0,
        1074.0,
        1069.0,
        1069.0,
        1068.0,
        1068.0
      ],
      "y": [
        557.0,
        559.0,
        560.0,
        562.0,
        564.0,
        565.0,
        566.0,
        567.0,
        568.0,
        570.0,
        571.0,
        574.0,
        575.0,
        579.0,
        580.0,
        587.0,
        588.0,
        597.0,
        598.0,
        605.0,
        606.0,
        607.0,
        608.0,
        609.0,
        616.0,
        618.0,
        619.0,
        623.0,
        624.0,
        629.0,
        630.0,
        632.0,
        633.0,
        635.0,
        636.0,
        637.0,
        639.0,
        640.0,
        641.0,
        641.0,
        670.0,
        670.0,
        668.0,
        668.0,
        667.0,
        666.0,
        659.0,
        659.0,
        663.0,
        664.0,
        665.0,
        669.0,
        670.0,
        710.0,
        711.0,
        723.0,
        724.0,
        726.0,
        732.0,
        732.0,
        733.0,
        734.0,
        736.0,
        737.0,
        738.0,
        742.0,
        743.0,
        746.0,
        747.0,
        750.0,
        753.0,
        753.0,
        752.0,
        752.0,
        750.0,
        749.0,
        748.0,
        748.0,
        740.0,
        739.0,
        738.0,
        736.0,
        735.0,
        734.0,
        733.0,
        732.0,
        730.0,
        729.0,
        727.0,
        726.0,
        725.0,
        723.0,
        722.0,
        720.0,
        719.0,
        715.0,
        714.0,
        707.0,
        706.0,
        701.0,
        700.0,
        699.0,
        695.0,
        695.0,
        699.0,
        700.0,
        701.0,
        709.0,
        710.0,
        724.0,
        725.0,
        739.0,
        740.0,
        741.0,
        745.0,
        745.0,
        746.0,
        746.0,
        745.0,
        745.0,
        742.0,
        741.0,
        739.0,
        729.0,
        728.0,
        700.0,
        699.0,
        691.0,
        690.0,
        688.0,
        687.0,
        677.0,
        676.0,
        664.0,
        663.0,
        657.0,
        656.0,
        653.0,
        651.0,
        650.0,
        648.0,
        648.0,
        646.0,
        606.0,
        605.0,
        604.0,
        599.0,
        598.0,
        597.0,
        596.0,
        595.0,
        593.0,
        592.0,
        591.0,
        589.0,
        588.0,
        586.0,
        586.0,
        581.0,
        580.0,
        576.0,
        576.0,
        575.0,
        575.0,
        570.0,
        567.0,
        566.0,
        557.0
      ]
    }
  },
  {
    "name": "person",
    "class": 0,
    "confidence": 0.86821,
    "box": {
      "x1": 842.88049,
      "y1": 577.02399,
      "x2": 926.89899,
      "y2": 801.82367
    },
    "track_id": 2,
    "segments": {
      "x": [
        897.0,
        896.0,
        896.0,
        893.0,
        892.0,
        884.0,
        884.0,
        882.0,
        881.0,
        880.0,
        879.0,
        878.0,
        876.0,
        875.0,
        873.0,
        872.0,
        869.0,
        864.0,
        864.0,
        863.0,
        863.0,
        862.0,
        862.0,
        861.0,
        861.0,
        857.0,
        857.0,
        855.0,
        855.0,
        854.0,
        854.0,
        853.0,
        853.0,
        852.0,
        852.0,
        851.0,
        851.0,
        850.0,
        850.0,
        849.0,
        849.0,
        848.0,
        848.0,
        847.0,
        847.0,
        845.0,
        844.0,
        843.0,
        843.0,
        844.0,
        845.0,
        848.0,
        848.0,
        849.0,
        849.0,
        850.0,
        850.0,
        851.0,
        851.0,
        852.0,
        852.0,
        857.0,
        858.0,
        859.0,
        861.0,
        862.0,
        863.0,
        864.0,
        865.0,
        866.0,
        867.0,
        869.0,
        870.0,
        871.0,
        871.0,
        872.0,
        872.0,
        873.0,
        873.0,
        874.0,
        874.0,
        875.0,
        875.0,
        876.0,
        876.0,
        878.0,
        904.0,
        905.0,
        906.0,
        909.0,
        909.0,
        910.0,
        910.0,
        911.0,
        911.0,
        912.0,
        912.0,
        906.0,
        905.0,
        902.0,
        902.0,
        901.0,
        901.0,
        900.0,
        900.0,
        899.0,
        899.0,
        900.0,
        900.0,
        901.0,
        901.0,
        902.0,
        902.0,
        903.0,
        903.0,
        904.0,
        904.0,
        906.0,
        906.0,
        907.0,
        907.0,
        906.0,
        906.0,
        905.0,
        905.0,
        904.0,
        904.0,
        903.0,
        903.0,
        902.0,
        902.0,
        901.0,
        901.0,
        900.0,
        900.0,
        899.0,
        899.0,
        900.0,
        900.0,
        901.0,
        901.0,
        907.0,
        908.0,
        912.0,
        912.0,
        915.0,
        915.0,
        917.0,
        914.0,
        914.0,
        913.0,
        913.0,
        912.0,
        912.0,
        911.0,
        911.0,
        912.0,
        912.0,
        914.0,
        914.0,
        918.0,
        919.0,
        919.0,
        921.0,
        921.0,
        922.0,
        922.0,
        923.0,
        923.0,
        924.0,
        924.0,
        925.0,
        925.0,
        924.0
      ],
      "y": [
        579.0,
        580.0,
        582.0,
        585.0,
        585.0,
        593.0,
        594.0,
        596.0,
        596.0,
        597.0,
        597.0,
        598.0,
        598.0,
        599.0,
        599.0,
        600.0,
        600.0,
        605.0,
        606.0,
        607.0,
        609.0,
        610.0,
        611.0,
        612.0,
        613.0,
        617.0,
        618.0,
        620.0,
        621.0,
        622.0,
        624.0,
        625.0,
        627.0,
        628.0,
        632.0,
        633.0,
        639.0,
        640.0,
        643.0,
        644.0,
        645.0,
        646.0,
        647.0,
        648.0,
        649.0,
        651.0,
        651.0,
        652.0,
        697.0,
        698.0,
        698.0,
        701.0,
        702.0,
        703.0,
        707.0,
        708.0,
        758.0,
        759.0,
        762.0,
        763.0,
        764.0,
        769.0,
        769.0,
        768.0,
        768.0,
        767.0,
        767.0,
        766.0,
        766.0,
        765.0,
        765.0,
        763.0,
        763.0,
        764.0,
        765.0,
        766.0,
        767.0,
        768.0,
        770.0,
        771.0,
        773.0,
        774.0,
        796.0,
        797.0,
        799.0,
        801.0,
        801.0,
        800.0,
        800.0,
        797.0,
        796.0,
        795.0,
        793.0,
        792.0,
        789.0,
        788.0,
        785.0,
        779.0,
        779.0,
        776.0,
        775.0,
        774.0,
        772.0,
        771.0,
        764.0,
        763.0,
        751.0,
        750.0,
        741.0,
        740.0,
        736.0,
        735.0,
        734.0,
        733.0,
        732.0,
        731.0,
        730.0,
        728.0,
        727.0,
        726.0,
        713.0,
        712.0,
        711.0,
        710.0,
        709.0,
        708.0,
        707.0,
        706.0,
        705.0,
        704.0,
        702.0,
        701.0,
        697.0,
        696.0,
        689.0,
        688.0,
        677.0,
        676.0,
        674.0,
        673.0,
        671.0,
        665.0,
        665.0,
        661.0,
        660.0,
        657.0,
        656.0,
        654.0,
        651.0,
        650.0,
        649.0,
        648.0,
        647.0,
        644.0,
        643.0,
        617.0,
        616.0,
        615.0,
        613.0,
        612.0,
        608.0,
        608.0,
        607.0,
        605.0,
        603.0,
        602.0,
        600.0,
        599.0,
        596.0,
        595.0,
        588.0,
        587.0,
        580.0,
        579.0
      ]
    }
  }
]