[
  {
    "name": "person",
    "class": 0,
    "confidence": 0.86877,
    "box": {
      "x1": 1186.13782,
      "y1": 636.76245,
      "x2": 1277.22876,
      "y2": 861.67535
    },
    "track_id": 1,
    "segments": {
      "x": [
        1216.0,
        1216.0,
        1215.0,
        1215.0,
        1214.0,
        1214.0,
        1213.0,
        1213.0,
        1212.0,
        1212.0,
        1213.0,
        1213.0,
        1214.0,
        1214.0,
        1215.0,
        1215.0,
        1216.0,
        1216.0,
        1217.0,
        1217.0,
        1219.0,
        1219.0,
        1220.0,
        1220.0,
        1221.0,
        1221.0,
        1222.0,
        1222.0,
        1221.0,
        1221.0,
        1215.0,
        1215.0,
        1214.0,
        1214.0,
        1213.0,
        1213.0,
        1212.0,
        1212.0,
        1211.0,
        1211.0,
        1210.0,
        1210.0,
        1209.0,
        1209.0,
        1201.0,
        1201.0,
        1200.0,
        1200.0,
        1199.0,
        1199.0,
        1195.0,
        1194.0,
        1193.0,
        1188.0,
        1187.0,
        1186.0,
        1186.0,
        1189.0,
        1190.0,
        1194.0,
        1195.0,
        1196.0,
        1199.0,
        1199.0,
        1200.0,
        1200.0,
        1201.0,
        1201.0,
        1202.0,
        1202.0,
        1203.0,
        1203.0,
        1204.0,
        1204.0,
        1205.0,
        1205.0,
        1206.0,
        1206.0,
        1207.0,
        1207.0,
        1208.0,
        1208.0,
        1209.0,
        1209.0,
        1210.0,
        1210.0,
        1211.0,
        1211.0,
        1210.0,
        1210.0,
        1209.0,
        1209.0,
        1208.0,
        1208.0,
        1210.0,
        1211.0,
        1212.0,
        1213.0,
        1214.0,
        1215.0,
        1216.0,
        1217.0,
        1218.0,
        1224.0,
        1225.0,
        1230.0,
        1234.0,
        1234.0,
        1235.0,
        1235.0,
        1236.0,
        1236.0,
        1237.0,
        1237.0,
        1238.0,
        1238.0,
        1237.0,
        1237.0,
        1236.0,
        1236.0,
        1237.0,
        1237.0,
        1239.0,
        1239.0,
        1240.0,
        1241.0,
        1245.0,
        1245.0,
        1247.0,
        1247.0,
        1248.0,
        1248.0,
        1254.0,
        1255.0,
        1258.0,
        1258.0,
        1259.0,
        1259.0,
        1260.0,
        1260.0,
        1261.0,
        1261.0,
        1262.0,
        1262.0,
        1265.0,
        1265.0,
        1268.0,
        1268.0,
        1269.0,
        1269.0,
        1270.0,
        1270.0,
        1271.0,
        1271.0,
        1272.0,
        1272.0,
        1273.0,
        1273.0,
        1274.0,
        1274.0,
        1275.0,
        1275.0,
        1276.0,
        1276.0,
        1277.0,
        1277.0,
        1276.0,
        1276.0,
        1274.0,
        1274.0,
        1273.0,
        1273.0,
        1272.0,
        1272.0,
        1271.0,
        1271.0,
        1269.0,
        1269.0,
        1268.0,
        1266.0,
        1265.0,
        1263.0,
        1262.0,
        1261.0,
        1261.0,
        1259.0,
        1259.0,
        1258.0,
        1258.0,
        1257.0,
        1257.0,
        1256.0,
        1256.0,
        1254.0,
        1254.0,
        1251.0,
        1251.0,
        1250.0,
        1250.0,
        1249.0,
        1249.0
      ],
      "y": [
        637.0,
        639.0,
        640.0,
        643.0,
        644.0,
        646.0,
        647.0,
        650.0,
        651.0,
        667.0,
        668.0,
        671.0,
        672.0,
        673.0,
        674.0,
        675.0,
        676.0,
        677.0,
        678.0,
        679.0,
        681.0,
        682.0,
        683.0,
        684.0,
        685.0,
        686.0,
        687.0,
        691.0,
        692.0,
        693.0,
        699.0,
        700.0,
        701.0,
        703.0,
        704.0,
        708.0,
        709.0,
        718.0,
        719.0,
        729.0,
        730.0,
        735.0,
        736.0,
        738.0,
        746.0,
        747.0,
        748.0,
        749.0,
        750.0,
        751.0,
        755.0,
        755.0,
        756.0,
        756.0,
        757.0,
        757.0,
        779.0,
        779.0,
        780.0,
        780.0,
        781.0,
        781.0,
        784.0,
        785.0,
        786.0,
        788.0,
        789.0,
        791.0,
        792.0,
        793.0,
        794.0,
        795.0,
        796.0,
        797.0,
        798.0,
        799.0,
        800.0,
        802.0,
        803.0,
        805.0,
        806.0,
        808.0,
        809.0,
        815.0,
        816.0,
        828.0,
        829.0,
        835.0,
        836.0,
        842.0,
        843.0,
        852.0,
        853.0,
        857.0,
        859.0,
        859.0,
        860.0,
        860.0,
        861.0,
        861.0,
        862.0,
        862.0,
        863.0,
        863.0,
        864.0,
        864.0,
        860.0,
        859.0,
        858.0,
        856.0,
        855.0,
        851.0,
        850.0,
        847.0,
        846.0,
        833.0,
        832.0,
        823.0,
        822.0,
        805.0,
        804.0,
        798.0,
        796.0,
        795.0,
        794.0,
        794.0,
        790.0,
        789.0,
        787.0,
        786.0,
        785.0,
        784.0,
        778.0,
        778.0,
        775.0,
        774.0,
        773.0,
        771.0,
        770.0,
        768.0,
        767.0,
        766.0,
        765.0,
        764.0,
        761.0,
        760.0,
        757.0,
        756.0,
        755.0,
        753.0,
        752.0,
        750.0,
        749.0,
        740.0,
        739.0,
        732.0,
        731.0,
        726.0,
        725.0,
        719.0,
        718.0,
        713.0,
        712.0,
        707.0,
        706.0,
        688.0,
        687.0,
        686.0,
        684.0,
        683.0,
        682.0,
        681.0,
        680.0,
        679.0,
        678.0,
        677.0,
        675.0,
        674.0,
        674.0,
        672.0,
        672.0,
        670.0,
        670.0,
        669.0,
        668.0,
        666.0,
        665.0,
        664.0,
        659.0,
        658.0,
        655.0,
        654.0,
        652.0,
        650.0,
        649.0,
        646.0,
        645.0,
        644.0,
        643.0,
        642.0,
        637.0
      ]
    }
  },
  {
    "name": "person",
    "class": 0,
    "confidence": 0.84223,
    "box": {
      "x1": 834.79144,
      "y1": 641.56805,
      "x2": 935.64899,
      "y2": 792.87708
    },
    "track_id": 2,
    "segments": {
      "x": [
        851.0,
        846.0,
        845.0,
        844.0,
        843.0,
        839.0,
        839.0,
        838.0,
        838.0,
        835.0,
        835.0,
        836.0,
        836.0,
        837.0,
        837.0,
        838.0,
        838.0,
        839.0,
        839.0,
        840.0,
        840.0,
        841.0,
        841.0,
        842.0,
        842.0,
        843.0,
        843.0,
        844.0,
        844.0,
        843.0,
        843.0,
        842.0,
        842.0,
        841.0,
        841.0,
        840.0,
        840.0,
        839.0,
        839.0,
        838.0,
        838.0,
        837.0,
        837.0,
        836.0,
        836.0,
        835.0,
        835.0,
        837.0,
        837.0,
        838.0,
        838.0,
        839.0,
        839.0,
        844.0,
        848.0,
        849.0,
        858.0,
        863.0,
        863.0,
        864.0,
        864.0,
        865.0,
        865.0,
        866.0,
        866.0,
        867.0,
        867.0,
        868.0,
        868.0,
        869.0,
        869.0,
        872.0,
        872.0,
        873.0,
        873.0,
        874.0,
        874.0,
        875.0,
        875.0,
        876.0,
        876.0,
        877.0,
        877.0,
        880.0,
        881.0,
        882.0,
        883.0,
        884.0,
        885.0,
        886.0,
        887.0,
        888.0,
        889.0,
        891.0,
        892.0,
        893.0,
        894.0,
        899.0,
        900.0,
        902.0,
        903.0,
        904.0,
        905.0,
        909.0,
        909.0,
        910.0,
        910.0,
        911.0,
        911.0,
        913.0,
        913.0,
        916.0,
        916.0,
        917.0,
        919.0,
        920.0,
        923.0,
        924.0,
        925.0,
        927.0,
        927.0,
        928.0,
        928.0,
        929.0,
        929.0,
        930.0,
        930.0,
        929.0,
        929.0,
        928.0,
        928.0,
        927.0,
        927.0,
        928.0,
        928.0,
        929.0,
        929.0,
        930.0,
        930.0,
        931.0,
        931.0,
        932.0,
        932.0,
        933.0,
        933.0,
        934.0,
        934.0,
        933.0,
        933.0,
        932.0,
        932.0,
        931.0,
        931.0,
        930.0,
        930.0,
        926.0,
        926.0,
        925.0,
        925.0,
        924.0,
        924.0,
        923.0,
        923.0,
        918.0,
        917.0,
        912.0,
        912.0,
        907.0,
        906.0,
        905.0,
        903.0,
        902.0,
        900.0,
        899.0,
        897.0,
        896.0,
        895.0,
        894.0,
        893.0,
        892.0
      ],
      "y": [
        642.0,
        647.0,
        647.0,
        648.0,
        648.0,
        652.0,
        653.0,
        654.0,
        655.0,
        658.0,
        689.0,
        690.0,
        691.0,
        692.0,
        695.0,
        696.0,
        698.0,
        699.0,
        702.0,
        703.0,
        705.0,
        706.0,
        708.0,
        709.0,
        710.0,
        711.0,
        712.0,
        713.0,
        714.0,
        715.0,
        717.0,
        718.0,
        721.0,
        722.0,
        726.0,
        727.0,
        734.0,
        735.0,
        751.0,
        752.0,
        760.0,
        761.0,
        764.0,
        765.0,
        766.0,
        767.0,
        778.0,
        780.0,
        781.0,
        782.0,
        783.0,
        784.0,
        785.0,
        790.0,
        790.0,
        791.0,
        791.0,
        786.0,
        783.0,
        782.0,
        775.0,
        774.0,
        764.0,
        763.0,
        759.0,
        758.0,
        757.0,
        756.0,
        755.0,
        754.0,
        753.0,
        750.0,
        747.0,
        746.0,
        743.0,
        742.0,
        722.0,
        721.0,
        715.0,
        714.0,
        713.0,
        712.0,
        711.0,
        708.0,
        708.0,
        707.0,
        707.0,
        706.0,
        706.0,
        705.0,
        705.0,
        704.0,
        704.0,
        702.0,
        702.0,
        701.0,
        701.0,
        706.0,
        706.0,
        708.0,
        708.0,
        709.0,
        709.0,
        713.0,
        714.0,
        715.0,
        716.0,
        717.0,
        718.0,
        720.0,
        721.0,
        724.0,
        725.0,
        726.0,
        726.0,
        727.0,
        727.0,
        728.0,
        728.0,
        730.0,
        731.0,
        732.0,
        733.0,
        734.0,
        738.0,
        737.0,
        724.0,
        723.0,
        721.0,
        720.0,
        716.0,
        715.0,
        713.0,
        712.0,
        709.0,
        708.0,
        705.0,
        704.0,
        701.0,
        700.0,
        699.0,
        698.0,
        697.0,
        696.0,
        694.0,
        693.0,
        686.0,
        685.0,
        683.0,
        682.0,
        681.0,
        680.0,
        679.0,
        678.0,
        677.0,
        673.0,
        672.0,
        671.0,
        669.0,
        668.0,
        666.0,
        665.0,
        664.0,
        659.0,
        659.0,
        654.0,
        653.0,
        648.0,
        648.0,
        647.0,
        647.0,
        646.0,
        646.0,
        645.0,
        645.0,
        644.0,
        644.0,
        643.0,
        643.0,
        642.0
      ]
    }
  }
]