[
  {
    "name": "person",
    "class": 0,
    "confidence": 0.85249,
    "box": {
      "x1": 1076.39673,
      "y1": 584.76477,
      "x2": 1137.31897,
      "y2": 804.16144
    },
    "track_id": 1,
    "segments": {
      "x": [
        1087.0,
        1086.0,
        1086.0,
        1085.0,
        1085.0,
        1084.0,
        1084.0,
        1083.0,
        1083.0,
        1082.0,
        1082.0,
        1081.0,
        1081.0,
        1080.0,
        1080.0,
        1081.0,
        1081.0,
        1082.0,
        1082.0,
        1083.0,
        1083.0,
        1089.0,
        1089.0,
        1090.0,
        1090.0,
        1091.0,
        1091.0,
        1090.0,
        1090.0,
        1089.0,
        1089.0,
        1088.0,
        1088.0,
        1085.0,
        1085.0,
        1083.0,
        1083.0,
        1082.0,
        1082.0,
        1081.0,
        1081.0,
        1080.0,
        1080.0,
        1079.0,
        1079.0,
        1078.0,
        1078.0,
        1077.0,
        1077.0,
        1078.0,
        1078.0,
        1079.0,
        1079.0,
        1080.0,
        1080.0,
        1081.0,
        1081.0,
        1082.0,
        1082.0,
        1083.0,
        1083.0,
        1085.0,
        1085.0,
        1086.0,
        1085.0,
        1085.0,
        1083.0,
        1083.0,
        1082.0,
        1081.0,
        1079.0,
        1078.0,
        1077.0,
        1077.0,
        1078.0,
        1080.0,
        1081.0,
        1083.0,
        1084.0,
        1085.0,
        1087.0,
        1088.0,
        1092.0,
        1092.0,
        1093.0,
        1093.0,
        1094.0,
        1094.0,
        1093.0,
        1093.0,
        1089.0,
        1088.0,
        1086.0,
        1085.0,
        1084.0,
        1084.0,
        1083.0,
        1083.0,
        1086.0,
        1088.0,
        1089.0,
        1091.0,
        1092.0,
        1096.0,
        1097.0,
        1114.0,
        1115.0,
        1122.0,
        1127.0,
        1127.0,
        1126.0,
        1126.0,
        1125.0,
        1125.0,
        1126.0,
        1126.0,
        1127.0,
        1127.0,
        1128.0,
        1128.0,
        1129.0,
        1129.0,
        1131.0,
        1131.0,
        1133.0,
        1134.0,
        1136.0,
        1136.0,
        1137.0,
        1137.0,
        1136.0,
        1136.0,
        1134.0,
        1133.0,
        1129.0,
        1129.0,
        1128.0,
        1128.0,
        1127.0,
        1127.0,
        1125.0,
        1125.0,
        1123.0,
        1122.0,
        1119.0,
        1119.0,
        1118.0,
        1118.0,
        1117.0,
        1117.0,
        1116.0,
        1116.0
      ],
      "y": [
        585.0,
        586.0,
        587.0,
        588.0,
        589.0,
        590.0,
        591.0,
        592.0,
        593.0,
        594.0,
        597.0,
        598.0,
        603.0,
        604.0,
        607.0,
        608.0,
        612.0,
        613.0,
        615.0,
        616.0,
        618.0,
        624.0,
        625.0,
        626.0,
        627.0,
        628.0,
        645.0,
        646.0,
        650.0,
        651.0,
        654.0,
        655.0,
        656.0,
        659.0,
        660.0,
        662.0,
        663.0,
        664.0,
        665.0,
        666.0,
        669.0,
        670.0,
        672.0,
        673.0,
        676.0,
        677.0,
        682.0,
        683.0,
        699.0,
        700.0,
        727.0,
        728.0,
        733.0,
        734.0,
        738.0,
        739.0,
        741.0,
        742.0,
        744.0,
        745.0,
        746.0,
        748.0,
        749.0,
        750.0,
        751.0,
        752.0,
        754.0,
        755.0,
        756.0,
        756.0,
        758.0,
        758.0,
        759.0,
        769.0,
        770.0,
        770.0,
        771.0,
        771.0,
        772.0,
        772.0,
        774.0,
        774.0,
        778.0,
        779.0,
        780.0,
        781.0,
        782.0,
        786.0,
        787.0,
        788.0,
        792.0,
        792.0,
        794.0,
        794.0,
        795.0,
        796.0,
        797.0,
        798.0,
        801.0,
        801.0,
        802.0,
        802.0,
        803.0,
        803.0,
        804.0,
        804.0,
        803.0,
        803.0,
        798.0,
        756.0,
        755.0,
        746.0,
        745.0,
        734.0,
        733.0,
        729.0,
        728.0,
        722.0,
        721.0,
        716.0,
        715.0,
        713.0,
        711.0,
        710.0,
        708.0,
        708.0,
        706.0,
        705.0,
        704.0,
        627.0,
        626.0,
        625.0,
        623.0,
        623.0,
        619.0,
        618.0,
        617.0,
        616.0,
        615.0,
        614.0,
        612.0,
        611.0,
        609.0,
        609.0,
        606.0,
        605.0,
        604.0,
        601.0,
        600.0,
        597.0,
        596.0,
        585.0
      ]
    }
  },
  {
    "name": "person",
    "class": 0,
    "confidence": 0.86924,
    "box": {
      "x1": 829.37158,
      "y1": 566.9621,
      "x2": 912.84412,
      "y2": 788.02649
    },
    "track_id": 2,
    "segments": {
      "x": [
        875.0,
        875.0,
        872.0,
        872.0,
        871.0,
        870.0,
        866.0,
        866.0,
        864.0,
        864.0,
        862.0,
        861.0,
        859.0,
        858.0,
        857.0,
        856.0,
        851.0,
        851.0,
        845.0,
        844.0,
        841.0,
        841.0,
        840.0,
        840.0,
        839.0,
        839.0,
        838.0,
        838.0,
        837.0,
        837.0,
        836.0,
        836.0,
        835.0,
        835.0,
        834.0,
        834.0,
        833.0,
        833.0,
        832.0,
        832.0,
        831.0,
        831.0,
        830.0,
        830.0,
        831.0,
        831.0,
        832.0,
        832.0,
        834.0,
        834.0,
        836.0,
        836.0,
        837.0,
        837.0,
        838.0,
        838.0,
        839.0,
        839.0,
        840.0,
        840.0,
        851.0,
        851.0,
        852.0,
        852.0,
        851.0,
        851.0,
        849.0,
        849.0,
        842.0,
        842.0,
        841.0,
        841.0,
        840.0,
        840.0,
        839.0,
        839.0,
        838.0,
        838.0,
        837.0,
        837.0,
        834.0,
        833.0,
        831.0,
        830.0,
        829.0,
        829.0,
        831.0,
        832.0,
        833.0,
        834.0,
        835.0,
        836.0,
        837.0,
        845.0,
        861.0,
        862.0,
        862.0,
        863.0,
        863.0,
        864.0,
        864.0,
        865.0,
        865.0,
        866.0,
        866.0,
        867.0,
        867.0,
        873.0,
        873.0,
        875.0,
        875.0,
        876.0,
        876.0,
        877.0,
        877.0,
        888.0,
        888.0,
        893.0,
        894.0,
        905.0,
        906.0,
        906.0,
        908.0,
        908.0,
        909.0,
        909.0,
        910.0,
        910.0,
        911.0,
        911.0,
        910.0,
        910.0,
        909.0,
        909.0,
        902.0,
        902.0,
        901.0,
        901.0,
        902.0,
        902.0,
        903.0,
        903.0,
        904.0,
        904.0,
        906.0,
        906.0,
        905.0,
        905.0,
        904.0,
        904.0,
        903.0,
        903.0
      ],
      "y": [
        567.0,
        570.0,
        573.0,
        574.0,
        575.0,
        575.0,
        579.0,
        580.0,
        582.0,
        583.0,
        585.0,
        585.0,
        587.0,
        587.0,
        588.0,
        588.0,
        593.0,
        594.0,
        600.0,
        600.0,
        603.0,
        604.0,
        605.0,
        607.0,
        608.0,
        612.0,
        613.0,
        616.0,
        617.0,
        619.0,
        620.0,
        622.0,
        623.0,
        624.0,
        625.0,
        626.0,
        627.0,
        628.0,
        629.0,
        631.0,
        632.0,
        637.0,
        638.0,
        665.0,
        666.0,
        667.0,
        668.0,
        669.0,
        671.0,
        672.0,
        674.0,
        676.0,
        677.0,
        679.0,
        680.0,
        682.0,
        683.0,
        686.0,
        687.0,
        690.0,
        701.0,
        709.0,
        710.0,
        719.0,
        720.0,
        727.0,
        729.0,
        730.0,
        737.0,
        738.0,
        739.0,
        740.0,
        741.0,
        743.0,
        744.0,
        745.0,
        746.0,
        748.0,
        749.0,
        750.0,
        753.0,
        753.0,
        755.0,
        755.0,
        756.0,
        777.0,
        777.0,
        778.0,
        778.0,
        779.0,
        779.0,
        780.0,
        780.0,
        788.0,
        788.0,
        787.0,
        786.0,
        785.0,
        761.0,
        760.0,
        758.0,
        757.0,
        755.0,
        754.0,
        753.0,
        752.0,
        751.0,
        745.0,
        744.0,
        742.0,
        741.0,
        740.0,
        738.0,
        737.0,
        736.0,
        725.0,
        724.0,
        719.0,
        719.0,
        708.0,
        708.0,
        707.0,
        705.0,
        704.0,
        703.0,
        702.0,
        701.0,
        687.0,
        686.0,
        643.0,
        642.0,
        605.0,
        604.0,
        603.0,
        596.0,
        595.0,
        594.0,
        592.0,
        591.0,
        589.0,
        588.0,
        587.0,
        586.0,
        585.0,
        583.0,
        577.0,
        576.0,
        573.0,
        572.0,
        569.0,
        568.0,
        567.0
      ]
    }
  }
]