[
  {
    "name": "person",
    "class": 0,
    "confidence": 0.87583,
    "box": {
      "x1": 1085.34448,
      "y1": 594.39752,
      "x2": 1156.17603,
      "y2": 805.71674
    },
    "track_id": 1,
    "segments": {
      "x": [
        1106.0,
        1105.0,
        1105.0,
        1104.0,
        1104.0,
        1103.0,
        1103.0,
        1104.0,
        1104.0,
        1105.0,
        1105.0,
        1106.0,
        1106.0,
        1112.0,
        1112.0,
        1109.0,
        1109.0,
        1107.0,
        1107.0,
        1106.0,
        1106.0,
        1105.0,
        1105.0,
        1104.0,
        1104.0,
        1103.0,
        1103.0,
        1102.0,
        1102.0,
        1101.0,
        1101.0,
        1100.0,
        1100.0,
        1099.0,
        1099.0,
        1098.0,
        1098.0,
        1093.0,
        1093.0,
        1091.0,
        1091.0,
        1090.0,
        1090.0,
        1089.0,
        1089.0,
        1088.0,
        1088.0,
        1087.0,
        1087.0,
        1086.0,
        1086.0,
        1087.0,
        1087.0,
        1088.0,
        1088.0,
        1089.0,
        1089.0,
        1090.0,
        1090.0,
        1091.0,
        1091.0,
        1092.0,
        1092.0,
        1093.0,
        1093.0,
        1097.0,
        1098.0,
        1099.0,
        1099.0,
        1097.0,
        1097.0,
        1095.0,
        1095.0,
        1094.0,
        1094.0,
        1093.0,
        1093.0,
        1092.0,
        1092.0,
        1091.0,
        1091.0,
        1090.0,
        1090.0,
        1089.0,
        1089.0,
        1087.0,
        1087.0,
        1086.0,
        1086.0,
        1088.0,
        1089.0,
        1092.0,
        1093.0,
        1096.0,
        1097.0,
        1099.0,
        1096.0,
        1094.0,
        1093.0,
        1091.0,
        1090.0,
        1089.0,
        1088.0,
        1086.0,
        1086.0,
        1094.0,
        1095.0,
        1116.0,
        1117.0,
        1122.0,
        1123.0,
        1124.0,
        1125.0,
        1125.0,
        1127.0,
        1127.0,
        1128.0,
        1128.0,
        1129.0,
        1129.0,
        1130.0,
        1130.0,
        1131.0,
        1131.0,
        1132.0,
        1132.0,
        1134.0,
        1134.0,
        1136.0,
        1136.0,
        1137.0,
        1137.0,
        1138.0,
        1138.0,
        1139.0,
        1139.0,
        1140.0,
        1140.0,
        1141.0,
        1141.0,
        1144.0,
        1145.0,
        1150.0,
        1150.0,
        1151.0,
        1151.0,
        1152.0,
        1152.0,
        1153.0,
        1153.0,
        1154.0,
        1154.0,
        1155.0,
        1155.0,
        1156.0,
        1156.0,
        1155.0,
        1155.0,
        1154.0,
        1154.0,
        1153.0,
        1153.0,
        1152.0,
        1152.0,
        1151.0,
        1151.0,
        1150.0,
        1150.0,
        1147.0,
        1146.0,
        1141.0,
        1141.0,
        1140.0,
        1140.0,
        1139.0,
        1139.0,
        1138.0,
        1138.0,
        1137.0,
        1137.0
      ],
      "y": [
        595.0,
        596.0,
        598.0,
        599.0,
        603.0,
        604.0,
        623.0,
        624.0,
        631.0,
        632.0,
        633.0,
        634.0,
        635.0,
        641.0,
        642.0,
        645.0,
        646.0,
        648.0,
        649.0,
        650.0,
        652.0,
        653.0,
        657.0,
        658.0,
        670.0,
        671.0,
        685.0,
        686.0,
        691.0,
        692.0,
        695.0,
        696.0,
        697.0,
        698.0,
        699.0,
        700.0,
        701.0,
        706.0,
        707.0,
        709.0,
        710.0,
        711.0,
        712.0,
        713.0,
        715.0,
        716.0,
        718.0,
        719.0,
        720.0,
        721.0,
        729.0,
        730.0,
        731.0,
        732.0,
        733.0,
        734.0,
        736.0,
        737.0,
        738.0,
        739.0,
        740.0,
        741.0,
        742.0,
        743.0,
        744.0,
        748.0,
        748.0,
        749.0,
        750.0,
        752.0,
        753.0,
        755.0,
        756.0,
        757.0,
        758.0,
        759.0,
        760.0,
        761.0,
        762.0,
        763.0,
        764.0,
        765.0,
        766.0,
        767.0,
        768.0,
        770.0,
        771.0,
        772.0,
        775.0,
        777.0,
        777.0,
        780.0,
        780.0,
        783.0,
        783.0,
        785.0,
        788.0,
        788.0,
        789.0,
        789.0,
        790.0,
        790.0,
        791.0,
        791.0,
        803.0,
        803.0,
        804.0,
        804.0,
        803.0,
        803.0,
        802.0,
        802.0,
        801.0,
        800.0,
        798.0,
        793.0,
        792.0,
        779.0,
        778.0,
        753.0,
        752.0,
        749.0,
        748.0,
        747.0,
        746.0,
        745.0,
        743.0,
        742.0,
        740.0,
        738.0,
        737.0,
        736.0,
        735.0,
        733.0,
        732.0,
        729.0,
        728.0,
        726.0,
        725.0,
        724.0,
        721.0,
        721.0,
        716.0,
        715.0,
        714.0,
        708.0,
        707.0,
        694.0,
        693.0,
        685.0,
        684.0,
        679.0,
        678.0,
        673.0,
        672.0,
        641.0,
        640.0,
        639.0,
        638.0,
        637.0,
        636.0,
        634.0,
        633.0,
        630.0,
        629.0,
        628.0,
        627.0,
        626.0,
        623.0,
        623.0,
        618.0,
        616.0,
        615.0,
        611.0,
        610.0,
        605.0,
        604.0,
        599.0,
        598.0,
        595.0
      ]
    }
  },
  {
    "name": "person",
    "class": 0,
    "confidence": 0.7354,
    "box": {
      "x1": 830.63184,
      "y1": 569.80646,
      "x2": 900.3324,
      "y2": 790.35883
    },
    "track_id": 2,
    "segments": {
      "x": [
        865.0,
        864.0,
        864.0,
        863.0,
        863.0,
        862.0,
        862.0,
        861.0,
        861.0,
        860.0,
        860.0,
        854.0,
        854.0,
        853.0,
        853.0,
        852.0,
        852.0,
        851.0,
        851.0,
        845.0,
        844.0,
        841.0,
        841.0,
        840.0,
        840.0,
        839.0,
        839.0,
        838.0,
        838.0,
        837.0,
        837.0,
        836.0,
        836.0,
        833.0,
        833.0,
        832.0,
        832.0,
        831.0,
        831.0,
        832.0,
        832.0,
        833.0,
        833.0,
        834.0,
        834.0,
        835.0,
        835.0,
        836.0,
        836.0,
        837.0,
        837.0,
        838.0,
        838.0,
        839.0,
        839.0,
        840.0,
        840.0,
        841.0,
        841.0,
        842.0,
        842.0,
        843.0,
        843.0,
        845.0,
        845.0,
        847.0,
        847.0,
        848.0,
        848.0,
        849.0,
        849.0,
        848.0,
        848.0,
        842.0,
        842.0,
        841.0,
        841.0,
        840.0,
        840.0,
        839.0,
        839.0,
        838.0,
        838.0,
        837.0,
        837.0,
        831.0,
        831.0,
        832.0,
        833.0,
        834.0,
        835.0,
        842.0,
        843.0,
        844.0,
        860.0,
        862.0,
        862.0,
        863.0,
        863.0,
        864.0,
        864.0,
        865.0,
        865.0,
        866.0,
        866.0,
        871.0,
        871.0,
        873.0,
        873.0,
        874.0,
        874.0,
        875.0,
        875.0,
        874.0,
        874.0,
        873.0,
        873.0,
        872.0,
        872.0,
        871.0,
        871.0,
        870.0,
        870.0,
        869.0,
        869.0,
        868.0,
        868.0,
        867.0,
        867.0,
        866.0,
        866.0,
        867.0,
        867.0,
        866.0,
        866.0,
        865.0,
        865.0,
        864.0,
        864.0,
        865.0,
        865.0,
        866.0,
        866.0,
        867.0,
        867.0,
        868.0,
        868.0,
        872.0,
        873.0,
        875.0,
        876.0,
        877.0,
        878.0,
        879.0,
        880.0,
        881.0,
        883.0,
        885.0,
        886.0,
        887.0,
        887.0,
        892.0,
        893.0,
        895.0,
        895.0,
        896.0,
        896.0,
        897.0,
        897.0,
        896.0,
        896.0,
        895.0,
        895.0,
        894.0,
        894.0
      ],
      "y": [
        570.0,
        571.0,
        572.0,
        573.0,
        574.0,
        575.0,
        576.0,
        577.0,
        578.0,
        579.0,
        581.0,
        587.0,
        588.0,
        589.0,
        590.0,
        591.0,
        592.0,
        593.0,
        594.0,
        600.0,
        600.0,
        603.0,
        604.0,
        605.0,
        606.0,
        607.0,
        609.0,
        610.0,
        611.0,
        612.0,
        613.0,
        614.0,
        615.0,
        618.0,
        620.0,
        621.0,
        622.0,
        623.0,
        655.0,
        656.0,
        667.0,
        668.0,
        669.0,
        670.0,
        672.0,
        673.0,
        675.0,
        676.0,
        678.0,
        679.0,
        681.0,
        682.0,
        686.0,
        687.0,
        691.0,
        692.0,
        696.0,
        697.0,
        700.0,
        701.0,
        703.0,
        704.0,
        705.0,
        707.0,
        708.0,
        710.0,
        711.0,
        712.0,
        713.0,
        714.0,
        716.0,
        717.0,
        726.0,
        732.0,
        733.0,
        734.0,
        735.0,
        736.0,
        739.0,
        740.0,
        744.0,
        745.0,
        749.0,
        750.0,
        751.0,
        757.0,
        780.0,
        781.0,
        781.0,
        782.0,
        782.0,
        789.0,
        789.0,
        790.0,
        790.0,
        788.0,
        787.0,
        786.0,
        782.0,
        781.0,
        758.0,
        757.0,
        751.0,
        750.0,
        748.0,
        743.0,
        742.0,
        740.0,
        739.0,
        738.0,
        730.0,
        729.0,
        713.0,
        712.0,
        706.0,
        705.0,
        701.0,
        700.0,
        697.0,
        696.0,
        694.0,
        693.0,
        692.0,
        691.0,
        689.0,
        688.0,
        684.0,
        683.0,
        675.0,
        674.0,
        658.0,
        657.0,
        652.0,
        651.0,
        645.0,
        644.0,
        635.0,
        634.0,
        617.0,
        616.0,
        613.0,
        612.0,
        610.0,
        609.0,
        608.0,
        607.0,
        606.0,
        602.0,
        602.0,
        600.0,
        600.0,
        599.0,
        599.0,
        598.0,
        598.0,
        597.0,
        597.0,
        595.0,
        595.0,
        594.0,
        593.0,
        588.0,
        588.0,
        586.0,
        585.0,
        584.0,
        583.0,
        582.0,
        579.0,
        578.0,
        576.0,
        575.0,
        573.0,
        572.0,
        570.0
      ]
    }
  },
  {
    "name": "person",
    "class": 0,
    "confidence": 0.69522,
    "box": {
      "x1": 864.29126,
      "y1": 579.24664,
      "x2": 914.16766,
      "y2": 741.57111
    },
    "track_id": 3,
    "segments": {
      "x": [
        870.0,
        870.0,
        869.0,
        869.0,
        870.0,
        870.0,
        873.0,
        873.0,
        874.0,
        874.0,
        875.0,
        875.0,
        876.0,
        875.0,
        875.0,
        872.0,
        872.0,
        870.0,
        869.0,
        868.0,
        867.0,
        865.0,
        865.0,
        866.0,
        866.0,
        867.0,
        867.0,
        868.0,
        868.0,
        869.0,
        869.0,
        870.0,
        870.0,
        871.0,
        871.0,
        872.0,
        872.0,
        873.0,
        873.0,
        874.0,
        874.0,
        875.0,
        875.0,
        876.0,
        876.0,
        875.0,
        875.0,
        876.0,
        876.0,
        878.0,
        902.0,
        903.0,
        905.0,
        907.0,
        907.0,
        908.0,
        908.0,
        909.0,
        909.0,
        910.0,
        910.0,
        908.0,
        908.0,
        907.0,
        906.0,
        902.0,
        902.0,
        900.0,
        900.0,
        901.0,
        901.0,
        903.0,
        903.0,
        905.0,
        906.0,
        907.0,
        907.0,
        909.0,
        909.0,
        910.0,
        910.0,
        911.0,
        911.0,
        909.0,
        909.0,
        908.0,
        907.0,
        906.0,
        905.0,
        899.0,
        899.0,
        898.0,
        898.0
      ],
      "y": [
        577.0,
        578.0,
        579.0,
        582.0,
        583.0,
        584.0,
        587.0,
        588.0,
        589.0,
        590.0,
        591.0,
        592.0,
        593.0,
        594.0,
        595.0,
        598.0,
        599.0,
        601.0,
        601.0,
        602.0,
        602.0,
        604.0,
        677.0,
        678.0,
        684.0,
        685.0,
        689.0,
        690.0,
        692.0,
        693.0,
        694.0,
        695.0,
        696.0,
        697.0,
        698.0,
        699.0,
        701.0,
        702.0,
        705.0,
        706.0,
        709.0,
        710.0,
        720.0,
        721.0,
        731.0,
        732.0,
        737.0,
        738.0,
        739.0,
        741.0,
        741.0,
        740.0,
        740.0,
        738.0,
        737.0,
        736.0,
        733.0,
        732.0,
        728.0,
        727.0,
        725.0,
        723.0,
        722.0,
        721.0,
        721.0,
        717.0,
        716.0,
        714.0,
        713.0,
        712.0,
        711.0,
        709.0,
        708.0,
        706.0,
        706.0,
        705.0,
        704.0,
        702.0,
        700.0,
        699.0,
        694.0,
        693.0,
        605.0,
        603.0,
        602.0,
        601.0,
        601.0,
        600.0,
        600.0,
        594.0,
        581.0,
        580.0,
        577.0
      ]
    }
  }
]