[
  {
    "name": "person",
    "class": 0,
    "confidence": 0.90756,
    "box": {
      "x1": 1140.55237,
      "y1": 625.49249,
      "x2": 1252.1333,
      "y2": 862.02386
    },
    "track_id": 1,
    "segments": {
      "x": [
        1190.0,
        1190.0,
        1189.0,
        1189.0,
        1188.0,
        1188.0,
        1189.0,
        1189.0,
        1190.0,
        1190.0,
        1191.0,
        1191.0,
        1193.0,
        1193.0,
        1194.0,
        1194.0,
        1195.0,
        1195.0,
        1196.0,
        1196.0,
        1197.0,
        1197.0,
        1198.0,
        1198.0,
        1196.0,
        1196.0,
        1194.0,
        1193.0,
        1192.0,
        1192.0,
        1190.0,
        1190.0,
        1189.0,
        1189.0,
        1188.0,
        1188.0,
        1187.0,
        1187.0,
        1186.0,
        1186.0,
        1185.0,
        1185.0,
        1184.0,
        1184.0,
        1179.0,
        1179.0,
        1178.0,
        1178.0,
        1177.0,
        1177.0,
        1176.0,
        1176.0,
        1174.0,
        1174.0,
        1172.0,
        1171.0,
        1169.0,
        1168.0,
        1166.0,
        1166.0,
        1165.0,
        1165.0,
        1164.0,
        1164.0,
        1169.0,
        1170.0,
        1174.0,
        1174.0,
        1173.0,
        1173.0,
        1171.0,
        1171.0,
        1163.0,
        1162.0,
        1161.0,
        1160.0,
        1159.0,
        1155.0,
        1154.0,
        1152.0,
        1151.0,
        1149.0,
        1148.0,
        1146.0,
        1145.0,
        1141.0,
        1141.0,
        1145.0,
        1146.0,
        1147.0,
        1148.0,
        1149.0,
        1156.0,
        1158.0,
        1159.0,
        1163.0,
        1164.0,
        1173.0,
        1174.0,
        1176.0,
        1177.0,
        1179.0,
        1180.0,
        1181.0,
        1183.0,
        1184.0,
        1190.0,
        1191.0,
        1193.0,
        1194.0,
        1195.0,
        1195.0,
        1197.0,
        1197.0,
        1198.0,
        1198.0,
        1199.0,
        1199.0,
        1200.0,
        1200.0,
        1201.0,
        1201.0,
        1202.0,
        1202.0,
        1203.0,
        1203.0,
        1202.0,
        1202.0,
        1201.0,
        1201.0,
        1199.0,
        1199.0,
        1198.0,
        1200.0,
        1200.0,
        1201.0,
        1201.0,
        1202.0,
        1202.0,
        1203.0,
        1203.0,
        1204.0,
        1204.0,
        1205.0,
        1206.0,
        1207.0,
        1208.0,
        1209.0,
        1210.0,
        1212.0,
        1213.0,
        1231.0,
        1234.0,
        1234.0,
        1235.0,
        1235.0,
        1234.0,
        1234.0,
        1233.0,
        1233.0,
        1232.0,
        1232.0,
        1231.0,
        1231.0,
        1228.0,
        1228.0,
        1227.0,
        1227.0,
        1226.0,
        1226.0,
        1225.0,
        1225.0,
        1224.0,
        1224.0,
        1223.0,
        1223.0,
        1224.0,
        1224.0,
        1225.0,
        1225.0,
        1233.0,
        1233.0,
        1235.0,
        1236.0,
        1239.0,
        1240.0,
        1241.0,
        1242.0,
        1246.0,
        1246.0,
        1247.0,
        1247.0,
        1248.0,
        1248.0,
        1249.0,
        1249.0,
        1250.0,
        1250.0,
        1249.0,
        1249.0,
        1248.0,
        1248.0,
        1247.0,
        1247.0,
        1246.0,
        1246.0,
        1242.0,
        1241.0,
        1240.0,
        1239.0,
        1237.0,
        1236.0,
        1229.0,
        1229.0,
        1228.0,
        1228.0,
        1227.0,
        1227.0,
        1226.0,
        1226.0,
        1225.0,
        1225.0,
        1224.0,
        1224.0
      ],
      "y": [
        626.0,
        629.0,
        630.0,
        634.0,
        635.0,
        656.0,
        657.0,
        659.0,
        660.0,
        661.0,
        662.0,
        663.0,
        665.0,
        666.0,
        667.0,
        668.0,
        669.0,
        670.0,
        671.0,
        672.0,
        673.0,
        675.0,
        676.0,
        678.0,
        680.0,
        681.0,
        683.0,
        683.0,
        684.0,
        685.0,
        687.0,
        688.0,
        689.0,
        693.0,
        694.0,
        700.0,
        701.0,
        707.0,
        708.0,
        713.0,
        714.0,
        720.0,
        721.0,
        725.0,
        730.0,
        731.0,
        732.0,
        733.0,
        734.0,
        735.0,
        736.0,
        738.0,
        740.0,
        741.0,
        743.0,
        743.0,
        745.0,
        745.0,
        747.0,
        748.0,
        749.0,
        750.0,
        751.0,
        763.0,
        768.0,
        768.0,
        772.0,
        776.0,
        777.0,
        778.0,
        780.0,
        781.0,
        789.0,
        789.0,
        790.0,
        790.0,
        791.0,
        791.0,
        790.0,
        790.0,
        789.0,
        789.0,
        788.0,
        788.0,
        787.0,
        787.0,
        804.0,
        804.0,
        805.0,
        805.0,
        806.0,
        806.0,
        813.0,
        813.0,
        814.0,
        814.0,
        815.0,
        815.0,
        814.0,
        814.0,
        813.0,
        813.0,
        812.0,
        812.0,
        810.0,
        810.0,
        804.0,
        804.0,
        802.0,
        802.0,
        803.0,
        804.0,
        806.0,
        807.0,
        808.0,
        809.0,
        810.0,
        819.0,
        820.0,
        825.0,
        826.0,
        828.0,
        829.0,
        831.0,
        832.0,
        837.0,
        838.0,
        840.0,
        841.0,
        842.0,
        844.0,
        845.0,
        846.0,
        848.0,
        849.0,
        850.0,
        851.0,
        852.0,
        854.0,
        855.0,
        856.0,
        857.0,
        858.0,
        858.0,
        859.0,
        859.0,
        860.0,
        860.0,
        861.0,
        861.0,
        862.0,
        862.0,
        859.0,
        856.0,
        855.0,
        845.0,
        844.0,
        841.0,
        840.0,
        838.0,
        837.0,
        836.0,
        835.0,
        833.0,
        830.0,
        829.0,
        828.0,
        827.0,
        826.0,
        825.0,
        824.0,
        822.0,
        821.0,
        810.0,
        809.0,
        774.0,
        773.0,
        771.0,
        770.0,
        769.0,
        761.0,
        760.0,
        758.0,
        758.0,
        755.0,
        755.0,
        754.0,
        754.0,
        750.0,
        749.0,
        748.0,
        744.0,
        743.0,
        740.0,
        739.0,
        730.0,
        729.0,
        691.0,
        690.0,
        681.0,
        680.0,
        674.0,
        673.0,
        668.0,
        667.0,
        665.0,
        661.0,
        661.0,
        660.0,
        660.0,
        658.0,
        658.0,
        651.0,
        650.0,
        649.0,
        648.0,
        647.0,
        646.0,
        645.0,
        644.0,
        643.0,
        637.0,
        636.0,
        626.0
      ]
    }
  },
  {
    "name": "person",
    "class": 0,
    "confidence": 0.84338,
    "box": {
      "x1": 835.01691,
      "y1": 629.17291,
      "x2": 939.97968,
      "y2": 792.19818
    },
    "track_id": 2,
    "segments": {
      "x": [
        855.0,
        855.0,
        852.0,
        851.0,
        849.0,
        848.0,
        847.0,
        846.0,
        844.0,
        843.0,
        842.0,
        842.0,
        840.0,
        840.0,
        839.0,
        839.0,
        838.0,
        838.0,
        836.0,
        836.0,
        838.0,
        838.0,
        843.0,
        844.0,
        845.0,
        853.0,
        854.0,
        857.0,
        858.0,
        859.0,
        862.0,
        862.0,
        863.0,
        863.0,
        864.0,
        864.0,
        863.0,
        863.0,
        864.0,
        864.0,
        865.0,
        865.0,
        866.0,
        866.0,
        867.0,
        867.0,
        869.0,
        870.0,
        873.0,
        873.0,
        879.0,
        880.0,
        888.0,
        888.0,
        891.0,
        892.0,
        899.0,
        900.0,
        902.0,
        903.0,
        904.0,
        913.0,
        914.0,
        921.0,
        922.0,
        925.0,
        926.0,
        929.0,
        933.0,
        933.0,
        935.0,
        935.0,
        938.0,
        938.0,
        940.0,
        940.0,
        938.0,
        938.0,
        937.0,
        937.0,
        936.0,
        936.0,
        935.0,
        935.0,
        934.0,
        934.0,
        933.0,
        933.0,
        932.0,
        932.0,
        930.0,
        930.0,
        927.0,
        927.0,
        926.0,
        926.0,
        925.0,
        925.0,
        924.0,
        924.0,
        923.0,
        923.0,
        924.0,
        924.0,
        925.0,
        925.0,
        926.0,
        926.0,
        927.0,
        927.0,
        928.0,
        927.0,
        927.0,
        926.0,
        926.0,
        925.0,
        925.0,
        924.0,
        924.0,
        923.0,
        923.0,
        922.0,
        922.0,
        921.0,
        921.0,
        919.0,
        919.0,
        916.0,
        915.0,
        909.0,
        908.0,
        907.0,
        907.0
      ],
      "y": [
        629.0,
        630.0,
        633.0,
        633.0,
        635.0,
        635.0,
        636.0,
        636.0,
        638.0,
        638.0,
        639.0,
        640.0,
        642.0,
        643.0,
        644.0,
        645.0,
        646.0,
        647.0,
        649.0,
        782.0,
        784.0,
        785.0,
        790.0,
        790.0,
        791.0,
        791.0,
        792.0,
        792.0,
        791.0,
        791.0,
        788.0,
        787.0,
        786.0,
        776.0,
        775.0,
        771.0,
        770.0,
        756.0,
        755.0,
        746.0,
        745.0,
        742.0,
        741.0,
        739.0,
        738.0,
        737.0,
        735.0,
        735.0,
        738.0,
        739.0,
        745.0,
        745.0,
        753.0,
        754.0,
        757.0,
        757.0,
        764.0,
        764.0,
        766.0,
        766.0,
        767.0,
        767.0,
        766.0,
        766.0,
        765.0,
        765.0,
        764.0,
        764.0,
        760.0,
        759.0,
        757.0,
        756.0,
        753.0,
        752.0,
        750.0,
        736.0,
        734.0,
        733.0,
        732.0,
        731.0,
        730.0,
        728.0,
        727.0,
        725.0,
        724.0,
        722.0,
        721.0,
        719.0,
        718.0,
        717.0,
        715.0,
        714.0,
        711.0,
        710.0,
        709.0,
        708.0,
        707.0,
        706.0,
        705.0,
        702.0,
        701.0,
        681.0,
        680.0,
        675.0,
        674.0,
        671.0,
        670.0,
        669.0,
        668.0,
        666.0,
        665.0,
        664.0,
        661.0,
        660.0,
        656.0,
        655.0,
        652.0,
        651.0,
        650.0,
        649.0,
        648.0,
        647.0,
        645.0,
        644.0,
        643.0,
        641.0,
        640.0,
        637.0,
        637.0,
        631.0,
        631.0,
        630.0,
        629.0
      ]
    }
  }
]