[
  {
    "name": "person",
    "class": 0,
    "confidence": 0.87755,
    "box": {
      "x1": 1084.57544,
      "y1": 594.42773,
      "x2": 1155.19763,
      "y2": 805.70087
    },
    "track_id": 1,
    "segments": {
      "x": [
        1104.0,
        1104.0,
        1103.0,
        1103.0,
        1104.0,
        1104.0,
        1105.0,
        1105.0,
        1106.0,
        1106.0,
        1108.0,
        1108.0,
        1110.0,
        1110.0,
        1108.0,
        1108.0,
        1107.0,
        1107.0,
        1106.0,
        1106.0,
        1105.0,
        1105.0,
        1104.0,
        1104.0,
        1103.0,
        1103.0,
        1102.0,
        1102.0,
        1101.0,
        1101.0,
        1100.0,
        1100.0,
        1099.0,
        1099.0,
        1098.0,
        1098.0,
        1097.0,
        1097.0,
        1095.0,
        1095.0,
        1093.0,
        1093.0,
        1092.0,
        1092.0,
        1091.0,
        1091.0,
        1090.0,
        1090.0,
        1089.0,
        1089.0,
        1088.0,
        1088.0,
        1087.0,
        1087.0,
        1085.0,
        1085.0,
        1087.0,
        1087.0,
        1088.0,
        1088.0,
        1089.0,
        1089.0,
        1090.0,
        1090.0,
        1091.0,
        1091.0,
        1092.0,
        1092.0,
        1093.0,
        1093.0,
        1094.0,
        1094.0,
        1092.0,
        1092.0,
        1087.0,
        1086.0,
        1085.0,
        1085.0,
        1087.0,
        1088.0,
        1094.0,
        1095.0,
        1096.0,
        1098.0,
        1098.0,
        1099.0,
        1099.0,
        1097.0,
        1096.0,
        1095.0,
        1094.0,
        1093.0,
        1091.0,
        1090.0,
        1089.0,
        1088.0,
        1087.0,
        1086.0,
        1085.0,
        1085.0,
        1086.0,
        1090.0,
        1091.0,
        1095.0,
        1096.0,
        1115.0,
        1116.0,
        1122.0,
        1123.0,
        1124.0,
        1126.0,
        1126.0,
        1127.0,
        1127.0,
        1128.0,
        1128.0,
        1129.0,
        1129.0,
        1130.0,
        1130.0,
        1132.0,
        1132.0,
        1134.0,
        1134.0,
        1135.0,
        1135.0,
        1136.0,
        1136.0,
        1137.0,
        1137.0,
        1138.0,
        1138.0,
        1139.0,
        1139.0,
        1140.0,
        1140.0,
        1145.0,
        1146.0,
        1150.0,
        1150.0,
        1151.0,
        1151.0,
        1152.0,
        1152.0,
        1153.0,
        1153.0,
        1154.0,
        1154.0,
        1155.0,
        1155.0,
        1154.0,
        1154.0,
        1153.0,
        1153.0,
        1152.0,
        1152.0,
        1151.0,
        1151.0,
        1146.0,
        1145.0,
        1141.0,
        1141.0,
        1140.0,
        1140.0,
        1139.0,
        1139.0,
        1138.0,
        1138.0,
        1137.0,
        1137.0,
        1136.0,
        1136.0
      ],
      "y": [
        595.0,
        599.0,
        600.0,
        626.0,
        627.0,
        631.0,
        632.0,
        634.0,
        635.0,
        636.0,
        638.0,
        639.0,
        641.0,
        642.0,
        644.0,
        645.0,
        646.0,
        647.0,
        648.0,
        649.0,
        650.0,
        651.0,
        652.0,
        665.0,
        666.0,
        682.0,
        683.0,
        690.0,
        691.0,
        693.0,
        694.0,
        695.0,
        696.0,
        697.0,
        698.0,
        699.0,
        700.0,
        701.0,
        703.0,
        704.0,
        706.0,
        707.0,
        708.0,
        709.0,
        710.0,
        712.0,
        713.0,
        715.0,
        716.0,
        718.0,
        719.0,
        720.0,
        721.0,
        722.0,
        724.0,
        726.0,
        728.0,
        729.0,
        730.0,
        731.0,
        732.0,
        734.0,
        735.0,
        737.0,
        738.0,
        741.0,
        742.0,
        744.0,
        745.0,
        748.0,
        749.0,
        750.0,
        752.0,
        753.0,
        758.0,
        758.0,
        759.0,
        775.0,
        775.0,
        776.0,
        776.0,
        777.0,
        777.0,
        779.0,
        780.0,
        781.0,
        786.0,
        788.0,
        788.0,
        789.0,
        789.0,
        790.0,
        790.0,
        791.0,
        791.0,
        792.0,
        792.0,
        793.0,
        793.0,
        801.0,
        802.0,
        802.0,
        803.0,
        803.0,
        804.0,
        804.0,
        803.0,
        803.0,
        802.0,
        802.0,
        800.0,
        799.0,
        798.0,
        795.0,
        794.0,
        782.0,
        781.0,
        750.0,
        749.0,
        747.0,
        745.0,
        744.0,
        742.0,
        741.0,
        740.0,
        739.0,
        738.0,
        737.0,
        736.0,
        734.0,
        733.0,
        731.0,
        730.0,
        728.0,
        727.0,
        725.0,
        720.0,
        720.0,
        716.0,
        715.0,
        714.0,
        705.0,
        704.0,
        685.0,
        684.0,
        673.0,
        672.0,
        664.0,
        663.0,
        647.0,
        646.0,
        640.0,
        639.0,
        636.0,
        635.0,
        631.0,
        630.0,
        628.0,
        623.0,
        623.0,
        619.0,
        618.0,
        617.0,
        613.0,
        612.0,
        607.0,
        606.0,
        602.0,
        601.0,
        598.0,
        597.0,
        595.0
      ]
    }
  },
  {
    "name": "person",
    "class": 0,
    "confidence": 0.72808,
    "box": {
      "x1": 830.4436,
      "y1": 569.36133,
      "x2": 898.70972,
      "y2": 790.28888
    },
    "track_id": 2,
    "segments": {
      "x": [
        865.0,
        865.0,
        864.0,
        864.0,
        863.0,
        863.0,
        862.0,
        862.0,
        861.0,
        861.0,
        859.0,
        858.0,
        854.0,
        854.0,
        852.0,
        852.0,
        851.0,
        851.0,
        845.0,
        844.0,
        841.0,
        841.0,
        840.0,
        840.0,
        839.0,
        839.0,
        838.0,
        838.0,
        837.0,
        837.0,
        835.0,
        835.0,
        833.0,
        833.0,
        832.0,
        832.0,
        831.0,
        831.0,
        835.0,
        835.0,
        837.0,
        837.0,
        838.0,
        838.0,
        839.0,
        839.0,
        840.0,
        840.0,
        841.0,
        841.0,
        842.0,
        842.0,
        843.0,
        843.0,
        844.0,
        844.0,
        847.0,
        847.0,
        848.0,
        848.0,
        849.0,
        849.0,
        848.0,
        848.0,
        843.0,
        843.0,
        841.0,
        841.0,
        840.0,
        840.0,
        839.0,
        839.0,
        838.0,
        838.0,
        837.0,
        837.0,
        836.0,
        836.0,
        831.0,
        831.0,
        832.0,
        833.0,
        834.0,
        835.0,
        841.0,
        842.0,
        844.0,
        860.0,
        862.0,
        862.0,
        863.0,
        863.0,
        864.0,
        864.0,
        865.0,
        865.0,
        866.0,
        866.0,
        867.0,
        867.0,
        870.0,
        870.0,
        872.0,
        872.0,
        873.0,
        873.0,
        874.0,
        874.0,
        873.0,
        873.0,
        872.0,
        872.0,
        871.0,
        871.0,
        870.0,
        870.0,
        869.0,
        869.0,
        868.0,
        868.0,
        867.0,
        867.0,
        866.0,
        866.0,
        865.0,
        865.0,
        864.0,
        864.0,
        865.0,
        865.0,
        866.0,
        866.0,
        867.0,
        867.0,
        868.0,
        868.0,
        869.0,
        870.0,
        872.0,
        873.0,
        874.0,
        875.0,
        876.0,
        877.0,
        878.0,
        879.0,
        880.0,
        882.0,
        884.0,
        885.0,
        896.0,
        896.0,
        897.0,
        897.0,
        896.0,
        896.0,
        895.0,
        895.0,
        894.0,
        894.0
      ],
      "y": [
        570.0,
        571.0,
        572.0,
        573.0,
        574.0,
        576.0,
        577.0,
        580.0,
        581.0,
        582.0,
        584.0,
        584.0,
        588.0,
        589.0,
        591.0,
        592.0,
        593.0,
        594.0,
        600.0,
        600.0,
        603.0,
        604.0,
        605.0,
        606.0,
        607.0,
        609.0,
        610.0,
        611.0,
        612.0,
        613.0,
        615.0,
        616.0,
        618.0,
        619.0,
        620.0,
        622.0,
        623.0,
        677.0,
        681.0,
        682.0,
        684.0,
        685.0,
        686.0,
        688.0,
        689.0,
        692.0,
        693.0,
        696.0,
        697.0,
        700.0,
        701.0,
        703.0,
        704.0,
        705.0,
        706.0,
        707.0,
        710.0,
        711.0,
        712.0,
        713.0,
        714.0,
        715.0,
        716.0,
        725.0,
        730.0,
        731.0,
        733.0,
        735.0,
        736.0,
        738.0,
        739.0,
        744.0,
        745.0,
        748.0,
        749.0,
        750.0,
        751.0,
        752.0,
        757.0,
        780.0,
        781.0,
        781.0,
        782.0,
        782.0,
        788.0,
        788.0,
        790.0,
        790.0,
        788.0,
        787.0,
        786.0,
        782.0,
        781.0,
        755.0,
        754.0,
        749.0,
        748.0,
        746.0,
        745.0,
        744.0,
        741.0,
        740.0,
        738.0,
        736.0,
        735.0,
        731.0,
        730.0,
        709.0,
        708.0,
        704.0,
        703.0,
        700.0,
        699.0,
        696.0,
        695.0,
        693.0,
        692.0,
        691.0,
        690.0,
        682.0,
        681.0,
        649.0,
        648.0,
        643.0,
        642.0,
        635.0,
        634.0,
        616.0,
        615.0,
        612.0,
        611.0,
        608.0,
        607.0,
        606.0,
        605.0,
        604.0,
        603.0,
        603.0,
        601.0,
        601.0,
        600.0,
        600.0,
        599.0,
        599.0,
        598.0,
        598.0,
        597.0,
        597.0,
        595.0,
        595.0,
        584.0,
        583.0,
        582.0,
        580.0,
        579.0,
        575.0,
        574.0,
        572.0,
        571.0,
        570.0
      ]
    }
  },
  {
    "name": "person",
    "class": 0,
    "confidence": 0.6815,
    "box": {
      "x1": 864.2049,
      "y1": 580.04004,
      "x2": 912.37311,
      "y2": 743.29034
    },
    "track_id": 3,
    "segments": {
      "x": [
        869.0,
        869.0,
        872.0,
        872.0,
        873.0,
        873.0,
        874.0,
        874.0,
        875.0,
        875.0,
        872.0,
        872.0,
        869.0,
        868.0,
        866.0,
        866.0,
        865.0,
        865.0,
        866.0,
        866.0,
        867.0,
        867.0,
        868.0,
        868.0,
        869.0,
        869.0,
        870.0,
        870.0,
        871.0,
        871.0,
        872.0,
        872.0,
        873.0,
        873.0,
        874.0,
        874.0,
        875.0,
        875.0,
        874.0,
        874.0,
        875.0,
        875.0,
        878.0,
        900.0,
        901.0,
        904.0,
        905.0,
        906.0,
        907.0,
        907.0,
        909.0,
        909.0,
        910.0,
        910.0,
        908.0,
        908.0,
        906.0,
        905.0,
        901.0,
        901.0,
        900.0,
        900.0,
        901.0,
        901.0,
        902.0,
        902.0,
        908.0,
        908.0,
        909.0,
        909.0,
        910.0,
        910.0,
        911.0,
        911.0,
        909.0,
        909.0,
        908.0,
        907.0,
        906.0,
        905.0,
        899.0,
        899.0,
        898.0
      ],
      "y": [
        581.0,
        582.0,
        585.0,
        586.0,
        587.0,
        588.0,
        589.0,
        590.0,
        591.0,
        595.0,
        598.0,
        599.0,
        602.0,
        602.0,
        604.0,
        605.0,
        606.0,
        672.0,
        673.0,
        681.0,
        682.0,
        690.0,
        691.0,
        693.0,
        694.0,
        696.0,
        697.0,
        698.0,
        699.0,
        701.0,
        702.0,
        704.0,
        705.0,
        707.0,
        708.0,
        710.0,
        711.0,
        732.0,
        733.0,
        738.0,
        739.0,
        740.0,
        743.0,
        743.0,
        742.0,
        742.0,
        741.0,
        741.0,
        740.0,
        739.0,
        737.0,
        730.0,
        729.0,
        725.0,
        723.0,
        722.0,
        720.0,
        720.0,
        716.0,
        715.0,
        714.0,
        713.0,
        712.0,
        711.0,
        710.0,
        709.0,
        703.0,
        702.0,
        701.0,
        699.0,
        698.0,
        694.0,
        693.0,
        605.0,
        603.0,
        602.0,
        601.0,
        601.0,
        600.0,
        600.0,
        594.0,
        582.0,
        581.0
      ]
    }
  }
]