[
  {
    "name": "person",
    "class": 0,
    "confidence": 0.8939,
    "box": {
      "x1": 1233.71472,
      "y1": 667.74805,
      "x2": 1340.53174,
      "y2": 914.71906
    },
    "track_id": 1,
    "segments": {
      "x": [
        1285.0,
        1285.0,
        1284.0,
        1284.0,
        1283.0,
        1283.0,
        1282.0,
        1282.0,
        1283.0,
        1283.0,
        1284.0,
        1284.0,
        1285.0,
        1285.0,
        1286.0,
        1286.0,
        1287.0,
        1287.0,
        1286.0,
        1286.0,
        1285.0,
        1285.0,
        1284.0,
        1284.0,
        1283.0,
        1283.0,
        1282.0,
        1282.0,
        1281.0,
        1281.0,
        1274.0,
        1274.0,
        1273.0,
        1273.0,
        1272.0,
        1272.0,
        1271.0,
        1271.0,
        1270.0,
        1270.0,
        1269.0,
        1269.0,
        1267.0,
        1267.0,
        1265.0,
        1265.0,
        1263.0,
        1263.0,
        1262.0,
        1262.0,
        1261.0,
        1261.0,
        1260.0,
        1260.0,
        1259.0,
        1259.0,
        1258.0,
        1258.0,
        1250.0,
        1250.0,
        1249.0,
        1249.0,
        1246.0,
        1246.0,
        1243.0,
        1243.0,
        1241.0,
        1240.0,
        1240.0,
        1237.0,
        1237.0,
        1236.0,
        1236.0,
        1235.0,
        1235.0,
        1234.0,
        1234.0,
        1235.0,
        1235.0,
        1236.0,
        1236.0,
        1237.0,
        1237.0,
        1238.0,
        1238.0,
        1244.0,
        1244.0,
        1243.0,
        1243.0,
        1234.0,
        1234.0,
        1235.0,
        1236.0,
        1237.0,
        1238.0,
        1239.0,
        1240.0,
        1241.0,
        1242.0,
        1244.0,
        1245.0,
        1246.0,
        1247.0,
        1249.0,
        1250.0,
        1252.0,
        1253.0,
        1256.0,
        1257.0,
        1262.0,
        1263.0,
        1269.0,
        1270.0,
        1274.0,
        1275.0,
        1277.0,
        1278.0,
        1278.0,
        1279.0,
        1279.0,
        1280.0,
        1280.0,
        1282.0,
        1282.0,
        1285.0,
        1286.0,
        1288.0,
        1289.0,
        1290.0,
        1292.0,
        1293.0,
        1301.0,
        1304.0,
        1304.0,
        1305.0,
        1305.0,
        1306.0,
        1306.0,
        1307.0,
        1307.0,
        1308.0,
        1308.0,
        1309.0,
        1309.0,
        1310.0,
        1310.0,
        1315.0,
        1315.0,
        1317.0,
        1317.0,
        1318.0,
        1318.0,
        1319.0,
        1319.0,
        1320.0,
        1320.0,
        1321.0,
        1321.0,
        1322.0,
        1322.0,
        1326.0,
        1326.0,
        1328.0,
        1328.0,
        1329.0,
        1329.0,
        1330.0,
        1330.0,
        1331.0,
        1331.0,
        1332.0,
        1332.0,
        1333.0,
        1333.0,
        1334.0,
        1334.0,
        1335.0,
        1335.0,
        1336.0,
        1336.0,
        1337.0,
        1337.0,
        1340.0,
        1340.0,
        1341.0,
        1341.0,
        1333.0,
        1333.0,
        1332.0,
        1332.0,
        1330.0,
        1330.0,
        1323.0,
        1323.0,
        1322.0,
        1322.0,
        1321.0,
        1321.0,
        1320.0,
        1320.0,
        1319.0,
        1319.0
      ],
      "y": [
        669.0,
        670.0,
        671.0,
        676.0,
        677.0,
        683.0,
        684.0,
        700.0,
        701.0,
        704.0,
        705.0,
        707.0,
        708.0,
        709.0,
        710.0,
        711.0,
        712.0,
        725.0,
        726.0,
        727.0,
        728.0,
        729.0,
        730.0,
        732.0,
        733.0,
        734.0,
        735.0,
        736.0,
        737.0,
        738.0,
        745.0,
        746.0,
        747.0,
        748.0,
        749.0,
        757.0,
        758.0,
        763.0,
        764.0,
        766.0,
        767.0,
        769.0,
        771.0,
        772.0,
        774.0,
        775.0,
        777.0,
        778.0,
        779.0,
        780.0,
        781.0,
        783.0,
        784.0,
        786.0,
        787.0,
        788.0,
        789.0,
        790.0,
        798.0,
        799.0,
        800.0,
        801.0,
        804.0,
        805.0,
        808.0,
        809.0,
        811.0,
        811.0,
        812.0,
        815.0,
        816.0,
        817.0,
        818.0,
        819.0,
        820.0,
        821.0,
        837.0,
        838.0,
        843.0,
        844.0,
        847.0,
        848.0,
        849.0,
        850.0,
        851.0,
        857.0,
        858.0,
        859.0,
        861.0,
        870.0,
        887.0,
        887.0,
        888.0,
        888.0,
        889.0,
        889.0,
        890.0,
        890.0,
        891.0,
        891.0,
        892.0,
        892.0,
        893.0,
        893.0,
        894.0,
        894.0,
        895.0,
        895.0,
        896.0,
        896.0,
        897.0,
        897.0,
        898.0,
        898.0,
        899.0,
        899.0,
        900.0,
        901.0,
        902.0,
        903.0,
        904.0,
        905.0,
        907.0,
        908.0,
        911.0,
        911.0,
        913.0,
        913.0,
        914.0,
        914.0,
        913.0,
        913.0,
        910.0,
        909.0,
        908.0,
        907.0,
        906.0,
        900.0,
        899.0,
        868.0,
        867.0,
        842.0,
        841.0,
        835.0,
        834.0,
        832.0,
        827.0,
        826.0,
        824.0,
        823.0,
        822.0,
        820.0,
        819.0,
        818.0,
        817.0,
        815.0,
        814.0,
        813.0,
        812.0,
        811.0,
        807.0,
        806.0,
        804.0,
        803.0,
        802.0,
        801.0,
        800.0,
        799.0,
        798.0,
        784.0,
        783.0,
        773.0,
        772.0,
        769.0,
        768.0,
        766.0,
        765.0,
        764.0,
        763.0,
        762.0,
        761.0,
        760.0,
        757.0,
        756.0,
        755.0,
        722.0,
        714.0,
        713.0,
        712.0,
        711.0,
        709.0,
        708.0,
        701.0,
        698.0,
        697.0,
        692.0,
        691.0,
        685.0,
        684.0,
        674.0,
        673.0,
        669.0
      ]
    }
  },
  {
    "name": "person",
    "class": 0,
    "confidence": 0.83952,
    "box": {
      "x1": 837.88708,
      "y1": 641.58539,
      "x2": 937.36237,
      "y2": 789.81042
    },
    "track_id": 2,
    "segments": {
      "x": [
        854.0,
        853.0,
        853.0,
        851.0,
        851.0,
        847.0,
        847.0,
        842.0,
        842.0,
        841.0,
        841.0,
        840.0,
        840.0,
        839.0,
        839.0,
        838.0,
        838.0,
        839.0,
        839.0,
        840.0,
        840.0,
        841.0,
        841.0,
        842.0,
        842.0,
        843.0,
        843.0,
        848.0,
        848.0,
        849.0,
        849.0,
        850.0,
        850.0,
        849.0,
        849.0,
        848.0,
        848.0,
        847.0,
        847.0,
        845.0,
        845.0,
        842.0,
        842.0,
        841.0,
        841.0,
        840.0,
        840.0,
        839.0,
        839.0,
        838.0,
        838.0,
        839.0,
        839.0,
        841.0,
        842.0,
        843.0,
        861.0,
        863.0,
        863.0,
        864.0,
        864.0,
        866.0,
        866.0,
        870.0,
        871.0,
        873.0,
        873.0,
        874.0,
        874.0,
        873.0,
        873.0,
        874.0,
        874.0,
        875.0,
        875.0,
        876.0,
        876.0,
        877.0,
        877.0,
        878.0,
        878.0,
        879.0,
        879.0,
        884.0,
        885.0,
        886.0,
        887.0,
        889.0,
        890.0,
        891.0,
        893.0,
        894.0,
        895.0,
        905.0,
        906.0,
        907.0,
        908.0,
        909.0,
        912.0,
        913.0,
        916.0,
        916.0,
        917.0,
        918.0,
        923.0,
        923.0,
        925.0,
        925.0,
        926.0,
        926.0,
        928.0,
        928.0,
        929.0,
        930.0,
        932.0,
        932.0,
        933.0,
        933.0,
        934.0,
        934.0,
        935.0,
        935.0,
        936.0,
        936.0,
        935.0,
        935.0,
        934.0,
        934.0,
        933.0,
        933.0,
        931.0,
        931.0,
        924.0,
        923.0,
        921.0,
        920.0,
        918.0,
        917.0,
        913.0,
        913.0,
        909.0,
        908.0,
        907.0,
        906.0,
        905.0,
        904.0,
        903.0,
        901.0,
        899.0,
        898.0,
        897.0
      ],
      "y": [
        642.0,
        643.0,
        644.0,
        646.0,
        647.0,
        651.0,
        652.0,
        657.0,
        658.0,
        659.0,
        660.0,
        661.0,
        662.0,
        663.0,
        664.0,
        665.0,
        682.0,
        683.0,
        688.0,
        689.0,
        691.0,
        692.0,
        693.0,
        694.0,
        695.0,
        696.0,
        697.0,
        702.0,
        706.0,
        707.0,
        711.0,
        712.0,
        715.0,
        716.0,
        719.0,
        720.0,
        723.0,
        724.0,
        725.0,
        727.0,
        728.0,
        731.0,
        732.0,
        733.0,
        734.0,
        735.0,
        737.0,
        738.0,
        748.0,
        749.0,
        784.0,
        785.0,
        786.0,
        788.0,
        788.0,
        789.0,
        789.0,
        787.0,
        786.0,
        785.0,
        784.0,
        782.0,
        781.0,
        777.0,
        777.0,
        775.0,
        774.0,
        773.0,
        772.0,
        771.0,
        748.0,
        747.0,
        743.0,
        742.0,
        737.0,
        736.0,
        734.0,
        733.0,
        731.0,
        730.0,
        729.0,
        728.0,
        726.0,
        721.0,
        721.0,
        720.0,
        720.0,
        718.0,
        718.0,
        717.0,
        717.0,
        716.0,
        717.0,
        717.0,
        718.0,
        718.0,
        719.0,
        719.0,
        722.0,
        722.0,
        725.0,
        726.0,
        727.0,
        727.0,
        732.0,
        733.0,
        735.0,
        736.0,
        737.0,
        738.0,
        740.0,
        741.0,
        742.0,
        742.0,
        740.0,
        739.0,
        738.0,
        736.0,
        735.0,
        729.0,
        728.0,
        700.0,
        699.0,
        685.0,
        684.0,
        676.0,
        675.0,
        673.0,
        672.0,
        671.0,
        669.0,
        668.0,
        661.0,
        661.0,
        659.0,
        659.0,
        657.0,
        657.0,
        653.0,
        652.0,
        648.0,
        648.0,
        647.0,
        647.0,
        646.0,
        646.0,
        645.0,
        645.0,
        643.0,
        643.0,
        642.0
      ]
    }
  }
]