[
  {
    "name": "person",
    "class": 0,
    "confidence": 0.87152,
    "box": {
      "x1": 1036.35266,
      "y1": 577.43823,
      "x2": 1115.52136,
      "y2": 781.84003
    },
    "track_id": 1,
    "segments": {
      "x": [
        1054.0,
        1054.0,
        1053.0,
        1053.0,
        1054.0,
        1054.0,
        1055.0,
        1055.0,
        1057.0,
        1057.0,
        1060.0,
        1061.0,
        1065.0,
        1065.0,
        1066.0,
        1066.0,
        1067.0,
        1067.0,
        1066.0,
        1066.0,
        1065.0,
        1065.0,
        1061.0,
        1061.0,
        1059.0,
        1059.0,
        1058.0,
        1058.0,
        1057.0,
        1057.0,
        1056.0,
        1056.0,
        1055.0,
        1055.0,
        1054.0,
        1054.0,
        1055.0,
        1055.0,
        1056.0,
        1056.0,
        1055.0,
        1055.0,
        1056.0,
        1056.0,
        1055.0,
        1055.0,
        1053.0,
        1053.0,
        1052.0,
        1051.0,
        1049.0,
        1045.0,
        1044.0,
        1041.0,
        1040.0,
        1036.0,
        1036.0,
        1038.0,
        1039.0,
        1057.0,
        1058.0,
        1066.0,
        1067.0,
        1071.0,
        1072.0,
        1074.0,
        1075.0,
        1076.0,
        1077.0,
        1078.0,
        1085.0,
        1086.0,
        1089.0,
        1090.0,
        1094.0,
        1095.0,
        1096.0,
        1098.0,
        1099.0,
        1100.0,
        1102.0,
        1102.0,
        1103.0,
        1103.0,
        1104.0,
        1103.0,
        1103.0,
        1102.0,
        1102.0,
        1101.0,
        1101.0,
        1100.0,
        1100.0,
        1095.0,
        1095.0,
        1094.0,
        1095.0,
        1095.0,
        1096.0,
        1096.0,
        1097.0,
        1097.0,
        1098.0,
        1098.0,
        1100.0,
        1100.0,
        1101.0,
        1101.0,
        1102.0,
        1102.0,
        1103.0,
        1103.0,
        1104.0,
        1104.0,
        1109.0,
        1110.0,
        1114.0,
        1114.0,
        1112.0,
        1112.0,
        1106.0,
        1106.0,
        1105.0,
        1105.0,
        1104.0,
        1104.0,
        1103.0,
        1103.0,
        1102.0,
        1102.0,
        1101.0,
        1101.0,
        1093.0,
        1093.0,
        1092.0,
        1092.0,
        1091.0,
        1091.0,
        1090.0,
        1090.0,
        1089.0,
        1089.0,
        1082.0,
        1082.0
      ],
      "y": [
        579.0,
        586.0,
        587.0,
        597.0,
        598.0,
        605.0,
        606.0,
        607.0,
        609.0,
        610.0,
        613.0,
        613.0,
        617.0,
        619.0,
        620.0,
        625.0,
        626.0,
        635.0,
        636.0,
        642.0,
        643.0,
        644.0,
        648.0,
        649.0,
        651.0,
        652.0,
        653.0,
        655.0,
        656.0,
        660.0,
        661.0,
        666.0,
        667.0,
        672.0,
        673.0,
        690.0,
        691.0,
        696.0,
        697.0,
        729.0,
        730.0,
        747.0,
        748.0,
        749.0,
        750.0,
        761.0,
        763.0,
        764.0,
        765.0,
        765.0,
        767.0,
        767.0,
        768.0,
        768.0,
        769.0,
        769.0,
        780.0,
        780.0,
        781.0,
        781.0,
        780.0,
        780.0,
        779.0,
        779.0,
        778.0,
        778.0,
        777.0,
        777.0,
        776.0,
        776.0,
        769.0,
        769.0,
        772.0,
        772.0,
        776.0,
        776.0,
        777.0,
        777.0,
        776.0,
        776.0,
        774.0,
        773.0,
        772.0,
        762.0,
        761.0,
        760.0,
        742.0,
        741.0,
        736.0,
        735.0,
        734.0,
        733.0,
        732.0,
        727.0,
        726.0,
        725.0,
        724.0,
        721.0,
        720.0,
        718.0,
        717.0,
        715.0,
        714.0,
        713.0,
        711.0,
        710.0,
        709.0,
        708.0,
        707.0,
        706.0,
        705.0,
        704.0,
        703.0,
        701.0,
        696.0,
        696.0,
        692.0,
        627.0,
        625.0,
        624.0,
        618.0,
        617.0,
        616.0,
        615.0,
        614.0,
        613.0,
        612.0,
        610.0,
        609.0,
        608.0,
        607.0,
        606.0,
        598.0,
        597.0,
        596.0,
        595.0,
        594.0,
        593.0,
        592.0,
        591.0,
        590.0,
        589.0,
        582.0,
        579.0
      ]
    }
  },
  {
    "name": "person",
    "class": 0,
    "confidence": 0.829,
    "box": {
      "x1": 848.71893,
      "y1": 573.10089,
      "x2": 932.53247,
      "y2": 800.89667
    },
    "track_id": 2,
    "segments": {
      "x": [
        883.0,
        883.0,
        882.0,
        882.0,
        881.0,
        881.0,
        880.0,
        880.0,
        879.0,
        879.0,
        878.0,
        878.0,
        877.0,
        877.0,
        876.0,
        876.0,
        875.0,
        875.0,
        869.0,
        868.0,
        866.0,
        866.0,
        863.0,
        863.0,
        862.0,
        861.0,
        859.0,
        858.0,
        853.0,
        853.0,
        852.0,
        852.0,
        851.0,
        851.0,
        850.0,
        850.0,
        849.0,
        849.0,
        850.0,
        851.0,
        852.0,
        854.0,
        855.0,
        857.0,
        860.0,
        860.0,
        861.0,
        861.0,
        862.0,
        862.0,
        861.0,
        861.0,
        860.0,
        860.0,
        856.0,
        856.0,
        854.0,
        854.0,
        853.0,
        853.0,
        852.0,
        852.0,
        851.0,
        851.0,
        850.0,
        850.0,
        849.0,
        849.0,
        854.0,
        855.0,
        857.0,
        858.0,
        860.0,
        861.0,
        863.0,
        864.0,
        866.0,
        867.0,
        869.0,
        870.0,
        871.0,
        872.0,
        874.0,
        874.0,
        876.0,
        876.0,
        877.0,
        877.0,
        878.0,
        878.0,
        879.0,
        879.0,
        880.0,
        880.0,
        881.0,
        884.0,
        884.0,
        885.0,
        885.0,
        886.0,
        886.0,
        887.0,
        887.0,
        888.0,
        888.0,
        889.0,
        889.0,
        890.0,
        890.0,
        891.0,
        891.0,
        892.0,
        892.0,
        893.0,
        893.0,
        894.0,
        895.0,
        900.0,
        901.0,
        902.0,
        921.0,
        924.0,
        924.0,
        931.0,
        931.0,
        929.0,
        928.0,
        926.0,
        925.0,
        916.0,
        916.0,
        914.0,
        914.0,
        913.0,
        913.0,
        912.0,
        912.0,
        911.0,
        911.0,
        912.0,
        912.0,
        917.0,
        917.0,
        918.0,
        918.0,
        919.0,
        919.0,
        920.0,
        920.0,
        921.0,
        921.0,
        922.0,
        922.0,
        923.0,
        923.0,
        924.0,
        924.0,
        923.0,
        923.0,
        922.0,
        922.0,
        921.0,
        921.0,
        920.0,
        920.0,
        919.0,
        919.0,
        918.0,
        918.0,
        917.0,
        916.0,
        913.0,
        913.0,
        912.0,
        912.0,
        911.0,
        911.0,
        910.0,
        910.0
      ],
      "y": [
        573.0,
        574.0,
        575.0,
        576.0,
        577.0,
        579.0,
        580.0,
        582.0,
        583.0,
        584.0,
        585.0,
        587.0,
        588.0,
        590.0,
        591.0,
        594.0,
        595.0,
        596.0,
        602.0,
        602.0,
        604.0,
        605.0,
        608.0,
        609.0,
        610.0,
        610.0,
        612.0,
        612.0,
        617.0,
        618.0,
        619.0,
        623.0,
        624.0,
        628.0,
        629.0,
        635.0,
        636.0,
        702.0,
        703.0,
        703.0,
        704.0,
        704.0,
        705.0,
        705.0,
        708.0,
        709.0,
        710.0,
        711.0,
        712.0,
        716.0,
        717.0,
        718.0,
        719.0,
        720.0,
        724.0,
        725.0,
        727.0,
        728.0,
        729.0,
        730.0,
        731.0,
        733.0,
        734.0,
        736.0,
        737.0,
        740.0,
        741.0,
        753.0,
        758.0,
        758.0,
        760.0,
        760.0,
        758.0,
        758.0,
        756.0,
        756.0,
        754.0,
        754.0,
        752.0,
        752.0,
        751.0,
        751.0,
        749.0,
        748.0,
        746.0,
        745.0,
        744.0,
        743.0,
        742.0,
        740.0,
        739.0,
        738.0,
        737.0,
        736.0,
        735.0,
        738.0,
        741.0,
        742.0,
        747.0,
        748.0,
        754.0,
        755.0,
        762.0,
        763.0,
        775.0,
        776.0,
        784.0,
        785.0,
        787.0,
        788.0,
        789.0,
        790.0,
        791.0,
        792.0,
        793.0,
        794.0,
        794.0,
        799.0,
        799.0,
        800.0,
        800.0,
        797.0,
        796.0,
        789.0,
        784.0,
        782.0,
        782.0,
        780.0,
        780.0,
        771.0,
        770.0,
        768.0,
        767.0,
        766.0,
        764.0,
        763.0,
        757.0,
        756.0,
        721.0,
        720.0,
        718.0,
        713.0,
        710.0,
        709.0,
        697.0,
        696.0,
        684.0,
        683.0,
        676.0,
        675.0,
        672.0,
        671.0,
        667.0,
        666.0,
        659.0,
        658.0,
        637.0,
        636.0,
        633.0,
        632.0,
        629.0,
        628.0,
        626.0,
        625.0,
        623.0,
        622.0,
        620.0,
        619.0,
        618.0,
        617.0,
        617.0,
        614.0,
        612.0,
        611.0,
        591.0,
        590.0,
        578.0,
        577.0,
        573.0
      ]
    }
  }
]