[
  {
    "name": "person",
    "class": 0,
    "confidence": 0.88162,
    "box": {
      "x1": 1085.25476,
      "y1": 595.07721,
      "x2": 1158.72583,
      "y2": 805.18311
    },
    "track_id": 1,
    "segments": {
      "x": [
        1110.0,
        1107.0,
        1107.0,
        1106.0,
        1106.0,
        1105.0,
        1105.0,
        1104.0,
        1104.0,
        1105.0,
        1105.0,
        1106.0,
        1106.0,
        1113.0,
        1113.0,
        1114.0,
        1114.0,
        1115.0,
        1115.0,
        1114.0,
        1114.0,
        1113.0,
        1113.0,
        1108.0,
        1108.0,
        1106.0,
        1106.0,
        1105.0,
        1105.0,
        1104.0,
        1104.0,
        1103.0,
        1103.0,
        1101.0,
        1101.0,
        1098.0,
        1097.0,
        1092.0,
        1092.0,
        1091.0,
        1091.0,
        1090.0,
        1090.0,
        1091.0,
        1091.0,
        1092.0,
        1092.0,
        1093.0,
        1093.0,
        1094.0,
        1095.0,
        1097.0,
        1098.0,
        1101.0,
        1101.0,
        1102.0,
        1102.0,
        1103.0,
        1103.0,
        1104.0,
        1104.0,
        1103.0,
        1103.0,
        1102.0,
        1102.0,
        1101.0,
        1101.0,
        1100.0,
        1100.0,
        1097.0,
        1096.0,
        1095.0,
        1093.0,
        1092.0,
        1091.0,
        1090.0,
        1088.0,
        1087.0,
        1086.0,
        1086.0,
        1094.0,
        1095.0,
        1113.0,
        1114.0,
        1122.0,
        1124.0,
        1125.0,
        1125.0,
        1127.0,
        1127.0,
        1128.0,
        1128.0,
        1129.0,
        1129.0,
        1130.0,
        1130.0,
        1131.0,
        1131.0,
        1134.0,
        1134.0,
        1136.0,
        1136.0,
        1137.0,
        1137.0,
        1138.0,
        1138.0,
        1139.0,
        1139.0,
        1138.0,
        1138.0,
        1137.0,
        1137.0,
        1136.0,
        1136.0,
        1135.0,
        1135.0,
        1134.0,
        1134.0,
        1135.0,
        1135.0,
        1136.0,
        1136.0,
        1137.0,
        1137.0,
        1138.0,
        1138.0,
        1139.0,
        1139.0,
        1140.0,
        1140.0,
        1141.0,
        1141.0,
        1142.0,
        1142.0,
        1143.0,
        1143.0,
        1145.0,
        1146.0,
        1147.0,
        1147.0,
        1149.0,
        1149.0,
        1150.0,
        1150.0,
        1151.0,
        1151.0,
        1152.0,
        1152.0,
        1153.0,
        1153.0,
        1154.0,
        1154.0,
        1155.0,
        1155.0,
        1156.0,
        1156.0,
        1158.0,
        1158.0,
        1159.0,
        1159.0,
        1157.0,
        1156.0,
        1154.0,
        1154.0,
        1152.0,
        1152.0,
        1151.0,
        1151.0,
        1147.0,
        1146.0,
        1142.0,
        1142.0,
        1141.0,
        1141.0,
        1140.0,
        1140.0,
        1139.0,
        1139.0
      ],
      "y": [
        595.0,
        598.0,
        599.0,
        600.0,
        601.0,
        602.0,
        603.0,
        604.0,
        621.0,
        622.0,
        625.0,
        626.0,
        629.0,
        636.0,
        637.0,
        638.0,
        639.0,
        640.0,
        650.0,
        651.0,
        654.0,
        655.0,
        656.0,
        661.0,
        662.0,
        664.0,
        665.0,
        666.0,
        672.0,
        673.0,
        690.0,
        691.0,
        702.0,
        704.0,
        705.0,
        708.0,
        708.0,
        713.0,
        715.0,
        716.0,
        720.0,
        721.0,
        729.0,
        730.0,
        733.0,
        734.0,
        736.0,
        737.0,
        738.0,
        739.0,
        739.0,
        741.0,
        741.0,
        744.0,
        745.0,
        746.0,
        747.0,
        748.0,
        749.0,
        750.0,
        774.0,
        775.0,
        778.0,
        779.0,
        781.0,
        782.0,
        783.0,
        784.0,
        785.0,
        788.0,
        788.0,
        789.0,
        789.0,
        790.0,
        790.0,
        791.0,
        791.0,
        792.0,
        792.0,
        803.0,
        803.0,
        804.0,
        804.0,
        803.0,
        803.0,
        801.0,
        801.0,
        800.0,
        798.0,
        797.0,
        796.0,
        795.0,
        794.0,
        793.0,
        792.0,
        791.0,
        790.0,
        789.0,
        786.0,
        785.0,
        783.0,
        782.0,
        781.0,
        779.0,
        778.0,
        775.0,
        774.0,
        771.0,
        770.0,
        764.0,
        763.0,
        759.0,
        758.0,
        756.0,
        755.0,
        753.0,
        752.0,
        749.0,
        748.0,
        747.0,
        746.0,
        745.0,
        744.0,
        742.0,
        741.0,
        739.0,
        738.0,
        735.0,
        734.0,
        732.0,
        731.0,
        729.0,
        728.0,
        727.0,
        726.0,
        725.0,
        723.0,
        723.0,
        722.0,
        721.0,
        719.0,
        718.0,
        717.0,
        716.0,
        715.0,
        714.0,
        713.0,
        710.0,
        709.0,
        707.0,
        706.0,
        705.0,
        704.0,
        703.0,
        702.0,
        701.0,
        699.0,
        698.0,
        697.0,
        636.0,
        634.0,
        634.0,
        632.0,
        631.0,
        629.0,
        628.0,
        627.0,
        626.0,
        622.0,
        622.0,
        618.0,
        617.0,
        616.0,
        613.0,
        612.0,
        607.0,
        606.0,
        595.0
      ]
    }
  },
  {
    "name": "person",
    "class": 0,
    "confidence": 0.48494,
    "box": {
      "x1": 829.8042,
      "y1": 570.69281,
      "x2": 925.36664,
      "y2": 790.89813
    },
    "track_id": 2,
    "segments": {
      "x": [
        867.0,
        867.0,
        865.0,
        865.0,
        864.0,
        864.0,
        863.0,
        863.0,
        862.0,
        862.0,
        854.0,
        854.0,
        852.0,
        852.0,
        850.0,
        850.0,
        849.0,
        848.0,
        845.0,
        844.0,
        842.0,
        842.0,
        841.0,
        841.0,
        840.0,
        840.0,
        839.0,
        839.0,
        838.0,
        838.0,
        837.0,
        837.0,
        836.0,
        836.0,
        837.0,
        837.0,
        838.0,
        838.0,
        839.0,
        839.0,
        840.0,
        840.0,
        841.0,
        841.0,
        842.0,
        842.0,
        843.0,
        843.0,
        845.0,
        845.0,
        848.0,
        848.0,
        849.0,
        849.0,
        850.0,
        850.0,
        851.0,
        851.0,
        850.0,
        850.0,
        849.0,
        849.0,
        848.0,
        848.0,
        842.0,
        842.0,
        841.0,
        841.0,
        840.0,
        840.0,
        839.0,
        839.0,
        838.0,
        838.0,
        837.0,
        837.0,
        832.0,
        831.0,
        831.0,
        830.0,
        830.0,
        832.0,
        833.0,
        834.0,
        835.0,
        841.0,
        842.0,
        843.0,
        844.0,
        845.0,
        860.0,
        862.0,
        862.0,
        863.0,
        863.0,
        864.0,
        864.0,
        865.0,
        865.0,
        866.0,
        866.0,
        867.0,
        867.0,
        872.0,
        872.0,
        873.0,
        873.0,
        874.0,
        874.0,
        875.0,
        875.0,
        876.0,
        876.0,
        877.0,
        877.0,
        878.0,
        878.0,
        879.0,
        879.0,
        880.0,
        880.0,
        881.0,
        881.0,
        882.0,
        886.0,
        886.0,
        887.0,
        887.0,
        888.0,
        888.0,
        891.0,
        891.0,
        893.0,
        893.0,
        894.0,
        894.0,
        899.0,
        900.0,
        901.0,
        902.0,
        903.0,
        904.0,
        905.0,
        908.0,
        909.0,
        917.0,
        918.0,
        919.0,
        921.0,
        921.0,
        920.0,
        919.0,
        918.0,
        917.0,
        916.0,
        915.0,
        914.0,
        910.0,
        910.0,
        909.0,
        909.0,
        908.0,
        908.0,
        907.0,
        907.0,
        908.0,
        908.0,
        909.0,
        909.0,
        908.0,
        908.0,
        909.0,
        909.0,
        908.0,
        908.0,
        907.0,
        907.0,
        906.0,
        906.0,
        905.0,
        905.0,
        900.0,
        900.0,
        899.0,
        899.0,
        898.0,
        898.0,
        897.0,
        897.0,
        896.0,
        896.0,
        892.0
      ],
      "y": [
        571.0,
        572.0,
        574.0,
        575.0,
        576.0,
        578.0,
        579.0,
        581.0,
        582.0,
        583.0,
        591.0,
        592.0,
        594.0,
        595.0,
        597.0,
        598.0,
        599.0,
        599.0,
        602.0,
        602.0,
        604.0,
        605.0,
        606.0,
        609.0,
        610.0,
        613.0,
        614.0,
        617.0,
        618.0,
        623.0,
        624.0,
        627.0,
        628.0,
        666.0,
        667.0,
        671.0,
        672.0,
        677.0,
        678.0,
        683.0,
        684.0,
        688.0,
        689.0,
        691.0,
        692.0,
        693.0,
        694.0,
        695.0,
        697.0,
        698.0,
        701.0,
        702.0,
        703.0,
        706.0,
        707.0,
        712.0,
        713.0,
        718.0,
        719.0,
        726.0,
        727.0,
        728.0,
        729.0,
        730.0,
        736.0,
        738.0,
        739.0,
        741.0,
        742.0,
        745.0,
        746.0,
        749.0,
        750.0,
        751.0,
        752.0,
        753.0,
        758.0,
        758.0,
        759.0,
        760.0,
        779.0,
        781.0,
        781.0,
        782.0,
        782.0,
        788.0,
        788.0,
        789.0,
        789.0,
        790.0,
        790.0,
        788.0,
        787.0,
        786.0,
        779.0,
        778.0,
        759.0,
        758.0,
        755.0,
        754.0,
        751.0,
        750.0,
        749.0,
        744.0,
        743.0,
        742.0,
        741.0,
        740.0,
        739.0,
        738.0,
        732.0,
        731.0,
        724.0,
        723.0,
        719.0,
        718.0,
        716.0,
        715.0,
        710.0,
        709.0,
        705.0,
        704.0,
        703.0,
        702.0,
        706.0,
        707.0,
        708.0,
        710.0,
        711.0,
        713.0,
        716.0,
        717.0,
        719.0,
        720.0,
        721.0,
        722.0,
        727.0,
        727.0,
        728.0,
        728.0,
        729.0,
        729.0,
        730.0,
        730.0,
        729.0,
        729.0,
        728.0,
        728.0,
        726.0,
        725.0,
        725.0,
        724.0,
        724.0,
        723.0,
        723.0,
        722.0,
        722.0,
        718.0,
        717.0,
        716.0,
        714.0,
        713.0,
        706.0,
        705.0,
        689.0,
        688.0,
        663.0,
        662.0,
        646.0,
        645.0,
        636.0,
        635.0,
        627.0,
        626.0,
        617.0,
        616.0,
        613.0,
        612.0,
        610.0,
        609.0,
        608.0,
        603.0,
        602.0,
        601.0,
        599.0,
        598.0,
        579.0,
        578.0,
        577.0,
        576.0,
        575.0,
        571.0
      ]
    }
  }
]