[
  {
    "name": "person",
    "class": 0,
    "confidence": 0.8932,
    "box": {
      "x1": 1001.94275,
      "y1": 564.90558,
      "x2": 1085.08057,
      "y2": 760.80182
    },
    "track_id": 1,
    "segments": {
      "x": [
        1007.0,
        1007.0,
        1006.0,
        1006.0,
        1007.0,
        1007.0,
        1008.0,
        1008.0,
        1009.0,
        1009.0,
        1008.0,
        1008.0,
        1007.0,
        1007.0,
        1006.0,
        1006.0,
        1005.0,
        1005.0,
        1004.0,
        1004.0,
        1002.0,
        1002.0,
        1003.0,
        1012.0,
        1013.0,
        1015.0,
        1016.0,
        1017.0,
        1020.0,
        1020.0,
        1021.0,
        1021.0,
        1022.0,
        1022.0,
        1023.0,
        1023.0,
        1024.0,
        1024.0,
        1025.0,
        1026.0,
        1027.0,
        1027.0,
        1028.0,
        1028.0,
        1029.0,
        1029.0,
        1030.0,
        1030.0,
        1031.0,
        1031.0,
        1030.0,
        1030.0,
        1021.0,
        1021.0,
        1020.0,
        1020.0,
        1019.0,
        1019.0,
        1020.0,
        1020.0,
        1021.0,
        1022.0,
        1024.0,
        1027.0,
        1028.0,
        1029.0,
        1030.0,
        1031.0,
        1038.0,
        1039.0,
        1043.0,
        1043.0,
        1044.0,
        1044.0,
        1045.0,
        1045.0,
        1046.0,
        1046.0,
        1047.0,
        1047.0,
        1048.0,
        1048.0,
        1053.0,
        1054.0,
        1056.0,
        1057.0,
        1059.0,
        1060.0,
        1061.0,
        1064.0,
        1064.0,
        1065.0,
        1065.0,
        1066.0,
        1066.0,
        1067.0,
        1067.0,
        1068.0,
        1068.0,
        1069.0,
        1069.0,
        1070.0,
        1070.0,
        1073.0,
        1075.0,
        1076.0,
        1077.0,
        1078.0,
        1079.0,
        1081.0,
        1082.0,
        1083.0,
        1084.0,
        1085.0,
        1085.0,
        1084.0,
        1084.0,
        1083.0,
        1083.0,
        1082.0,
        1082.0,
        1081.0,
        1081.0,
        1080.0,
        1080.0,
        1081.0,
        1081.0,
        1082.0,
        1082.0,
        1083.0,
        1083.0,
        1082.0,
        1082.0,
        1081.0,
        1081.0,
        1080.0,
        1080.0,
        1079.0,
        1079.0,
        1078.0,
        1078.0,
        1077.0,
        1077.0,
        1069.0,
        1069.0,
        1068.0,
        1068.0,
        1067.0,
        1067.0,
        1064.0,
        1063.0,
        1061.0,
        1060.0,
        1052.0,
        1051.0,
        1050.0,
        1049.0,
        1048.0,
        1047.0,
        1046.0,
        1045.0,
        1044.0,
        1043.0,
        1038.0,
        1038.0
      ],
      "y": [
        565.0,
        573.0,
        574.0,
        586.0,
        587.0,
        596.0,
        597.0,
        602.0,
        603.0,
        610.0,
        611.0,
        619.0,
        620.0,
        629.0,
        630.0,
        633.0,
        634.0,
        635.0,
        636.0,
        638.0,
        640.0,
        672.0,
        671.0,
        671.0,
        670.0,
        670.0,
        669.0,
        669.0,
        666.0,
        663.0,
        662.0,
        655.0,
        654.0,
        650.0,
        649.0,
        645.0,
        644.0,
        642.0,
        641.0,
        641.0,
        642.0,
        645.0,
        646.0,
        649.0,
        650.0,
        657.0,
        658.0,
        681.0,
        682.0,
        722.0,
        723.0,
        726.0,
        735.0,
        736.0,
        737.0,
        746.0,
        747.0,
        749.0,
        750.0,
        751.0,
        752.0,
        752.0,
        754.0,
        754.0,
        753.0,
        753.0,
        752.0,
        752.0,
        745.0,
        745.0,
        741.0,
        740.0,
        739.0,
        738.0,
        737.0,
        734.0,
        733.0,
        730.0,
        729.0,
        727.0,
        726.0,
        724.0,
        719.0,
        719.0,
        717.0,
        717.0,
        715.0,
        715.0,
        714.0,
        717.0,
        718.0,
        719.0,
        721.0,
        722.0,
        724.0,
        725.0,
        742.0,
        743.0,
        751.0,
        752.0,
        753.0,
        754.0,
        755.0,
        758.0,
        758.0,
        757.0,
        757.0,
        756.0,
        756.0,
        754.0,
        754.0,
        753.0,
        753.0,
        752.0,
        731.0,
        730.0,
        726.0,
        725.0,
        723.0,
        722.0,
        719.0,
        718.0,
        714.0,
        713.0,
        664.0,
        663.0,
        652.0,
        651.0,
        646.0,
        645.0,
        640.0,
        639.0,
        637.0,
        636.0,
        633.0,
        632.0,
        625.0,
        624.0,
        613.0,
        612.0,
        606.0,
        605.0,
        604.0,
        596.0,
        595.0,
        594.0,
        593.0,
        592.0,
        591.0,
        588.0,
        588.0,
        586.0,
        586.0,
        578.0,
        578.0,
        577.0,
        577.0,
        576.0,
        576.0,
        575.0,
        575.0,
        574.0,
        574.0,
        569.0,
        565.0
      ]
    }
  },
  {
    "name": "person",
    "class": 0,
    "confidence": 0.75821,
    "box": {
      "x1": 843.76428,
      "y1": 599.28485,
      "x2": 933.60376,
      "y2": 794.56158
    },
    "track_id": 2,
    "segments": {
      "x": [
        896.0,
        896.0,
        895.0,
        895.0,
        894.0,
        894.0,
        891.0,
        890.0,
        888.0,
        887.0,
        886.0,
        884.0,
        883.0,
        881.0,
        880.0,
        879.0,
        878.0,
        877.0,
        876.0,
        875.0,
        873.0,
        873.0,
        871.0,
        870.0,
        866.0,
        866.0,
        864.0,
        864.0,
        863.0,
        863.0,
        862.0,
        862.0,
        861.0,
        861.0,
        860.0,
        860.0,
        859.0,
        859.0,
        854.0,
        854.0,
        853.0,
        853.0,
        852.0,
        852.0,
        851.0,
        851.0,
        850.0,
        850.0,
        849.0,
        849.0,
        845.0,
        844.0,
        844.0,
        847.0,
        847.0,
        848.0,
        848.0,
        849.0,
        849.0,
        850.0,
        850.0,
        851.0,
        851.0,
        852.0,
        852.0,
        853.0,
        853.0,
        855.0,
        856.0,
        857.0,
        859.0,
        860.0,
        861.0,
        862.0,
        863.0,
        868.0,
        868.0,
        870.0,
        870.0,
        871.0,
        871.0,
        872.0,
        872.0,
        873.0,
        873.0,
        874.0,
        874.0,
        875.0,
        875.0,
        876.0,
        876.0,
        878.0,
        879.0,
        881.0,
        882.0,
        888.0,
        888.0,
        889.0,
        889.0,
        890.0,
        890.0,
        891.0,
        891.0,
        892.0,
        892.0,
        893.0,
        893.0,
        894.0,
        894.0,
        895.0,
        895.0,
        896.0,
        896.0,
        897.0,
        897.0,
        898.0,
        898.0,
        899.0,
        899.0,
        900.0,
        900.0,
        899.0,
        899.0,
        898.0,
        898.0,
        897.0,
        897.0,
        896.0,
        896.0,
        895.0,
        895.0,
        893.0,
        893.0,
        892.0,
        892.0,
        891.0,
        891.0,
        920.0,
        922.0,
        922.0,
        923.0,
        923.0,
        924.0,
        924.0,
        925.0,
        925.0,
        926.0,
        926.0,
        927.0,
        926.0,
        926.0,
        925.0,
        925.0,
        924.0,
        924.0,
        923.0,
        923.0,
        922.0,
        922.0,
        921.0,
        921.0,
        920.0,
        920.0,
        919.0,
        919.0,
        918.0,
        918.0,
        917.0,
        917.0,
        916.0,
        916.0,
        915.0,
        915.0,
        914.0,
        914.0,
        913.0,
        913.0,
        912.0,
        912.0,
        911.0,
        911.0,
        910.0,
        910.0,
        909.0,
        909.0,
        908.0,
        908.0,
        907.0,
        907.0,
        905.0,
        905.0,
        904.0,
        904.0,
        903.0,
        903.0,
        902.0,
        902.0,
        903.0,
        903.0,
        904.0,
        904.0,
        905.0,
        905.0,
        906.0,
        907.0,
        911.0,
        911.0,
        916.0,
        917.0,
        918.0,
        918.0,
        919.0,
        919.0,
        920.0,
        920.0,
        921.0,
        921.0,
        922.0,
        922.0,
        921.0,
        921.0,
        922.0,
        922.0,
        923.0,
        923.0,
        922.0,
        922.0
      ],
      "y": [
        599.0,
        600.0,
        601.0,
        603.0,
        604.0,
        605.0,
        608.0,
        608.0,
        610.0,
        610.0,
        611.0,
        611.0,
        612.0,
        612.0,
        613.0,
        613.0,
        614.0,
        614.0,
        615.0,
        615.0,
        617.0,
        618.0,
        620.0,
        620.0,
        624.0,
        625.0,
        627.0,
        629.0,
        630.0,
        632.0,
        633.0,
        634.0,
        635.0,
        636.0,
        637.0,
        638.0,
        639.0,
        640.0,
        645.0,
        646.0,
        647.0,
        648.0,
        649.0,
        650.0,
        651.0,
        653.0,
        654.0,
        655.0,
        656.0,
        657.0,
        661.0,
        661.0,
        701.0,
        704.0,
        705.0,
        706.0,
        707.0,
        708.0,
        710.0,
        711.0,
        720.0,
        721.0,
        755.0,
        756.0,
        761.0,
        762.0,
        763.0,
        765.0,
        765.0,
        766.0,
        766.0,
        765.0,
        765.0,
        764.0,
        764.0,
        759.0,
        758.0,
        756.0,
        755.0,
        754.0,
        753.0,
        752.0,
        749.0,
        748.0,
        738.0,
        737.0,
        726.0,
        725.0,
        724.0,
        723.0,
        722.0,
        720.0,
        720.0,
        718.0,
        718.0,
        724.0,
        726.0,
        727.0,
        731.0,
        732.0,
        735.0,
        736.0,
        739.0,
        740.0,
        742.0,
        743.0,
        744.0,
        745.0,
        746.0,
        747.0,
        748.0,
        749.0,
        751.0,
        752.0,
        754.0,
        755.0,
        759.0,
        760.0,
        767.0,
        768.0,
        775.0,
        776.0,
        779.0,
        780.0,
        782.0,
        783.0,
        785.0,
        786.0,
        787.0,
        788.0,
        789.0,
        791.0,
        792.0,
        793.0,
        794.0,
        795.0,
        798.0,
        798.0,
        796.0,
        794.0,
        793.0,
        792.0,
        791.0,
        790.0,
        789.0,
        788.0,
        787.0,
        786.0,
        785.0,
        784.0,
        781.0,
        780.0,
        777.0,
        776.0,
        771.0,
        770.0,
        765.0,
        764.0,
        758.0,
        757.0,
        753.0,
        752.0,
        740.0,
        739.0,
        734.0,
        733.0,
        730.0,
        729.0,
        726.0,
        725.0,
        724.0,
        723.0,
        722.0,
        721.0,
        719.0,
        718.0,
        716.0,
        715.0,
        712.0,
        711.0,
        708.0,
        707.0,
        706.0,
        705.0,
        704.0,
        703.0,
        702.0,
        701.0,
        700.0,
        698.0,
        697.0,
        696.0,
        695.0,
        694.0,
        693.0,
        692.0,
        685.0,
        684.0,
        679.0,
        678.0,
        676.0,
        675.0,
        674.0,
        673.0,
        673.0,
        669.0,
        668.0,
        663.0,
        663.0,
        662.0,
        661.0,
        660.0,
        659.0,
        658.0,
        657.0,
        656.0,
        652.0,
        651.0,
        635.0,
        634.0,
        627.0,
        626.0,
        621.0,
        620.0,
        603.0,
        602.0,
        599.0
      ]
    }
  }
]