[
  {
    "name": "person",
    "class": 0,
    "confidence": 0.90348,
    "box": {
      "x1": 1270.30566,
      "y1": 710.52576,
      "x2": 1399.32971,
      "y2": 992.57373
    },
    "track_id": 1,
    "segments": {
      "x": [
        1330.0,
        1330.0,
        1329.0,
        1329.0,
        1328.0,
        1328.0,
        1325.0,
        1325.0,
        1323.0,
        1323.0,
        1322.0,
        1322.0,
        1321.0,
        1321.0,
        1322.0,
        1322.0,
        1323.0,
        1323.0,
        1325.0,
        1325.0,
        1327.0,
        1327.0,
        1329.0,
        1329.0,
        1330.0,
        1330.0,
        1331.0,
        1331.0,
        1332.0,
        1332.0,
        1333.0,
        1333.0,
        1334.0,
        1334.0,
        1333.0,
        1333.0,
        1331.0,
        1331.0,
        1330.0,
        1330.0,
        1329.0,
        1329.0,
        1326.0,
        1326.0,
        1323.0,
        1323.0,
        1322.0,
        1322.0,
        1321.0,
        1321.0,
        1320.0,
        1320.0,
        1319.0,
        1319.0,
        1318.0,
        1318.0,
        1317.0,
        1317.0,
        1316.0,
        1316.0,
        1315.0,
        1315.0,
        1312.0,
        1312.0,
        1310.0,
        1310.0,
        1309.0,
        1309.0,
        1308.0,
        1308.0,
        1307.0,
        1307.0,
        1303.0,
        1302.0,
        1301.0,
        1299.0,
        1298.0,
        1294.0,
        1293.0,
        1290.0,
        1289.0,
        1288.0,
        1285.0,
        1285.0,
        1284.0,
        1284.0,
        1283.0,
        1283.0,
        1282.0,
        1282.0,
        1281.0,
        1281.0,
        1279.0,
        1280.0,
        1280.0,
        1281.0,
        1283.0,
        1284.0,
        1285.0,
        1286.0,
        1287.0,
        1288.0,
        1289.0,
        1292.0,
        1293.0,
        1302.0,
        1305.0,
        1305.0,
        1307.0,
        1307.0,
        1306.0,
        1306.0,
        1305.0,
        1305.0,
        1304.0,
        1304.0,
        1303.0,
        1303.0,
        1301.0,
        1300.0,
        1298.0,
        1297.0,
        1296.0,
        1295.0,
        1294.0,
        1293.0,
        1292.0,
        1291.0,
        1290.0,
        1289.0,
        1287.0,
        1286.0,
        1285.0,
        1284.0,
        1281.0,
        1280.0,
        1277.0,
        1276.0,
        1275.0,
        1271.0,
        1270.0,
        1270.0,
        1273.0,
        1274.0,
        1275.0,
        1277.0,
        1278.0,
        1279.0,
        1283.0,
        1283.0,
        1285.0,
        1285.0,
        1287.0,
        1288.0,
        1290.0,
        1295.0,
        1296.0,
        1300.0,
        1301.0,
        1302.0,
        1303.0,
        1304.0,
        1305.0,
        1307.0,
        1308.0,
        1309.0,
        1311.0,
        1312.0,
        1313.0,
        1314.0,
        1315.0,
        1315.0,
        1316.0,
        1316.0,
        1317.0,
        1317.0,
        1318.0,
        1318.0,
        1319.0,
        1319.0,
        1320.0,
        1320.0,
        1321.0,
        1321.0,
        1322.0,
        1322.0,
        1323.0,
        1323.0,
        1328.0,
        1328.0,
        1329.0,
        1329.0,
        1330.0,
        1330.0,
        1328.0,
        1328.0,
        1321.0,
        1321.0,
        1322.0,
        1322.0,
        1326.0,
        1327.0,
        1328.0,
        1329.0,
        1330.0,
        1331.0,
        1332.0,
        1333.0,
        1335.0,
        1336.0,
        1338.0,
        1339.0,
        1343.0,
        1362.0,
        1364.0,
        1364.0,
        1365.0,
        1365.0,
        1366.0,
        1366.0,
        1365.0,
        1365.0,
        1364.0,
        1364.0,
        1363.0,
        1363.0,
        1362.0,
        1362.0,
        1361.0,
        1361.0,
        1360.0,
        1360.0,
        1359.0,
        1359.0,
        1358.0,
        1358.0,
        1357.0,
        1357.0,
        1356.0,
        1356.0,
        1355.0,
        1355.0,
        1354.0,
        1354.0,
        1355.0,
        1355.0,
        1356.0,
        1356.0,
        1357.0,
        1357.0,
        1362.0,
        1363.0,
        1371.0,
        1372.0,
        1373.0,
        1375.0,
        1376.0,
        1382.0,
        1383.0,
        1386.0,
        1391.0,
        1391.0,
        1392.0,
        1392.0,
        1393.0,
        1393.0,
        1394.0,
        1394.0,
        1395.0,
        1395.0,
        1396.0,
        1396.0,
        1397.0,
        1397.0,
        1398.0,
        1398.0,
        1396.0,
        1396.0,
        1394.0,
        1394.0,
        1393.0,
        1393.0,
        1392.0,
        1392.0,
        1391.0,
        1391.0,
        1387.0,
        1386.0,
        1384.0,
        1383.0,
        1378.0,
        1378.0,
        1376.0,
        1376.0,
        1370.0,
        1370.0,
        1369.0,
        1369.0,
        1368.0,
        1368.0,
        1367.0,
        1367.0,
        1366.0
      ],
      "y": [
        711.0,
        714.0,
        715.0,
        716.0,
        717.0,
        718.0,
        721.0,
        722.0,
        724.0,
        727.0,
        728.0,
        734.0,
        735.0,
        738.0,
        739.0,
        741.0,
        742.0,
        743.0,
        745.0,
        746.0,
        748.0,
        749.0,
        751.0,
        752.0,
        753.0,
        754.0,
        755.0,
        756.0,
        757.0,
        758.0,
        759.0,
        760.0,
        761.0,
        762.0,
        763.0,
        764.0,
        766.0,
        767.0,
        768.0,
        769.0,
        770.0,
        771.0,
        774.0,
        775.0,
        778.0,
        779.0,
        780.0,
        781.0,
        782.0,
        783.0,
        784.0,
        788.0,
        789.0,
        797.0,
        798.0,
        801.0,
        802.0,
        803.0,
        804.0,
        806.0,
        807.0,
        808.0,
        811.0,
        812.0,
        814.0,
        815.0,
        816.0,
        817.0,
        818.0,
        819.0,
        820.0,
        822.0,
        826.0,
        826.0,
        827.0,
        827.0,
        828.0,
        828.0,
        829.0,
        829.0,
        830.0,
        830.0,
        833.0,
        834.0,
        835.0,
        837.0,
        838.0,
        839.0,
        840.0,
        841.0,
        842.0,
        843.0,
        845.0,
        846.0,
        847.0,
        847.0,
        849.0,
        849.0,
        850.0,
        850.0,
        851.0,
        851.0,
        852.0,
        852.0,
        851.0,
        851.0,
        854.0,
        855.0,
        857.0,
        858.0,
        859.0,
        862.0,
        863.0,
        866.0,
        867.0,
        868.0,
        869.0,
        870.0,
        872.0,
        872.0,
        874.0,
        874.0,
        875.0,
        875.0,
        876.0,
        876.0,
        877.0,
        877.0,
        878.0,
        878.0,
        876.0,
        876.0,
        875.0,
        875.0,
        872.0,
        872.0,
        869.0,
        869.0,
        870.0,
        870.0,
        871.0,
        895.0,
        898.0,
        898.0,
        899.0,
        899.0,
        900.0,
        900.0,
        904.0,
        905.0,
        907.0,
        908.0,
        910.0,
        910.0,
        912.0,
        912.0,
        913.0,
        913.0,
        914.0,
        914.0,
        913.0,
        913.0,
        912.0,
        912.0,
        911.0,
        911.0,
        909.0,
        909.0,
        908.0,
        908.0,
        909.0,
        910.0,
        911.0,
        912.0,
        913.0,
        915.0,
        916.0,
        918.0,
        919.0,
        923.0,
        924.0,
        928.0,
        929.0,
        931.0,
        932.0,
        933.0,
        934.0,
        935.0,
        940.0,
        941.0,
        942.0,
        947.0,
        948.0,
        955.0,
        957.0,
        958.0,
        965.0,
        971.0,
        972.0,
        977.0,
        981.0,
        981.0,
        982.0,
        982.0,
        983.0,
        983.0,
        984.0,
        984.0,
        986.0,
        986.0,
        988.0,
        988.0,
        992.0,
        992.0,
        990.0,
        987.0,
        986.0,
        981.0,
        980.0,
        974.0,
        973.0,
        967.0,
        966.0,
        963.0,
        962.0,
        960.0,
        959.0,
        958.0,
        957.0,
        956.0,
        955.0,
        954.0,
        953.0,
        949.0,
        948.0,
        943.0,
        942.0,
        935.0,
        934.0,
        923.0,
        922.0,
        907.0,
        906.0,
        905.0,
        904.0,
        886.0,
        885.0,
        881.0,
        880.0,
        879.0,
        874.0,
        874.0,
        866.0,
        866.0,
        865.0,
        865.0,
        864.0,
        864.0,
        863.0,
        863.0,
        858.0,
        853.0,
        852.0,
        845.0,
        844.0,
        838.0,
        837.0,
        833.0,
        832.0,
        830.0,
        829.0,
        828.0,
        827.0,
        826.0,
        825.0,
        774.0,
        772.0,
        771.0,
        769.0,
        768.0,
        767.0,
        765.0,
        764.0,
        762.0,
        761.0,
        760.0,
        756.0,
        756.0,
        754.0,
        754.0,
        749.0,
        748.0,
        746.0,
        745.0,
        739.0,
        738.0,
        737.0,
        728.0,
        727.0,
        719.0,
        718.0,
        712.0,
        711.0
      ]
    }
  },
  {
    "name": "person",
    "class": 0,
    "confidence": 0.85099,
    "box": {
      "x1": 839.59277,
      "y1": 621.50226,
      "x2": 939.46185,
      "y2": 788.43353
    },
    "track_id": 2,
    "segments": {
      "x": [
        879.0,
        878.0,
        877.0,
        869.0,
        868.0,
        866.0,
        865.0,
        863.0,
        862.0,
        861.0,
        860.0,
        858.0,
        857.0,
        856.0,
        856.0,
        854.0,
        854.0,
        853.0,
        853.0,
        852.0,
        852.0,
        851.0,
        851.0,
        850.0,
        850.0,
        849.0,
        849.0,
        848.0,
        848.0,
        847.0,
        847.0,
        843.0,
        843.0,
        842.0,
        842.0,
        841.0,
        841.0,
        842.0,
        861.0,
        863.0,
        863.0,
        864.0,
        864.0,
        865.0,
        865.0,
        866.0,
        866.0,
        865.0,
        865.0,
        866.0,
        866.0,
        867.0,
        867.0,
        868.0,
        868.0,
        869.0,
        869.0,
        870.0,
        870.0,
        871.0,
        871.0,
        872.0,
        872.0,
        873.0,
        873.0,
        874.0,
        874.0,
        875.0,
        875.0,
        876.0,
        876.0,
        877.0,
        877.0,
        878.0,
        878.0,
        879.0,
        879.0,
        880.0,
        880.0,
        881.0,
        881.0,
        882.0,
        882.0,
        883.0,
        883.0,
        884.0,
        884.0,
        885.0,
        885.0,
        886.0,
        886.0,
        887.0,
        887.0,
        888.0,
        888.0,
        893.0,
        894.0,
        898.0,
        898.0,
        899.0,
        899.0,
        900.0,
        900.0,
        901.0,
        901.0,
        902.0,
        902.0,
        903.0,
        903.0,
        904.0,
        904.0,
        908.0,
        908.0,
        909.0,
        909.0,
        910.0,
        910.0,
        917.0,
        924.0,
        925.0,
        930.0,
        932.0,
        932.0,
        934.0,
        934.0,
        935.0,
        935.0,
        934.0,
        934.0,
        935.0,
        935.0,
        936.0,
        936.0,
        937.0,
        937.0,
        938.0,
        938.0,
        939.0,
        939.0,
        938.0,
        938.0,
        937.0,
        937.0,
        936.0,
        936.0,
        935.0,
        935.0,
        933.0,
        933.0,
        930.0,
        929.0,
        926.0,
        926.0,
        925.0,
        925.0,
        920.0
      ],
      "y": [
        622.0,
        623.0,
        623.0,
        631.0,
        631.0,
        633.0,
        633.0,
        635.0,
        635.0,
        636.0,
        636.0,
        638.0,
        638.0,
        639.0,
        640.0,
        642.0,
        645.0,
        646.0,
        649.0,
        650.0,
        659.0,
        660.0,
        695.0,
        696.0,
        704.0,
        705.0,
        709.0,
        710.0,
        713.0,
        714.0,
        715.0,
        719.0,
        720.0,
        721.0,
        722.0,
        723.0,
        787.0,
        788.0,
        788.0,
        786.0,
        783.0,
        782.0,
        779.0,
        778.0,
        775.0,
        774.0,
        769.0,
        768.0,
        760.0,
        759.0,
        756.0,
        755.0,
        752.0,
        751.0,
        749.0,
        748.0,
        747.0,
        746.0,
        745.0,
        744.0,
        742.0,
        741.0,
        739.0,
        738.0,
        736.0,
        735.0,
        733.0,
        732.0,
        730.0,
        729.0,
        727.0,
        726.0,
        723.0,
        722.0,
        720.0,
        719.0,
        718.0,
        717.0,
        716.0,
        715.0,
        714.0,
        713.0,
        711.0,
        710.0,
        708.0,
        707.0,
        704.0,
        703.0,
        699.0,
        698.0,
        693.0,
        692.0,
        689.0,
        688.0,
        687.0,
        682.0,
        682.0,
        686.0,
        687.0,
        688.0,
        689.0,
        690.0,
        694.0,
        695.0,
        699.0,
        700.0,
        702.0,
        703.0,
        704.0,
        705.0,
        706.0,
        710.0,
        711.0,
        712.0,
        713.0,
        714.0,
        715.0,
        722.0,
        722.0,
        721.0,
        721.0,
        719.0,
        718.0,
        716.0,
        715.0,
        714.0,
        695.0,
        694.0,
        688.0,
        687.0,
        674.0,
        673.0,
        669.0,
        668.0,
        663.0,
        662.0,
        658.0,
        657.0,
        652.0,
        651.0,
        649.0,
        648.0,
        646.0,
        645.0,
        642.0,
        641.0,
        639.0,
        637.0,
        636.0,
        633.0,
        633.0,
        630.0,
        629.0,
        628.0,
        627.0,
        622.0
      ]
    }
  }
]