[
  {
    "name": "person",
    "class": 0,
    "confidence": 0.89082,
    "box": {
      "x1": 1030.40833,
      "y1": 555.15198,
      "x2": 1124.37158,
      "y2": 746.09772
    },
    "track_id": 1,
    "segments": {
      "x": [
        1068.0,
        1068.0,
        1067.0,
        1067.0,
        1066.0,
        1066.0,
        1065.0,
        1065.0,
        1063.0,
        1063.0,
        1060.0,
        1060.0,
        1059.0,
        1059.0,
        1058.0,
        1058.0,
        1057.0,
        1057.0,
        1056.0,
        1056.0,
        1055.0,
        1055.0,
        1054.0,
        1054.0,
        1053.0,
        1053.0,
        1052.0,
        1052.0,
        1051.0,
        1051.0,
        1050.0,
        1050.0,
        1049.0,
        1049.0,
        1048.0,
        1048.0,
        1047.0,
        1047.0,
        1046.0,
        1046.0,
        1045.0,
        1045.0,
        1044.0,
        1044.0,
        1043.0,
        1043.0,
        1042.0,
        1042.0,
        1041.0,
        1041.0,
        1040.0,
        1040.0,
        1032.0,
        1032.0,
        1036.0,
        1037.0,
        1038.0,
        1039.0,
        1049.0,
        1050.0,
        1052.0,
        1053.0,
        1054.0,
        1056.0,
        1057.0,
        1062.0,
        1064.0,
        1065.0,
        1068.0,
        1069.0,
        1070.0,
        1071.0,
        1072.0,
        1074.0,
        1075.0,
        1078.0,
        1079.0,
        1083.0,
        1084.0,
        1085.0,
        1086.0,
        1087.0,
        1090.0,
        1090.0,
        1091.0,
        1091.0,
        1092.0,
        1092.0,
        1093.0,
        1093.0,
        1094.0,
        1094.0,
        1095.0,
        1095.0,
        1096.0,
        1096.0,
        1097.0,
        1097.0,
        1098.0,
        1098.0,
        1104.0,
        1105.0,
        1106.0,
        1107.0,
        1108.0,
        1109.0,
        1111.0,
        1112.0,
        1115.0,
        1115.0,
        1120.0,
        1121.0,
        1124.0,
        1124.0,
        1118.0,
        1118.0,
        1117.0,
        1117.0,
        1115.0,
        1115.0,
        1114.0,
        1114.0,
        1112.0,
        1112.0,
        1107.0,
        1107.0,
        1105.0,
        1105.0,
        1104.0,
        1104.0,
        1103.0,
        1103.0,
        1102.0,
        1102.0,
        1101.0,
        1101.0,
        1100.0,
        1100.0,
        1098.0,
        1098.0
      ],
      "y": [
        556.0,
        564.0,
        565.0,
        572.0,
        573.0,
        574.0,
        575.0,
        577.0,
        579.0,
        580.0,
        583.0,
        584.0,
        585.0,
        586.0,
        587.0,
        589.0,
        590.0,
        592.0,
        593.0,
        598.0,
        599.0,
        604.0,
        605.0,
        609.0,
        610.0,
        613.0,
        614.0,
        616.0,
        617.0,
        620.0,
        621.0,
        625.0,
        626.0,
        631.0,
        632.0,
        638.0,
        639.0,
        648.0,
        649.0,
        657.0,
        658.0,
        664.0,
        665.0,
        690.0,
        691.0,
        713.0,
        714.0,
        716.0,
        717.0,
        719.0,
        720.0,
        721.0,
        729.0,
        743.0,
        743.0,
        744.0,
        744.0,
        743.0,
        743.0,
        742.0,
        742.0,
        741.0,
        741.0,
        739.0,
        739.0,
        734.0,
        736.0,
        736.0,
        739.0,
        739.0,
        740.0,
        740.0,
        741.0,
        741.0,
        742.0,
        742.0,
        743.0,
        743.0,
        744.0,
        744.0,
        743.0,
        743.0,
        740.0,
        739.0,
        738.0,
        728.0,
        727.0,
        709.0,
        708.0,
        702.0,
        701.0,
        699.0,
        698.0,
        696.0,
        695.0,
        694.0,
        693.0,
        692.0,
        691.0,
        690.0,
        684.0,
        684.0,
        683.0,
        683.0,
        682.0,
        682.0,
        680.0,
        680.0,
        677.0,
        676.0,
        671.0,
        671.0,
        668.0,
        600.0,
        594.0,
        593.0,
        592.0,
        591.0,
        589.0,
        588.0,
        587.0,
        586.0,
        584.0,
        583.0,
        578.0,
        577.0,
        575.0,
        574.0,
        573.0,
        572.0,
        571.0,
        569.0,
        568.0,
        565.0,
        564.0,
        562.0,
        561.0,
        560.0,
        558.0,
        556.0
      ]
    }
  },
  {
    "name": "person",
    "class": 0,
    "confidence": 0.89867,
    "box": {
      "x1": 819.15851,
      "y1": 584.37073,
      "x2": 929.12964,
      "y2": 801.0553
    },
    "track_id": 2,
    "segments": {
      "x": [
        894.0,
        894.0,
        893.0,
        893.0,
        892.0,
        892.0,
        891.0,
        891.0,
        890.0,
        890.0,
        887.0,
        886.0,
        885.0,
        884.0,
        883.0,
        882.0,
        881.0,
        876.0,
        875.0,
        870.0,
        865.0,
        865.0,
        864.0,
        864.0,
        863.0,
        863.0,
        862.0,
        862.0,
        858.0,
        858.0,
        855.0,
        855.0,
        854.0,
        854.0,
        853.0,
        853.0,
        852.0,
        852.0,
        851.0,
        851.0,
        850.0,
        850.0,
        842.0,
        842.0,
        841.0,
        841.0,
        840.0,
        840.0,
        839.0,
        839.0,
        838.0,
        838.0,
        837.0,
        837.0,
        836.0,
        836.0,
        837.0,
        837.0,
        836.0,
        836.0,
        834.0,
        834.0,
        832.0,
        832.0,
        831.0,
        831.0,
        830.0,
        830.0,
        829.0,
        829.0,
        828.0,
        828.0,
        827.0,
        827.0,
        826.0,
        826.0,
        825.0,
        825.0,
        824.0,
        824.0,
        820.0,
        819.0,
        818.0,
        817.0,
        817.0,
        819.0,
        820.0,
        823.0,
        824.0,
        827.0,
        828.0,
        831.0,
        832.0,
        833.0,
        837.0,
        837.0,
        838.0,
        838.0,
        839.0,
        839.0,
        840.0,
        840.0,
        841.0,
        841.0,
        842.0,
        842.0,
        843.0,
        843.0,
        846.0,
        846.0,
        848.0,
        848.0,
        849.0,
        849.0,
        850.0,
        850.0,
        851.0,
        851.0,
        852.0,
        852.0,
        853.0,
        853.0,
        857.0,
        858.0,
        862.0,
        862.0,
        863.0,
        863.0,
        864.0,
        864.0,
        865.0,
        865.0,
        866.0,
        866.0,
        867.0,
        867.0,
        868.0,
        868.0,
        869.0,
        869.0,
        870.0,
        870.0,
        872.0,
        872.0,
        873.0,
        873.0,
        874.0,
        874.0,
        875.0,
        875.0,
        876.0,
        876.0,
        877.0,
        891.0,
        893.0,
        894.0,
        897.0,
        897.0,
        900.0,
        900.0,
        902.0,
        902.0,
        903.0,
        903.0,
        902.0,
        902.0,
        901.0,
        901.0,
        900.0,
        900.0,
        899.0,
        899.0,
        898.0,
        898.0,
        897.0,
        897.0,
        896.0,
        896.0,
        895.0,
        895.0,
        894.0,
        894.0,
        893.0,
        893.0,
        892.0,
        892.0,
        891.0,
        891.0,
        890.0,
        890.0,
        891.0,
        891.0,
        892.0,
        892.0,
        897.0,
        897.0,
        899.0,
        900.0,
        909.0,
        909.0,
        910.0,
        910.0,
        911.0,
        911.0,
        912.0,
        912.0,
        913.0,
        913.0,
        914.0,
        914.0,
        915.0,
        915.0,
        920.0,
        920.0,
        922.0,
        922.0,
        923.0,
        923.0,
        924.0,
        924.0,
        925.0,
        925.0,
        926.0,
        926.0,
        927.0,
        927.0,
        928.0,
        928.0
      ],
      "y": [
        585.0,
        586.0,
        587.0,
        588.0,
        589.0,
        590.0,
        591.0,
        592.0,
        593.0,
        594.0,
        597.0,
        597.0,
        598.0,
        598.0,
        599.0,
        599.0,
        600.0,
        600.0,
        601.0,
        601.0,
        606.0,
        607.0,
        608.0,
        609.0,
        610.0,
        611.0,
        612.0,
        613.0,
        617.0,
        618.0,
        621.0,
        622.0,
        623.0,
        624.0,
        625.0,
        627.0,
        628.0,
        631.0,
        632.0,
        637.0,
        638.0,
        641.0,
        649.0,
        650.0,
        651.0,
        652.0,
        653.0,
        661.0,
        662.0,
        669.0,
        670.0,
        674.0,
        675.0,
        680.0,
        681.0,
        694.0,
        695.0,
        702.0,
        703.0,
        704.0,
        706.0,
        707.0,
        709.0,
        710.0,
        711.0,
        712.0,
        713.0,
        715.0,
        716.0,
        719.0,
        720.0,
        723.0,
        724.0,
        727.0,
        728.0,
        730.0,
        731.0,
        732.0,
        733.0,
        734.0,
        738.0,
        738.0,
        739.0,
        739.0,
        776.0,
        776.0,
        777.0,
        777.0,
        776.0,
        776.0,
        775.0,
        775.0,
        774.0,
        774.0,
        770.0,
        769.0,
        768.0,
        767.0,
        766.0,
        765.0,
        764.0,
        761.0,
        760.0,
        756.0,
        755.0,
        752.0,
        751.0,
        749.0,
        746.0,
        745.0,
        743.0,
        742.0,
        741.0,
        739.0,
        738.0,
        736.0,
        735.0,
        732.0,
        731.0,
        728.0,
        727.0,
        725.0,
        721.0,
        721.0,
        725.0,
        726.0,
        727.0,
        730.0,
        731.0,
        733.0,
        734.0,
        736.0,
        737.0,
        739.0,
        740.0,
        741.0,
        742.0,
        743.0,
        744.0,
        745.0,
        746.0,
        747.0,
        749.0,
        753.0,
        754.0,
        762.0,
        763.0,
        788.0,
        789.0,
        797.0,
        798.0,
        799.0,
        800.0,
        800.0,
        798.0,
        798.0,
        795.0,
        794.0,
        791.0,
        790.0,
        788.0,
        787.0,
        786.0,
        785.0,
        784.0,
        783.0,
        782.0,
        781.0,
        780.0,
        777.0,
        776.0,
        771.0,
        770.0,
        758.0,
        757.0,
        731.0,
        730.0,
        721.0,
        720.0,
        714.0,
        713.0,
        706.0,
        705.0,
        701.0,
        700.0,
        697.0,
        696.0,
        692.0,
        691.0,
        676.0,
        675.0,
        674.0,
        673.0,
        672.0,
        667.0,
        666.0,
        664.0,
        664.0,
        655.0,
        654.0,
        653.0,
        650.0,
        649.0,
        629.0,
        628.0,
        626.0,
        625.0,
        624.0,
        623.0,
        622.0,
        621.0,
        620.0,
        615.0,
        614.0,
        612.0,
        611.0,
        610.0,
        609.0,
        608.0,
        607.0,
        606.0,
        604.0,
        603.0,
        601.0,
        600.0,
        598.0,
        597.0,
        585.0
      ]
    }
  }
]