[
  {
    "name": "person",
    "class": 0,
    "confidence": 0.87994,
    "box": {
      "x1": 1047.5116,
      "y1": 574.80969,
      "x2": 1121.01221,
      "y2": 785.39313
    },
    "track_id": 1,
    "segments": {
      "x": [
        1064.0,
        1064.0,
        1063.0,
        1063.0,
        1061.0,
        1061.0,
        1060.0,
        1060.0,
        1059.0,
        1059.0,
        1058.0,
        1058.0,
        1059.0,
        1059.0,
        1060.0,
        1060.0,
        1061.0,
        1061.0,
        1063.0,
        1063.0,
        1066.0,
        1066.0,
        1068.0,
        1068.0,
        1069.0,
        1069.0,
        1070.0,
        1070.0,
        1069.0,
        1069.0,
        1068.0,
        1068.0,
        1067.0,
        1067.0,
        1066.0,
        1066.0,
        1064.0,
        1064.0,
        1059.0,
        1059.0,
        1058.0,
        1058.0,
        1059.0,
        1059.0,
        1060.0,
        1060.0,
        1061.0,
        1061.0,
        1063.0,
        1063.0,
        1064.0,
        1064.0,
        1063.0,
        1063.0,
        1060.0,
        1060.0,
        1059.0,
        1059.0,
        1058.0,
        1058.0,
        1057.0,
        1057.0,
        1056.0,
        1056.0,
        1057.0,
        1057.0,
        1058.0,
        1058.0,
        1059.0,
        1059.0,
        1056.0,
        1055.0,
        1054.0,
        1053.0,
        1052.0,
        1050.0,
        1049.0,
        1046.0,
        1045.0,
        1045.0,
        1047.0,
        1048.0,
        1063.0,
        1064.0,
        1067.0,
        1068.0,
        1071.0,
        1072.0,
        1074.0,
        1075.0,
        1077.0,
        1078.0,
        1079.0,
        1081.0,
        1082.0,
        1085.0,
        1087.0,
        1089.0,
        1090.0,
        1091.0,
        1093.0,
        1094.0,
        1100.0,
        1101.0,
        1103.0,
        1104.0,
        1105.0,
        1107.0,
        1108.0,
        1108.0,
        1107.0,
        1107.0,
        1106.0,
        1106.0,
        1105.0,
        1105.0,
        1104.0,
        1104.0,
        1114.0,
        1114.0,
        1115.0,
        1115.0,
        1116.0,
        1116.0,
        1117.0,
        1117.0,
        1118.0,
        1118.0,
        1119.0,
        1119.0,
        1120.0,
        1120.0,
        1119.0,
        1119.0,
        1118.0,
        1118.0,
        1117.0,
        1117.0,
        1116.0,
        1116.0,
        1115.0,
        1115.0,
        1114.0,
        1114.0,
        1110.0,
        1109.0,
        1105.0,
        1105.0,
        1103.0,
        1103.0,
        1102.0,
        1102.0,
        1098.0,
        1097.0,
        1094.0,
        1094.0,
        1093.0,
        1093.0,
        1092.0,
        1092.0
      ],
      "y": [
        576.0,
        581.0,
        582.0,
        583.0,
        585.0,
        586.0,
        587.0,
        588.0,
        589.0,
        590.0,
        591.0,
        596.0,
        597.0,
        599.0,
        600.0,
        602.0,
        603.0,
        604.0,
        606.0,
        607.0,
        610.0,
        611.0,
        613.0,
        614.0,
        615.0,
        616.0,
        617.0,
        630.0,
        631.0,
        638.0,
        639.0,
        655.0,
        656.0,
        663.0,
        664.0,
        667.0,
        669.0,
        670.0,
        675.0,
        676.0,
        677.0,
        679.0,
        680.0,
        682.0,
        683.0,
        684.0,
        685.0,
        686.0,
        688.0,
        689.0,
        690.0,
        702.0,
        703.0,
        704.0,
        707.0,
        708.0,
        709.0,
        710.0,
        711.0,
        713.0,
        714.0,
        720.0,
        721.0,
        743.0,
        744.0,
        751.0,
        752.0,
        757.0,
        758.0,
        762.0,
        765.0,
        765.0,
        766.0,
        766.0,
        767.0,
        767.0,
        768.0,
        768.0,
        769.0,
        783.0,
        783.0,
        784.0,
        784.0,
        783.0,
        783.0,
        782.0,
        782.0,
        781.0,
        781.0,
        780.0,
        780.0,
        779.0,
        779.0,
        777.0,
        777.0,
        774.0,
        774.0,
        776.0,
        776.0,
        777.0,
        777.0,
        778.0,
        778.0,
        777.0,
        777.0,
        776.0,
        776.0,
        774.0,
        774.0,
        772.0,
        771.0,
        769.0,
        768.0,
        765.0,
        764.0,
        746.0,
        745.0,
        713.0,
        703.0,
        702.0,
        701.0,
        698.0,
        697.0,
        695.0,
        694.0,
        692.0,
        691.0,
        689.0,
        688.0,
        686.0,
        685.0,
        647.0,
        646.0,
        644.0,
        643.0,
        640.0,
        639.0,
        634.0,
        633.0,
        626.0,
        625.0,
        617.0,
        616.0,
        615.0,
        611.0,
        611.0,
        607.0,
        606.0,
        604.0,
        603.0,
        602.0,
        601.0,
        597.0,
        597.0,
        594.0,
        592.0,
        591.0,
        588.0,
        587.0,
        576.0
      ]
    }
  },
  {
    "name": "person",
    "class": 0,
    "confidence": 0.85886,
    "box": {
      "x1": 846.41492,
      "y1": 571.92908,
      "x2": 932.04175,
      "y2": 799.62048
    },
    "track_id": 2,
    "segments": {
      "x": [
        879.0,
        878.0,
        878.0,
        877.0,
        877.0,
        876.0,
        876.0,
        875.0,
        875.0,
        874.0,
        874.0,
        869.0,
        867.0,
        866.0,
        865.0,
        863.0,
        862.0,
        859.0,
        858.0,
        856.0,
        856.0,
        853.0,
        853.0,
        851.0,
        851.0,
        850.0,
        850.0,
        849.0,
        849.0,
        848.0,
        848.0,
        847.0,
        847.0,
        852.0,
        852.0,
        856.0,
        857.0,
        860.0,
        860.0,
        862.0,
        862.0,
        861.0,
        861.0,
        860.0,
        860.0,
        859.0,
        859.0,
        857.0,
        857.0,
        856.0,
        856.0,
        855.0,
        855.0,
        854.0,
        854.0,
        853.0,
        853.0,
        852.0,
        852.0,
        851.0,
        851.0,
        850.0,
        850.0,
        849.0,
        849.0,
        848.0,
        848.0,
        854.0,
        855.0,
        857.0,
        858.0,
        859.0,
        860.0,
        861.0,
        862.0,
        864.0,
        865.0,
        866.0,
        867.0,
        868.0,
        874.0,
        875.0,
        877.0,
        878.0,
        880.0,
        881.0,
        882.0,
        883.0,
        883.0,
        884.0,
        884.0,
        885.0,
        885.0,
        886.0,
        886.0,
        887.0,
        887.0,
        888.0,
        888.0,
        889.0,
        889.0,
        890.0,
        890.0,
        891.0,
        891.0,
        892.0,
        892.0,
        894.0,
        895.0,
        897.0,
        918.0,
        925.0,
        926.0,
        927.0,
        928.0,
        929.0,
        930.0,
        932.0,
        932.0,
        919.0,
        918.0,
        917.0,
        916.0,
        914.0,
        914.0,
        912.0,
        912.0,
        911.0,
        911.0,
        910.0,
        910.0,
        909.0,
        909.0,
        908.0,
        908.0,
        907.0,
        907.0,
        906.0,
        906.0,
        905.0,
        905.0,
        904.0,
        904.0,
        911.0,
        912.0,
        915.0,
        916.0,
        918.0,
        918.0,
        919.0,
        919.0,
        920.0,
        920.0,
        921.0,
        921.0,
        922.0,
        922.0,
        921.0,
        921.0,
        922.0,
        922.0,
        921.0,
        921.0,
        920.0,
        920.0,
        919.0,
        919.0,
        918.0,
        918.0,
        917.0,
        917.0,
        913.0,
        913.0,
        912.0,
        912.0,
        911.0,
        911.0,
        910.0,
        910.0,
        909.0,
        909.0,
        908.0,
        908.0
      ],
      "y": [
        573.0,
        574.0,
        575.0,
        576.0,
        579.0,
        580.0,
        585.0,
        586.0,
        592.0,
        593.0,
        594.0,
        599.0,
        599.0,
        600.0,
        600.0,
        602.0,
        602.0,
        605.0,
        605.0,
        607.0,
        608.0,
        611.0,
        612.0,
        614.0,
        615.0,
        616.0,
        617.0,
        618.0,
        619.0,
        620.0,
        621.0,
        622.0,
        697.0,
        702.0,
        703.0,
        707.0,
        707.0,
        710.0,
        711.0,
        713.0,
        715.0,
        716.0,
        718.0,
        719.0,
        720.0,
        721.0,
        722.0,
        724.0,
        725.0,
        726.0,
        727.0,
        728.0,
        729.0,
        730.0,
        731.0,
        732.0,
        733.0,
        734.0,
        736.0,
        737.0,
        741.0,
        742.0,
        745.0,
        746.0,
        748.0,
        749.0,
        750.0,
        756.0,
        756.0,
        758.0,
        758.0,
        757.0,
        757.0,
        756.0,
        756.0,
        754.0,
        754.0,
        753.0,
        753.0,
        752.0,
        752.0,
        753.0,
        753.0,
        754.0,
        754.0,
        755.0,
        755.0,
        756.0,
        757.0,
        758.0,
        759.0,
        760.0,
        761.0,
        762.0,
        767.0,
        768.0,
        775.0,
        776.0,
        786.0,
        787.0,
        789.0,
        790.0,
        791.0,
        792.0,
        793.0,
        794.0,
        795.0,
        797.0,
        797.0,
        799.0,
        799.0,
        792.0,
        792.0,
        791.0,
        791.0,
        790.0,
        790.0,
        788.0,
        782.0,
        769.0,
        769.0,
        768.0,
        768.0,
        766.0,
        765.0,
        763.0,
        762.0,
        761.0,
        754.0,
        753.0,
        748.0,
        747.0,
        743.0,
        742.0,
        739.0,
        738.0,
        735.0,
        734.0,
        731.0,
        730.0,
        728.0,
        727.0,
        725.0,
        718.0,
        718.0,
        715.0,
        715.0,
        713.0,
        712.0,
        711.0,
        709.0,
        708.0,
        706.0,
        705.0,
        681.0,
        680.0,
        669.0,
        668.0,
        666.0,
        665.0,
        648.0,
        647.0,
        616.0,
        615.0,
        614.0,
        613.0,
        611.0,
        610.0,
        608.0,
        607.0,
        606.0,
        602.0,
        601.0,
        600.0,
        598.0,
        597.0,
        585.0,
        584.0,
        578.0,
        577.0,
        575.0,
        574.0,
        573.0
      ]
    }
  }
]