[
  {
    "name": "person",
    "class": 0,
    "confidence": 0.84419,
    "box": {
      "x1": 1071.81213,
      "y1": 592.25995,
      "x2": 1148.37,
      "y2": 804.70624
    },
    "track_id": 1,
    "segments": {
      "x": [
        1099.0,
        1099.0,
        1096.0,
        1096.0,
        1094.0,
        1094.0,
        1093.0,
        1093.0,
        1092.0,
        1092.0,
        1093.0,
        1093.0,
        1095.0,
        1095.0,
        1097.0,
        1098.0,
        1100.0,
        1100.0,
        1102.0,
        1102.0,
        1103.0,
        1103.0,
        1102.0,
        1102.0,
        1101.0,
        1101.0,
        1100.0,
        1100.0,
        1099.0,
        1099.0,
        1097.0,
        1097.0,
        1096.0,
        1096.0,
        1095.0,
        1095.0,
        1094.0,
        1094.0,
        1093.0,
        1093.0,
        1092.0,
        1092.0,
        1091.0,
        1091.0,
        1090.0,
        1090.0,
        1089.0,
        1089.0,
        1087.0,
        1087.0,
        1084.0,
        1084.0,
        1086.0,
        1086.0,
        1088.0,
        1088.0,
        1089.0,
        1089.0,
        1090.0,
        1090.0,
        1085.0,
        1080.0,
        1079.0,
        1073.0,
        1073.0,
        1074.0,
        1078.0,
        1079.0,
        1083.0,
        1084.0,
        1087.0,
        1088.0,
        1089.0,
        1090.0,
        1091.0,
        1096.0,
        1096.0,
        1097.0,
        1088.0,
        1087.0,
        1084.0,
        1084.0,
        1086.0,
        1087.0,
        1088.0,
        1089.0,
        1090.0,
        1092.0,
        1093.0,
        1096.0,
        1097.0,
        1114.0,
        1115.0,
        1122.0,
        1127.0,
        1127.0,
        1128.0,
        1128.0,
        1129.0,
        1129.0,
        1130.0,
        1130.0,
        1132.0,
        1133.0,
        1138.0,
        1138.0,
        1139.0,
        1139.0,
        1140.0,
        1140.0,
        1141.0,
        1141.0,
        1142.0,
        1142.0,
        1144.0,
        1144.0,
        1148.0,
        1148.0,
        1145.0,
        1145.0,
        1142.0,
        1142.0,
        1141.0,
        1141.0,
        1140.0,
        1140.0,
        1139.0,
        1139.0,
        1138.0,
        1138.0,
        1137.0,
        1137.0,
        1133.0,
        1132.0,
        1131.0,
        1131.0,
        1129.0,
        1129.0,
        1128.0,
        1128.0
      ],
      "y": [
        593.0,
        594.0,
        597.0,
        598.0,
        600.0,
        601.0,
        602.0,
        604.0,
        605.0,
        617.0,
        618.0,
        620.0,
        622.0,
        623.0,
        625.0,
        625.0,
        627.0,
        628.0,
        630.0,
        636.0,
        637.0,
        645.0,
        646.0,
        651.0,
        652.0,
        655.0,
        656.0,
        657.0,
        658.0,
        659.0,
        661.0,
        662.0,
        663.0,
        664.0,
        665.0,
        668.0,
        669.0,
        674.0,
        675.0,
        686.0,
        687.0,
        708.0,
        709.0,
        715.0,
        716.0,
        717.0,
        718.0,
        719.0,
        721.0,
        722.0,
        725.0,
        727.0,
        729.0,
        730.0,
        732.0,
        733.0,
        734.0,
        735.0,
        736.0,
        750.0,
        755.0,
        755.0,
        756.0,
        756.0,
        773.0,
        774.0,
        774.0,
        775.0,
        775.0,
        776.0,
        776.0,
        777.0,
        777.0,
        778.0,
        778.0,
        783.0,
        784.0,
        785.0,
        794.0,
        794.0,
        797.0,
        798.0,
        800.0,
        800.0,
        801.0,
        801.0,
        802.0,
        802.0,
        803.0,
        803.0,
        804.0,
        804.0,
        803.0,
        803.0,
        798.0,
        793.0,
        792.0,
        740.0,
        739.0,
        737.0,
        736.0,
        735.0,
        733.0,
        733.0,
        728.0,
        727.0,
        726.0,
        721.0,
        720.0,
        715.0,
        714.0,
        712.0,
        711.0,
        710.0,
        708.0,
        707.0,
        703.0,
        634.0,
        631.0,
        630.0,
        627.0,
        626.0,
        625.0,
        624.0,
        623.0,
        622.0,
        621.0,
        619.0,
        618.0,
        617.0,
        616.0,
        615.0,
        611.0,
        611.0,
        610.0,
        609.0,
        607.0,
        606.0,
        605.0,
        593.0
      ]
    }
  },
  {
    "name": "person",
    "class": 0,
    "confidence": 0.83894,
    "box": {
      "x1": 829.22321,
      "y1": 567.8161,
      "x2": 908.99127,
      "y2": 789.54401
    },
    "track_id": 2,
    "segments": {
      "x": [
        871.0,
        867.0,
        867.0,
        866.0,
        866.0,
        865.0,
        865.0,
        864.0,
        864.0,
        863.0,
        863.0,
        858.0,
        857.0,
        853.0,
        853.0,
        846.0,
        845.0,
        840.0,
        840.0,
        839.0,
        839.0,
        838.0,
        838.0,
        837.0,
        837.0,
        836.0,
        836.0,
        834.0,
        834.0,
        833.0,
        833.0,
        832.0,
        832.0,
        831.0,
        831.0,
        830.0,
        830.0,
        832.0,
        833.0,
        837.0,
        837.0,
        838.0,
        838.0,
        839.0,
        839.0,
        840.0,
        840.0,
        841.0,
        841.0,
        842.0,
        842.0,
        843.0,
        843.0,
        847.0,
        847.0,
        849.0,
        849.0,
        848.0,
        848.0,
        847.0,
        847.0,
        843.0,
        843.0,
        842.0,
        842.0,
        841.0,
        841.0,
        840.0,
        840.0,
        839.0,
        839.0,
        838.0,
        838.0,
        837.0,
        837.0,
        830.0,
        830.0,
        831.0,
        832.0,
        833.0,
        834.0,
        835.0,
        836.0,
        843.0,
        861.0,
        861.0,
        862.0,
        862.0,
        863.0,
        863.0,
        864.0,
        864.0,
        865.0,
        865.0,
        866.0,
        866.0,
        872.0,
        872.0,
        874.0,
        874.0,
        875.0,
        875.0,
        876.0,
        876.0,
        877.0,
        877.0,
        878.0,
        878.0,
        879.0,
        879.0,
        882.0,
        885.0,
        886.0,
        893.0,
        894.0,
        894.0,
        895.0,
        895.0,
        897.0,
        897.0,
        900.0,
        901.0,
        902.0,
        903.0,
        905.0,
        905.0,
        906.0,
        906.0,
        907.0,
        907.0,
        908.0,
        908.0,
        909.0,
        909.0,
        910.0,
        910.0,
        909.0,
        909.0,
        906.0,
        905.0,
        900.0,
        900.0,
        899.0,
        899.0,
        898.0,
        898.0
      ],
      "y": [
        569.0,
        573.0,
        574.0,
        575.0,
        576.0,
        577.0,
        578.0,
        579.0,
        581.0,
        582.0,
        583.0,
        588.0,
        588.0,
        592.0,
        593.0,
        600.0,
        600.0,
        605.0,
        607.0,
        608.0,
        610.0,
        611.0,
        612.0,
        613.0,
        614.0,
        615.0,
        616.0,
        618.0,
        619.0,
        620.0,
        621.0,
        622.0,
        623.0,
        624.0,
        625.0,
        626.0,
        682.0,
        684.0,
        684.0,
        688.0,
        689.0,
        690.0,
        692.0,
        693.0,
        695.0,
        696.0,
        699.0,
        700.0,
        702.0,
        703.0,
        704.0,
        705.0,
        706.0,
        710.0,
        711.0,
        713.0,
        716.0,
        717.0,
        721.0,
        722.0,
        725.0,
        729.0,
        730.0,
        731.0,
        732.0,
        733.0,
        734.0,
        735.0,
        737.0,
        738.0,
        742.0,
        743.0,
        746.0,
        747.0,
        749.0,
        756.0,
        779.0,
        780.0,
        780.0,
        781.0,
        781.0,
        782.0,
        782.0,
        789.0,
        789.0,
        788.0,
        787.0,
        786.0,
        785.0,
        762.0,
        761.0,
        756.0,
        755.0,
        751.0,
        750.0,
        749.0,
        743.0,
        742.0,
        740.0,
        739.0,
        738.0,
        732.0,
        731.0,
        725.0,
        724.0,
        722.0,
        721.0,
        720.0,
        719.0,
        718.0,
        715.0,
        715.0,
        714.0,
        714.0,
        713.0,
        711.0,
        710.0,
        709.0,
        707.0,
        706.0,
        703.0,
        703.0,
        702.0,
        702.0,
        700.0,
        698.0,
        697.0,
        693.0,
        692.0,
        681.0,
        680.0,
        668.0,
        667.0,
        656.0,
        655.0,
        614.0,
        613.0,
        605.0,
        602.0,
        602.0,
        597.0,
        596.0,
        595.0,
        571.0,
        570.0,
        569.0
      ]
    }
  }
]