[
  {
    "name": "person",
    "class": 0,
    "confidence": 0.89233,
    "box": {
      "x1": 1013.55707,
      "y1": 567.76593,
      "x2": 1095.61511,
      "y2": 760.63092
    },
    "track_id": 1,
    "segments": {
      "x": [
        1014.0,
        1014.0,
        1015.0,
        1015.0,
        1016.0,
        1016.0,
        1017.0,
        1017.0,
        1018.0,
        1018.0,
        1019.0,
        1019.0,
        1018.0,
        1018.0,
        1017.0,
        1017.0,
        1016.0,
        1016.0,
        1015.0,
        1015.0,
        1014.0,
        1014.0,
        1016.0,
        1017.0,
        1023.0,
        1024.0,
        1026.0,
        1030.0,
        1030.0,
        1031.0,
        1031.0,
        1032.0,
        1032.0,
        1031.0,
        1031.0,
        1030.0,
        1030.0,
        1029.0,
        1029.0,
        1024.0,
        1023.0,
        1022.0,
        1022.0,
        1020.0,
        1020.0,
        1019.0,
        1019.0,
        1018.0,
        1018.0,
        1019.0,
        1019.0,
        1020.0,
        1022.0,
        1023.0,
        1024.0,
        1028.0,
        1029.0,
        1030.0,
        1031.0,
        1032.0,
        1039.0,
        1040.0,
        1041.0,
        1041.0,
        1043.0,
        1043.0,
        1044.0,
        1044.0,
        1045.0,
        1045.0,
        1046.0,
        1046.0,
        1048.0,
        1048.0,
        1052.0,
        1052.0,
        1053.0,
        1053.0,
        1054.0,
        1054.0,
        1055.0,
        1055.0,
        1056.0,
        1056.0,
        1057.0,
        1057.0,
        1058.0,
        1058.0,
        1061.0,
        1062.0,
        1065.0,
        1065.0,
        1066.0,
        1066.0,
        1067.0,
        1067.0,
        1068.0,
        1068.0,
        1069.0,
        1069.0,
        1070.0,
        1070.0,
        1071.0,
        1071.0,
        1077.0,
        1077.0,
        1081.0,
        1082.0,
        1088.0,
        1088.0,
        1089.0,
        1089.0,
        1090.0,
        1090.0,
        1091.0,
        1091.0,
        1092.0,
        1092.0,
        1093.0,
        1093.0,
        1094.0,
        1094.0,
        1095.0,
        1095.0,
        1094.0,
        1094.0,
        1093.0,
        1093.0,
        1092.0,
        1092.0,
        1091.0,
        1091.0,
        1090.0,
        1090.0,
        1088.0,
        1088.0,
        1086.0,
        1085.0,
        1081.0,
        1081.0,
        1080.0,
        1080.0,
        1079.0,
        1079.0,
        1078.0,
        1078.0,
        1074.0,
        1073.0,
        1072.0,
        1069.0,
        1068.0,
        1066.0,
        1065.0,
        1063.0,
        1062.0,
        1061.0,
        1057.0,
        1057.0,
        1056.0,
        1053.0,
        1052.0,
        1051.0,
        1050.0,
        1049.0,
        1048.0,
        1043.0,
        1043.0
      ],
      "y": [
        568.0,
        594.0,
        595.0,
        596.0,
        597.0,
        598.0,
        599.0,
        600.0,
        601.0,
        604.0,
        605.0,
        640.0,
        641.0,
        645.0,
        646.0,
        648.0,
        649.0,
        651.0,
        652.0,
        653.0,
        654.0,
        677.0,
        677.0,
        678.0,
        678.0,
        679.0,
        679.0,
        683.0,
        684.0,
        685.0,
        687.0,
        688.0,
        709.0,
        710.0,
        719.0,
        720.0,
        724.0,
        725.0,
        726.0,
        731.0,
        731.0,
        732.0,
        733.0,
        735.0,
        736.0,
        737.0,
        745.0,
        746.0,
        749.0,
        750.0,
        751.0,
        751.0,
        753.0,
        753.0,
        754.0,
        754.0,
        753.0,
        753.0,
        752.0,
        752.0,
        745.0,
        745.0,
        744.0,
        743.0,
        741.0,
        740.0,
        739.0,
        738.0,
        737.0,
        736.0,
        735.0,
        734.0,
        732.0,
        731.0,
        727.0,
        726.0,
        725.0,
        722.0,
        721.0,
        717.0,
        716.0,
        707.0,
        706.0,
        700.0,
        699.0,
        698.0,
        697.0,
        696.0,
        693.0,
        693.0,
        696.0,
        697.0,
        698.0,
        699.0,
        700.0,
        709.0,
        710.0,
        752.0,
        753.0,
        756.0,
        757.0,
        758.0,
        759.0,
        760.0,
        760.0,
        759.0,
        755.0,
        755.0,
        749.0,
        742.0,
        741.0,
        733.0,
        732.0,
        715.0,
        714.0,
        662.0,
        661.0,
        652.0,
        651.0,
        648.0,
        647.0,
        645.0,
        644.0,
        640.0,
        639.0,
        638.0,
        637.0,
        635.0,
        634.0,
        631.0,
        630.0,
        623.0,
        622.0,
        617.0,
        615.0,
        614.0,
        612.0,
        612.0,
        608.0,
        607.0,
        606.0,
        603.0,
        602.0,
        596.0,
        595.0,
        593.0,
        589.0,
        589.0,
        588.0,
        588.0,
        587.0,
        587.0,
        586.0,
        586.0,
        585.0,
        585.0,
        581.0,
        580.0,
        580.0,
        577.0,
        577.0,
        576.0,
        576.0,
        575.0,
        575.0,
        570.0,
        568.0
      ]
    }
  },
  {
    "name": "person",
    "class": 0,
    "confidence": 0.7967,
    "box": {
      "x1": 846.297,
      "y1": 623.41748,
      "x2": 954.54987,
      "y2": 800.29211
    },
    "track_id": 2,
    "segments": {
      "x": [
        908.0,
        908.0,
        907.0,
        907.0,
        905.0,
        905.0,
        904.0,
        903.0,
        901.0,
        900.0,
        899.0,
        898.0,
        897.0,
        896.0,
        895.0,
        893.0,
        892.0,
        891.0,
        890.0,
        889.0,
        881.0,
        880.0,
        875.0,
        875.0,
        868.0,
        867.0,
        863.0,
        863.0,
        861.0,
        861.0,
        859.0,
        858.0,
        856.0,
        855.0,
        849.0,
        849.0,
        847.0,
        847.0,
        849.0,
        849.0,
        850.0,
        850.0,
        851.0,
        851.0,
        852.0,
        852.0,
        853.0,
        853.0,
        852.0,
        852.0,
        851.0,
        851.0,
        850.0,
        850.0,
        853.0,
        854.0,
        856.0,
        859.0,
        860.0,
        862.0,
        863.0,
        864.0,
        869.0,
        870.0,
        870.0,
        872.0,
        872.0,
        873.0,
        873.0,
        874.0,
        874.0,
        875.0,
        875.0,
        876.0,
        876.0,
        877.0,
        877.0,
        881.0,
        883.0,
        884.0,
        887.0,
        888.0,
        891.0,
        892.0,
        894.0,
        897.0,
        897.0,
        898.0,
        898.0,
        899.0,
        899.0,
        900.0,
        900.0,
        899.0,
        899.0,
        898.0,
        898.0,
        897.0,
        897.0,
        896.0,
        896.0,
        898.0,
        899.0,
        900.0,
        919.0,
        920.0,
        921.0,
        922.0,
        922.0,
        923.0,
        923.0,
        924.0,
        924.0,
        925.0,
        925.0,
        926.0,
        926.0,
        927.0,
        927.0,
        926.0,
        926.0,
        925.0,
        925.0,
        924.0,
        924.0,
        925.0,
        925.0,
        926.0,
        926.0,
        927.0,
        927.0,
        928.0,
        928.0,
        929.0,
        929.0,
        931.0,
        931.0,
        932.0,
        932.0,
        933.0,
        933.0,
        934.0,
        934.0,
        935.0,
        935.0,
        936.0,
        936.0,
        943.0,
        943.0,
        945.0,
        945.0,
        947.0,
        947.0,
        952.0,
        953.0,
        954.0,
        954.0,
        953.0,
        953.0,
        952.0,
        951.0,
        950.0,
        948.0,
        947.0,
        944.0,
        943.0,
        941.0,
        940.0,
        939.0,
        931.0,
        931.0,
        927.0,
        927.0,
        926.0,
        926.0,
        925.0,
        925.0,
        924.0,
        924.0,
        925.0,
        925.0,
        929.0,
        930.0,
        933.0,
        933.0,
        935.0,
        935.0,
        934.0,
        934.0,
        933.0
      ],
      "y": [
        624.0,
        625.0,
        626.0,
        627.0,
        629.0,
        630.0,
        631.0,
        631.0,
        633.0,
        633.0,
        634.0,
        634.0,
        635.0,
        635.0,
        636.0,
        636.0,
        637.0,
        637.0,
        638.0,
        638.0,
        646.0,
        646.0,
        651.0,
        652.0,
        659.0,
        659.0,
        663.0,
        664.0,
        666.0,
        667.0,
        669.0,
        669.0,
        671.0,
        671.0,
        677.0,
        678.0,
        680.0,
        710.0,
        712.0,
        713.0,
        714.0,
        716.0,
        717.0,
        719.0,
        720.0,
        723.0,
        724.0,
        728.0,
        729.0,
        733.0,
        734.0,
        741.0,
        742.0,
        762.0,
        765.0,
        765.0,
        767.0,
        767.0,
        766.0,
        766.0,
        765.0,
        765.0,
        760.0,
        760.0,
        759.0,
        757.0,
        756.0,
        755.0,
        754.0,
        753.0,
        752.0,
        751.0,
        742.0,
        741.0,
        737.0,
        736.0,
        735.0,
        731.0,
        731.0,
        732.0,
        732.0,
        733.0,
        733.0,
        734.0,
        734.0,
        737.0,
        739.0,
        740.0,
        742.0,
        743.0,
        747.0,
        748.0,
        774.0,
        775.0,
        780.0,
        781.0,
        784.0,
        785.0,
        794.0,
        795.0,
        797.0,
        799.0,
        799.0,
        800.0,
        800.0,
        799.0,
        799.0,
        798.0,
        797.0,
        796.0,
        795.0,
        794.0,
        793.0,
        792.0,
        791.0,
        790.0,
        789.0,
        788.0,
        783.0,
        782.0,
        780.0,
        779.0,
        775.0,
        774.0,
        772.0,
        771.0,
        764.0,
        763.0,
        761.0,
        760.0,
        759.0,
        758.0,
        757.0,
        756.0,
        755.0,
        753.0,
        752.0,
        751.0,
        749.0,
        748.0,
        744.0,
        743.0,
        737.0,
        736.0,
        727.0,
        726.0,
        723.0,
        716.0,
        715.0,
        713.0,
        711.0,
        709.0,
        708.0,
        703.0,
        703.0,
        702.0,
        695.0,
        694.0,
        691.0,
        690.0,
        690.0,
        689.0,
        689.0,
        688.0,
        688.0,
        687.0,
        687.0,
        686.0,
        686.0,
        678.0,
        677.0,
        673.0,
        672.0,
        671.0,
        670.0,
        669.0,
        666.0,
        665.0,
        654.0,
        653.0,
        652.0,
        648.0,
        648.0,
        645.0,
        644.0,
        642.0,
        628.0,
        627.0,
        625.0,
        624.0
      ]
    }
  }
]