[
  {
    "name": "person",
    "class": 0,
    "confidence": 0.89098,
    "box": {
      "x1": 1005.46527,
      "y1": 566.05457,
      "x2": 1085.13452,
      "y2": 760.89545
    },
    "track_id": 1,
    "segments": {
      "x": [
        1006.0,
        1006.0,
        1007.0,
        1007.0,
        1008.0,
        1008.0,
        1009.0,
        1009.0,
        1010.0,
        1010.0,
        1009.0,
        1009.0,
        1008.0,
        1008.0,
        1007.0,
        1007.0,
        1006.0,
        1006.0,
        1007.0,
        1010.0,
        1011.0,
        1014.0,
        1015.0,
        1016.0,
        1020.0,
        1020.0,
        1021.0,
        1021.0,
        1022.0,
        1022.0,
        1023.0,
        1023.0,
        1024.0,
        1024.0,
        1025.0,
        1026.0,
        1027.0,
        1027.0,
        1028.0,
        1028.0,
        1029.0,
        1029.0,
        1030.0,
        1030.0,
        1031.0,
        1031.0,
        1030.0,
        1030.0,
        1029.0,
        1029.0,
        1027.0,
        1026.0,
        1021.0,
        1021.0,
        1020.0,
        1020.0,
        1019.0,
        1019.0,
        1022.0,
        1023.0,
        1024.0,
        1027.0,
        1028.0,
        1029.0,
        1030.0,
        1031.0,
        1038.0,
        1039.0,
        1043.0,
        1043.0,
        1045.0,
        1045.0,
        1046.0,
        1046.0,
        1047.0,
        1047.0,
        1048.0,
        1048.0,
        1049.0,
        1049.0,
        1053.0,
        1053.0,
        1056.0,
        1056.0,
        1061.0,
        1062.0,
        1064.0,
        1064.0,
        1065.0,
        1065.0,
        1066.0,
        1066.0,
        1067.0,
        1067.0,
        1068.0,
        1068.0,
        1069.0,
        1069.0,
        1070.0,
        1070.0,
        1073.0,
        1073.0,
        1074.0,
        1077.0,
        1078.0,
        1080.0,
        1081.0,
        1084.0,
        1085.0,
        1085.0,
        1084.0,
        1084.0,
        1083.0,
        1083.0,
        1082.0,
        1082.0,
        1081.0,
        1081.0,
        1080.0,
        1080.0,
        1081.0,
        1081.0,
        1082.0,
        1082.0,
        1083.0,
        1083.0,
        1084.0,
        1084.0,
        1085.0,
        1085.0,
        1084.0,
        1084.0,
        1083.0,
        1083.0,
        1082.0,
        1082.0,
        1081.0,
        1081.0,
        1080.0,
        1080.0,
        1079.0,
        1079.0,
        1078.0,
        1078.0,
        1077.0,
        1077.0,
        1068.0,
        1068.0,
        1067.0,
        1067.0,
        1063.0,
        1062.0,
        1061.0,
        1060.0,
        1059.0,
        1058.0,
        1053.0,
        1053.0,
        1052.0,
        1051.0,
        1049.0,
        1048.0,
        1047.0,
        1046.0,
        1045.0,
        1044.0,
        1042.0,
        1041.0,
        1038.0,
        1038.0
      ],
      "y": [
        567.0,
        594.0,
        595.0,
        598.0,
        599.0,
        602.0,
        603.0,
        605.0,
        606.0,
        607.0,
        608.0,
        620.0,
        621.0,
        626.0,
        627.0,
        633.0,
        634.0,
        669.0,
        670.0,
        670.0,
        671.0,
        671.0,
        670.0,
        670.0,
        666.0,
        660.0,
        659.0,
        653.0,
        652.0,
        649.0,
        648.0,
        645.0,
        644.0,
        643.0,
        642.0,
        642.0,
        643.0,
        644.0,
        645.0,
        648.0,
        649.0,
        652.0,
        653.0,
        662.0,
        663.0,
        723.0,
        724.0,
        726.0,
        727.0,
        728.0,
        730.0,
        730.0,
        735.0,
        736.0,
        737.0,
        744.0,
        745.0,
        750.0,
        753.0,
        753.0,
        754.0,
        754.0,
        753.0,
        753.0,
        752.0,
        752.0,
        745.0,
        745.0,
        741.0,
        740.0,
        738.0,
        735.0,
        734.0,
        732.0,
        731.0,
        729.0,
        728.0,
        727.0,
        726.0,
        725.0,
        721.0,
        720.0,
        717.0,
        716.0,
        711.0,
        711.0,
        713.0,
        715.0,
        716.0,
        718.0,
        719.0,
        722.0,
        723.0,
        744.0,
        745.0,
        752.0,
        753.0,
        754.0,
        755.0,
        756.0,
        759.0,
        760.0,
        760.0,
        757.0,
        757.0,
        755.0,
        755.0,
        752.0,
        752.0,
        725.0,
        724.0,
        722.0,
        721.0,
        719.0,
        718.0,
        715.0,
        714.0,
        707.0,
        706.0,
        670.0,
        669.0,
        658.0,
        657.0,
        651.0,
        650.0,
        647.0,
        646.0,
        644.0,
        643.0,
        641.0,
        640.0,
        639.0,
        638.0,
        637.0,
        636.0,
        635.0,
        634.0,
        632.0,
        631.0,
        624.0,
        623.0,
        613.0,
        612.0,
        606.0,
        605.0,
        604.0,
        595.0,
        594.0,
        593.0,
        592.0,
        588.0,
        588.0,
        587.0,
        587.0,
        586.0,
        586.0,
        581.0,
        580.0,
        579.0,
        579.0,
        577.0,
        577.0,
        576.0,
        576.0,
        575.0,
        575.0,
        573.0,
        573.0,
        570.0,
        567.0
      ]
    }
  },
  {
    "name": "person",
    "class": 0,
    "confidence": 0.68377,
    "box": {
      "x1": 844.72565,
      "y1": 610.95422,
      "x2": 933.93567,
      "y2": 791.62952
    },
    "track_id": 2,
    "segments": {
      "x": [
        895.0,
        894.0,
        894.0,
        893.0,
        893.0,
        889.0,
        888.0,
        887.0,
        886.0,
        885.0,
        883.0,
        882.0,
        881.0,
        880.0,
        879.0,
        876.0,
        876.0,
        870.0,
        869.0,
        864.0,
        864.0,
        863.0,
        863.0,
        862.0,
        862.0,
        855.0,
        855.0,
        854.0,
        854.0,
        853.0,
        853.0,
        852.0,
        852.0,
        851.0,
        851.0,
        850.0,
        850.0,
        849.0,
        849.0,
        845.0,
        845.0,
        846.0,
        848.0,
        848.0,
        850.0,
        850.0,
        851.0,
        851.0,
        852.0,
        852.0,
        856.0,
        860.0,
        861.0,
        863.0,
        864.0,
        865.0,
        867.0,
        868.0,
        869.0,
        869.0,
        871.0,
        871.0,
        872.0,
        872.0,
        873.0,
        873.0,
        874.0,
        874.0,
        875.0,
        875.0,
        876.0,
        876.0,
        877.0,
        877.0,
        881.0,
        883.0,
        889.0,
        889.0,
        890.0,
        890.0,
        891.0,
        891.0,
        892.0,
        892.0,
        897.0,
        897.0,
        898.0,
        898.0,
        899.0,
        899.0,
        900.0,
        900.0,
        901.0,
        901.0,
        900.0,
        900.0,
        899.0,
        899.0,
        898.0,
        898.0,
        897.0,
        897.0,
        896.0,
        896.0,
        895.0,
        895.0,
        893.0,
        893.0,
        892.0,
        892.0,
        922.0,
        922.0,
        923.0,
        923.0,
        924.0,
        924.0,
        925.0,
        925.0,
        926.0,
        926.0,
        925.0,
        925.0,
        924.0,
        924.0,
        923.0,
        923.0,
        922.0,
        922.0,
        923.0,
        923.0,
        922.0,
        922.0,
        921.0,
        921.0,
        920.0,
        920.0,
        913.0,
        913.0,
        912.0,
        912.0,
        911.0,
        911.0,
        910.0,
        910.0,
        908.0,
        908.0,
        906.0,
        906.0,
        905.0,
        905.0,
        904.0,
        904.0,
        903.0,
        903.0,
        902.0,
        902.0,
        903.0,
        903.0,
        904.0,
        904.0,
        906.0,
        907.0,
        909.0,
        910.0,
        912.0,
        913.0,
        916.0,
        917.0,
        919.0,
        919.0,
        921.0,
        921.0,
        922.0,
        922.0,
        923.0,
        923.0,
        924.0,
        924.0,
        923.0,
        923.0,
        922.0,
        922.0,
        923.0,
        923.0,
        922.0,
        922.0
      ],
      "y": [
        611.0,
        612.0,
        613.0,
        614.0,
        617.0,
        621.0,
        621.0,
        622.0,
        622.0,
        623.0,
        623.0,
        624.0,
        624.0,
        625.0,
        625.0,
        628.0,
        629.0,
        635.0,
        635.0,
        640.0,
        641.0,
        642.0,
        644.0,
        645.0,
        646.0,
        653.0,
        654.0,
        655.0,
        656.0,
        657.0,
        658.0,
        659.0,
        661.0,
        662.0,
        663.0,
        664.0,
        665.0,
        666.0,
        667.0,
        671.0,
        707.0,
        707.0,
        709.0,
        710.0,
        712.0,
        718.0,
        719.0,
        758.0,
        759.0,
        762.0,
        766.0,
        766.0,
        765.0,
        765.0,
        764.0,
        764.0,
        762.0,
        762.0,
        761.0,
        760.0,
        758.0,
        757.0,
        756.0,
        755.0,
        754.0,
        752.0,
        751.0,
        738.0,
        737.0,
        725.0,
        724.0,
        723.0,
        722.0,
        721.0,
        717.0,
        717.0,
        723.0,
        725.0,
        726.0,
        727.0,
        728.0,
        730.0,
        731.0,
        732.0,
        737.0,
        738.0,
        739.0,
        744.0,
        745.0,
        751.0,
        752.0,
        758.0,
        759.0,
        767.0,
        768.0,
        776.0,
        777.0,
        779.0,
        780.0,
        782.0,
        783.0,
        784.0,
        785.0,
        787.0,
        788.0,
        789.0,
        791.0,
        792.0,
        793.0,
        795.0,
        795.0,
        794.0,
        793.0,
        792.0,
        791.0,
        790.0,
        789.0,
        788.0,
        787.0,
        782.0,
        781.0,
        778.0,
        777.0,
        773.0,
        772.0,
        764.0,
        763.0,
        743.0,
        742.0,
        732.0,
        731.0,
        724.0,
        723.0,
        722.0,
        721.0,
        720.0,
        713.0,
        712.0,
        711.0,
        710.0,
        709.0,
        708.0,
        707.0,
        706.0,
        704.0,
        703.0,
        701.0,
        700.0,
        699.0,
        698.0,
        697.0,
        696.0,
        695.0,
        694.0,
        693.0,
        682.0,
        681.0,
        677.0,
        676.0,
        675.0,
        673.0,
        673.0,
        671.0,
        671.0,
        669.0,
        669.0,
        666.0,
        666.0,
        664.0,
        663.0,
        661.0,
        660.0,
        659.0,
        658.0,
        657.0,
        656.0,
        655.0,
        651.0,
        650.0,
        645.0,
        644.0,
        632.0,
        631.0,
        615.0,
        614.0,
        611.0
      ]
    }
  }
]