[
  {
    "name": "person",
    "class": 0,
    "confidence": 0.87651,
    "box": {
      "x1": 1096.81909,
      "y1": 601.71124,
      "x2": 1199.10632,
      "y2": 814.44745
    },
    "track_id": 1,
    "segments": {
      "x": [
        1148.0,
        1148.0,
        1146.0,
        1146.0,
        1144.0,
        1144.0,
        1143.0,
        1143.0,
        1142.0,
        1142.0,
        1143.0,
        1143.0,
        1144.0,
        1144.0,
        1148.0,
        1148.0,
        1149.0,
        1149.0,
        1150.0,
        1150.0,
        1151.0,
        1151.0,
        1152.0,
        1152.0,
        1151.0,
        1151.0,
        1150.0,
        1150.0,
        1149.0,
        1149.0,
        1142.0,
        1142.0,
        1136.0,
        1135.0,
        1134.0,
        1133.0,
        1130.0,
        1130.0,
        1131.0,
        1131.0,
        1132.0,
        1132.0,
        1137.0,
        1137.0,
        1138.0,
        1138.0,
        1139.0,
        1139.0,
        1138.0,
        1138.0,
        1137.0,
        1137.0,
        1135.0,
        1135.0,
        1132.0,
        1132.0,
        1130.0,
        1130.0,
        1129.0,
        1129.0,
        1128.0,
        1128.0,
        1127.0,
        1127.0,
        1126.0,
        1126.0,
        1124.0,
        1124.0,
        1123.0,
        1122.0,
        1119.0,
        1119.0,
        1118.0,
        1118.0,
        1117.0,
        1117.0,
        1116.0,
        1116.0,
        1115.0,
        1115.0,
        1114.0,
        1114.0,
        1113.0,
        1113.0,
        1111.0,
        1111.0,
        1109.0,
        1108.0,
        1107.0,
        1106.0,
        1105.0,
        1104.0,
        1103.0,
        1101.0,
        1100.0,
        1094.0,
        1093.0,
        1093.0,
        1102.0,
        1103.0,
        1108.0,
        1109.0,
        1112.0,
        1113.0,
        1116.0,
        1117.0,
        1119.0,
        1120.0,
        1126.0,
        1127.0,
        1132.0,
        1133.0,
        1135.0,
        1136.0,
        1137.0,
        1138.0,
        1138.0,
        1139.0,
        1139.0,
        1140.0,
        1140.0,
        1141.0,
        1141.0,
        1142.0,
        1142.0,
        1145.0,
        1147.0,
        1149.0,
        1150.0,
        1152.0,
        1152.0,
        1153.0,
        1153.0,
        1154.0,
        1154.0,
        1153.0,
        1153.0,
        1152.0,
        1152.0,
        1151.0,
        1151.0,
        1150.0,
        1150.0,
        1149.0,
        1149.0,
        1151.0,
        1152.0,
        1154.0,
        1155.0,
        1156.0,
        1171.0,
        1175.0,
        1175.0,
        1176.0,
        1176.0,
        1177.0,
        1177.0,
        1178.0,
        1178.0,
        1179.0,
        1179.0,
        1182.0,
        1182.0,
        1184.0,
        1184.0,
        1185.0,
        1185.0,
        1186.0,
        1186.0,
        1187.0,
        1187.0,
        1188.0,
        1188.0,
        1189.0,
        1189.0,
        1190.0,
        1190.0,
        1191.0,
        1191.0,
        1195.0,
        1195.0,
        1196.0,
        1196.0,
        1197.0,
        1197.0,
        1198.0,
        1198.0,
        1199.0,
        1199.0,
        1198.0,
        1198.0,
        1194.0,
        1193.0,
        1188.0,
        1188.0,
        1187.0,
        1187.0,
        1186.0,
        1186.0,
        1185.0,
        1185.0,
        1184.0,
        1184.0,
        1183.0,
        1183.0,
        1182.0,
        1182.0,
        1181.0,
        1181.0,
        1180.0,
        1180.0,
        1179.0,
        1179.0,
        1178.0,
        1178.0
      ],
      "y": [
        603.0,
        607.0,
        609.0,
        610.0,
        612.0,
        613.0,
        614.0,
        616.0,
        617.0,
        621.0,
        622.0,
        627.0,
        628.0,
        630.0,
        634.0,
        635.0,
        636.0,
        637.0,
        638.0,
        639.0,
        640.0,
        644.0,
        645.0,
        659.0,
        660.0,
        666.0,
        667.0,
        668.0,
        669.0,
        670.0,
        677.0,
        678.0,
        684.0,
        684.0,
        685.0,
        685.0,
        688.0,
        691.0,
        692.0,
        693.0,
        694.0,
        695.0,
        700.0,
        701.0,
        702.0,
        707.0,
        708.0,
        715.0,
        716.0,
        718.0,
        719.0,
        720.0,
        722.0,
        723.0,
        726.0,
        727.0,
        729.0,
        731.0,
        732.0,
        733.0,
        734.0,
        737.0,
        738.0,
        739.0,
        740.0,
        741.0,
        743.0,
        744.0,
        745.0,
        745.0,
        748.0,
        749.0,
        750.0,
        753.0,
        754.0,
        758.0,
        759.0,
        773.0,
        774.0,
        776.0,
        777.0,
        779.0,
        780.0,
        781.0,
        783.0,
        784.0,
        786.0,
        786.0,
        787.0,
        787.0,
        788.0,
        788.0,
        789.0,
        789.0,
        790.0,
        790.0,
        791.0,
        804.0,
        804.0,
        805.0,
        805.0,
        806.0,
        806.0,
        807.0,
        807.0,
        808.0,
        808.0,
        809.0,
        809.0,
        808.0,
        808.0,
        807.0,
        807.0,
        806.0,
        806.0,
        805.0,
        804.0,
        803.0,
        801.0,
        800.0,
        780.0,
        779.0,
        774.0,
        773.0,
        772.0,
        769.0,
        769.0,
        771.0,
        771.0,
        773.0,
        774.0,
        775.0,
        779.0,
        780.0,
        789.0,
        790.0,
        795.0,
        796.0,
        800.0,
        801.0,
        804.0,
        805.0,
        806.0,
        807.0,
        810.0,
        812.0,
        812.0,
        814.0,
        814.0,
        815.0,
        815.0,
        811.0,
        808.0,
        807.0,
        790.0,
        789.0,
        779.0,
        778.0,
        753.0,
        752.0,
        749.0,
        746.0,
        745.0,
        743.0,
        742.0,
        741.0,
        740.0,
        739.0,
        737.0,
        736.0,
        733.0,
        732.0,
        729.0,
        728.0,
        726.0,
        725.0,
        724.0,
        723.0,
        722.0,
        718.0,
        717.0,
        716.0,
        715.0,
        714.0,
        712.0,
        711.0,
        705.0,
        704.0,
        646.0,
        645.0,
        641.0,
        637.0,
        637.0,
        632.0,
        631.0,
        630.0,
        629.0,
        628.0,
        625.0,
        624.0,
        622.0,
        621.0,
        619.0,
        618.0,
        617.0,
        616.0,
        615.0,
        614.0,
        613.0,
        612.0,
        611.0,
        610.0,
        608.0,
        607.0,
        603.0
      ]
    }
  },
  {
    "name": "person",
    "class": 0,
    "confidence": 0.88636,
    "box": {
      "x1": 834.27405,
      "y1": 573.10498,
      "x2": 930.88257,
      "y2": 789.24646
    },
    "track_id": 2,
    "segments": {
      "x": [
        890.0,
        889.0,
        889.0,
        888.0,
        888.0,
        887.0,
        887.0,
        883.0,
        882.0,
        881.0,
        880.0,
        878.0,
        877.0,
        875.0,
        875.0,
        870.0,
        869.0,
        863.0,
        863.0,
        862.0,
        862.0,
        857.0,
        856.0,
        855.0,
        855.0,
        853.0,
        853.0,
        852.0,
        852.0,
        851.0,
        851.0,
        850.0,
        850.0,
        849.0,
        849.0,
        848.0,
        848.0,
        847.0,
        847.0,
        846.0,
        846.0,
        845.0,
        845.0,
        844.0,
        844.0,
        843.0,
        843.0,
        844.0,
        844.0,
        845.0,
        845.0,
        846.0,
        846.0,
        845.0,
        845.0,
        844.0,
        844.0,
        843.0,
        843.0,
        842.0,
        842.0,
        841.0,
        841.0,
        840.0,
        840.0,
        839.0,
        839.0,
        838.0,
        838.0,
        837.0,
        837.0,
        836.0,
        836.0,
        835.0,
        835.0,
        834.0,
        834.0,
        842.0,
        861.0,
        863.0,
        863.0,
        864.0,
        864.0,
        865.0,
        865.0,
        864.0,
        864.0,
        863.0,
        863.0,
        864.0,
        864.0,
        865.0,
        865.0,
        866.0,
        866.0,
        867.0,
        867.0,
        869.0,
        869.0,
        871.0,
        871.0,
        872.0,
        872.0,
        873.0,
        873.0,
        874.0,
        874.0,
        875.0,
        875.0,
        876.0,
        876.0,
        877.0,
        877.0,
        878.0,
        878.0,
        881.0,
        883.0,
        886.0,
        886.0,
        887.0,
        887.0,
        888.0,
        888.0,
        889.0,
        889.0,
        890.0,
        890.0,
        891.0,
        891.0,
        893.0,
        893.0,
        896.0,
        896.0,
        897.0,
        897.0,
        898.0,
        898.0,
        904.0,
        905.0,
        906.0,
        908.0,
        909.0,
        910.0,
        911.0,
        912.0,
        915.0,
        916.0,
        917.0,
        919.0,
        920.0,
        921.0,
        923.0,
        923.0,
        924.0,
        924.0,
        923.0,
        923.0,
        922.0,
        922.0,
        921.0,
        921.0,
        919.0,
        919.0,
        916.0,
        916.0,
        915.0,
        915.0,
        914.0,
        914.0,
        915.0,
        915.0,
        916.0,
        916.0,
        917.0,
        917.0,
        918.0,
        918.0,
        919.0,
        919.0,
        920.0,
        920.0,
        921.0,
        921.0,
        922.0,
        922.0,
        923.0,
        923.0,
        924.0,
        924.0,
        923.0,
        923.0,
        922.0,
        922.0,
        918.0,
        917.0,
        916.0,
        916.0,
        917.0,
        917.0,
        918.0,
        918.0,
        919.0,
        919.0,
        918.0,
        918.0,
        920.0,
        920.0,
        921.0,
        921.0,
        922.0,
        922.0,
        923.0,
        923.0,
        922.0,
        922.0,
        921.0,
        921.0,
        920.0
      ],
      "y": [
        574.0,
        575.0,
        577.0,
        578.0,
        581.0,
        582.0,
        583.0,
        587.0,
        587.0,
        588.0,
        588.0,
        590.0,
        590.0,
        592.0,
        593.0,
        598.0,
        598.0,
        604.0,
        605.0,
        606.0,
        607.0,
        612.0,
        612.0,
        613.0,
        614.0,
        616.0,
        619.0,
        620.0,
        629.0,
        630.0,
        635.0,
        636.0,
        639.0,
        640.0,
        643.0,
        644.0,
        645.0,
        646.0,
        647.0,
        648.0,
        649.0,
        650.0,
        651.0,
        652.0,
        657.0,
        658.0,
        667.0,
        668.0,
        675.0,
        676.0,
        687.0,
        688.0,
        704.0,
        705.0,
        707.0,
        708.0,
        711.0,
        712.0,
        714.0,
        715.0,
        717.0,
        718.0,
        720.0,
        721.0,
        723.0,
        724.0,
        729.0,
        730.0,
        735.0,
        736.0,
        739.0,
        740.0,
        742.0,
        743.0,
        744.0,
        745.0,
        781.0,
        789.0,
        789.0,
        787.0,
        786.0,
        785.0,
        776.0,
        775.0,
        772.0,
        771.0,
        764.0,
        763.0,
        757.0,
        756.0,
        743.0,
        742.0,
        737.0,
        736.0,
        734.0,
        733.0,
        732.0,
        730.0,
        729.0,
        727.0,
        726.0,
        725.0,
        723.0,
        722.0,
        720.0,
        719.0,
        716.0,
        715.0,
        710.0,
        709.0,
        705.0,
        704.0,
        702.0,
        701.0,
        700.0,
        697.0,
        697.0,
        700.0,
        701.0,
        702.0,
        704.0,
        705.0,
        706.0,
        707.0,
        709.0,
        710.0,
        712.0,
        713.0,
        715.0,
        717.0,
        718.0,
        721.0,
        722.0,
        723.0,
        724.0,
        725.0,
        726.0,
        732.0,
        732.0,
        733.0,
        733.0,
        734.0,
        734.0,
        735.0,
        735.0,
        738.0,
        738.0,
        739.0,
        739.0,
        738.0,
        738.0,
        736.0,
        728.0,
        727.0,
        726.0,
        725.0,
        724.0,
        723.0,
        722.0,
        721.0,
        720.0,
        718.0,
        717.0,
        714.0,
        712.0,
        711.0,
        707.0,
        706.0,
        696.0,
        695.0,
        691.0,
        690.0,
        689.0,
        688.0,
        687.0,
        686.0,
        685.0,
        684.0,
        683.0,
        682.0,
        679.0,
        678.0,
        673.0,
        672.0,
        660.0,
        659.0,
        646.0,
        645.0,
        639.0,
        638.0,
        637.0,
        636.0,
        635.0,
        631.0,
        631.0,
        630.0,
        628.0,
        627.0,
        626.0,
        625.0,
        622.0,
        621.0,
        613.0,
        612.0,
        605.0,
        603.0,
        602.0,
        601.0,
        599.0,
        598.0,
        596.0,
        595.0,
        580.0,
        579.0,
        577.0,
        576.0,
        575.0,
        574.0
      ]
    }
  }
]