[
  {
    "name": "person",
    "class": 0,
    "confidence": 0.88875,
    "box": {
      "x1": 1043.83118,
      "y1": 552.70361,
      "x2": 1127.43994,
      "y2": 745.10083
    },
    "track_id": 1,
    "segments": {
      "x": [
        1079.0,
        1078.0,
        1078.0,
        1076.0,
        1076.0,
        1071.0,
        1071.0,
        1070.0,
        1070.0,
        1069.0,
        1069.0,
        1068.0,
        1068.0,
        1067.0,
        1067.0,
        1066.0,
        1066.0,
        1065.0,
        1065.0,
        1064.0,
        1064.0,
        1060.0,
        1060.0,
        1059.0,
        1059.0,
        1058.0,
        1058.0,
        1057.0,
        1057.0,
        1056.0,
        1056.0,
        1055.0,
        1055.0,
        1054.0,
        1054.0,
        1053.0,
        1053.0,
        1051.0,
        1051.0,
        1049.0,
        1048.0,
        1044.0,
        1044.0,
        1047.0,
        1048.0,
        1050.0,
        1054.0,
        1054.0,
        1055.0,
        1055.0,
        1056.0,
        1056.0,
        1055.0,
        1055.0,
        1050.0,
        1049.0,
        1048.0,
        1047.0,
        1044.0,
        1044.0,
        1045.0,
        1046.0,
        1047.0,
        1048.0,
        1051.0,
        1053.0,
        1054.0,
        1055.0,
        1055.0,
        1060.0,
        1061.0,
        1062.0,
        1064.0,
        1065.0,
        1067.0,
        1067.0,
        1072.0,
        1073.0,
        1074.0,
        1087.0,
        1091.0,
        1091.0,
        1092.0,
        1092.0,
        1093.0,
        1093.0,
        1094.0,
        1094.0,
        1095.0,
        1095.0,
        1096.0,
        1096.0,
        1098.0,
        1098.0,
        1100.0,
        1100.0,
        1101.0,
        1101.0,
        1102.0,
        1102.0,
        1103.0,
        1103.0,
        1104.0,
        1104.0,
        1105.0,
        1105.0,
        1108.0,
        1109.0,
        1111.0,
        1112.0,
        1112.0,
        1115.0,
        1115.0,
        1116.0,
        1116.0,
        1117.0,
        1117.0,
        1121.0,
        1122.0,
        1126.0,
        1126.0,
        1127.0,
        1127.0,
        1126.0,
        1126.0,
        1123.0,
        1122.0,
        1120.0,
        1119.0,
        1117.0,
        1117.0,
        1115.0,
        1115.0,
        1114.0,
        1114.0,
        1110.0,
        1109.0,
        1105.0,
        1105.0,
        1104.0,
        1104.0,
        1103.0,
        1103.0,
        1102.0,
        1102.0
      ],
      "y": [
        554.0,
        555.0,
        558.0,
        560.0,
        561.0,
        566.0,
        567.0,
        568.0,
        569.0,
        570.0,
        575.0,
        576.0,
        581.0,
        582.0,
        584.0,
        585.0,
        586.0,
        587.0,
        588.0,
        589.0,
        590.0,
        594.0,
        595.0,
        596.0,
        597.0,
        598.0,
        599.0,
        600.0,
        602.0,
        603.0,
        605.0,
        606.0,
        609.0,
        610.0,
        611.0,
        612.0,
        614.0,
        616.0,
        617.0,
        619.0,
        619.0,
        623.0,
        657.0,
        657.0,
        658.0,
        658.0,
        662.0,
        663.0,
        664.0,
        665.0,
        666.0,
        708.0,
        709.0,
        715.0,
        720.0,
        720.0,
        721.0,
        721.0,
        724.0,
        740.0,
        740.0,
        741.0,
        741.0,
        742.0,
        742.0,
        740.0,
        740.0,
        739.0,
        738.0,
        733.0,
        733.0,
        732.0,
        734.0,
        734.0,
        736.0,
        737.0,
        742.0,
        742.0,
        743.0,
        743.0,
        739.0,
        724.0,
        723.0,
        712.0,
        711.0,
        708.0,
        707.0,
        706.0,
        705.0,
        704.0,
        703.0,
        702.0,
        700.0,
        699.0,
        697.0,
        696.0,
        695.0,
        693.0,
        692.0,
        689.0,
        688.0,
        679.0,
        678.0,
        677.0,
        676.0,
        675.0,
        672.0,
        672.0,
        670.0,
        670.0,
        669.0,
        666.0,
        660.0,
        659.0,
        654.0,
        653.0,
        652.0,
        648.0,
        648.0,
        644.0,
        643.0,
        642.0,
        593.0,
        592.0,
        591.0,
        588.0,
        588.0,
        586.0,
        586.0,
        584.0,
        583.0,
        581.0,
        580.0,
        579.0,
        578.0,
        574.0,
        574.0,
        570.0,
        567.0,
        566.0,
        559.0,
        558.0,
        556.0,
        555.0,
        554.0
      ]
    }
  },
  {
    "name": "person",
    "class": 0,
    "confidence": 0.89803,
    "box": {
      "x1": 791.14484,
      "y1": 586.42572,
      "x2": 915.02142,
      "y2": 791.57086
    },
    "track_id": 2,
    "segments": {
      "x": [
        851.0,
        851.0,
        846.0,
        841.0,
        840.0,
        834.0,
        833.0,
        832.0,
        827.0,
        827.0,
        823.0,
        822.0,
        820.0,
        819.0,
        817.0,
        817.0,
        816.0,
        816.0,
        815.0,
        815.0,
        814.0,
        814.0,
        813.0,
        813.0,
        808.0,
        808.0,
        807.0,
        807.0,
        806.0,
        806.0,
        805.0,
        805.0,
        804.0,
        804.0,
        803.0,
        803.0,
        802.0,
        802.0,
        796.0,
        795.0,
        792.0,
        792.0,
        793.0,
        794.0,
        795.0,
        796.0,
        806.0,
        807.0,
        810.0,
        811.0,
        812.0,
        814.0,
        814.0,
        816.0,
        816.0,
        818.0,
        818.0,
        821.0,
        822.0,
        822.0,
        824.0,
        824.0,
        823.0,
        823.0,
        820.0,
        820.0,
        819.0,
        819.0,
        818.0,
        818.0,
        819.0,
        819.0,
        820.0,
        820.0,
        821.0,
        821.0,
        822.0,
        822.0,
        823.0,
        823.0,
        824.0,
        824.0,
        830.0,
        831.0,
        832.0,
        835.0,
        838.0,
        839.0,
        841.0,
        841.0,
        844.0,
        844.0,
        849.0,
        849.0,
        850.0,
        850.0,
        851.0,
        851.0,
        852.0,
        852.0,
        854.0,
        854.0,
        855.0,
        857.0,
        877.0,
        878.0,
        883.0,
        884.0,
        886.0,
        887.0,
        888.0,
        889.0,
        890.0,
        891.0,
        892.0,
        893.0,
        893.0,
        891.0,
        891.0,
        889.0,
        889.0,
        888.0,
        888.0,
        887.0,
        887.0,
        885.0,
        885.0,
        881.0,
        880.0,
        879.0,
        879.0,
        877.0,
        877.0,
        876.0,
        876.0,
        875.0,
        875.0,
        874.0,
        874.0,
        873.0,
        873.0,
        872.0,
        872.0,
        871.0,
        871.0,
        870.0,
        870.0,
        869.0,
        869.0,
        866.0,
        866.0,
        864.0,
        863.0,
        862.0,
        861.0,
        860.0,
        859.0,
        858.0,
        857.0,
        855.0,
        854.0,
        851.0,
        850.0,
        847.0,
        847.0,
        848.0,
        848.0,
        849.0,
        849.0,
        850.0,
        850.0,
        857.0,
        858.0,
        859.0,
        861.0,
        862.0,
        865.0,
        866.0,
        868.0,
        869.0,
        870.0,
        875.0,
        875.0,
        876.0,
        877.0,
        880.0,
        881.0,
        882.0,
        885.0,
        886.0,
        888.0,
        889.0,
        890.0,
        891.0,
        892.0,
        893.0,
        895.0,
        896.0,
        897.0,
        898.0,
        899.0,
        900.0,
        901.0,
        902.0,
        904.0,
        905.0,
        906.0,
        907.0,
        909.0,
        910.0,
        911.0,
        912.0,
        913.0,
        914.0,
        915.0,
        915.0,
        914.0,
        914.0,
        913.0,
        912.0,
        911.0,
        910.0,
        909.0,
        908.0,
        907.0,
        906.0,
        892.0,
        891.0,
        888.0,
        887.0,
        884.0,
        883.0,
        881.0,
        877.0,
        877.0,
        876.0,
        876.0,
        875.0,
        875.0,
        876.0,
        876.0,
        877.0,
        877.0,
        884.0,
        884.0,
        885.0,
        885.0,
        886.0,
        886.0,
        887.0,
        887.0,
        888.0,
        888.0,
        887.0,
        887.0,
        886.0,
        886.0,
        882.0
      ],
      "y": [
        587.0,
        594.0,
        599.0,
        599.0,
        600.0,
        600.0,
        601.0,
        601.0,
        606.0,
        607.0,
        611.0,
        611.0,
        613.0,
        613.0,
        615.0,
        616.0,
        617.0,
        618.0,
        619.0,
        621.0,
        622.0,
        623.0,
        624.0,
        625.0,
        630.0,
        631.0,
        632.0,
        633.0,
        634.0,
        635.0,
        636.0,
        637.0,
        638.0,
        640.0,
        641.0,
        643.0,
        644.0,
        645.0,
        651.0,
        651.0,
        654.0,
        777.0,
        777.0,
        778.0,
        778.0,
        779.0,
        779.0,
        778.0,
        778.0,
        777.0,
        777.0,
        775.0,
        774.0,
        772.0,
        771.0,
        769.0,
        768.0,
        765.0,
        765.0,
        764.0,
        762.0,
        760.0,
        759.0,
        758.0,
        755.0,
        754.0,
        753.0,
        752.0,
        751.0,
        737.0,
        736.0,
        735.0,
        734.0,
        733.0,
        732.0,
        731.0,
        730.0,
        729.0,
        728.0,
        727.0,
        726.0,
        725.0,
        719.0,
        719.0,
        718.0,
        718.0,
        721.0,
        721.0,
        723.0,
        724.0,
        727.0,
        728.0,
        733.0,
        734.0,
        735.0,
        736.0,
        737.0,
        752.0,
        753.0,
        787.0,
        789.0,
        790.0,
        790.0,
        792.0,
        792.0,
        791.0,
        791.0,
        790.0,
        790.0,
        789.0,
        789.0,
        788.0,
        788.0,
        787.0,
        787.0,
        786.0,
        785.0,
        783.0,
        782.0,
        780.0,
        779.0,
        778.0,
        776.0,
        775.0,
        773.0,
        771.0,
        770.0,
        766.0,
        766.0,
        765.0,
        764.0,
        762.0,
        758.0,
        757.0,
        740.0,
        739.0,
        711.0,
        710.0,
        708.0,
        707.0,
        705.0,
        704.0,
        702.0,
        701.0,
        700.0,
        699.0,
        697.0,
        696.0,
        695.0,
        692.0,
        691.0,
        689.0,
        689.0,
        688.0,
        688.0,
        687.0,
        687.0,
        686.0,
        686.0,
        684.0,
        684.0,
        681.0,
        681.0,
        678.0,
        675.0,
        674.0,
        671.0,
        670.0,
        667.0,
        666.0,
        665.0,
        658.0,
        658.0,
        659.0,
        659.0,
        660.0,
        660.0,
        661.0,
        661.0,
        662.0,
        662.0,
        667.0,
        668.0,
        669.0,
        669.0,
        672.0,
        672.0,
        673.0,
        673.0,
        674.0,
        674.0,
        675.0,
        675.0,
        676.0,
        676.0,
        677.0,
        677.0,
        676.0,
        676.0,
        675.0,
        675.0,
        674.0,
        674.0,
        673.0,
        673.0,
        672.0,
        672.0,
        671.0,
        671.0,
        670.0,
        670.0,
        669.0,
        669.0,
        668.0,
        668.0,
        655.0,
        654.0,
        653.0,
        653.0,
        652.0,
        652.0,
        651.0,
        651.0,
        650.0,
        650.0,
        649.0,
        649.0,
        648.0,
        648.0,
        647.0,
        647.0,
        646.0,
        646.0,
        642.0,
        639.0,
        638.0,
        633.0,
        632.0,
        629.0,
        628.0,
        627.0,
        626.0,
        625.0,
        618.0,
        617.0,
        616.0,
        614.0,
        613.0,
        611.0,
        610.0,
        607.0,
        606.0,
        602.0,
        601.0,
        593.0,
        592.0,
        591.0,
        587.0
      ]
    }
  }
]