[
  {
    "name": "person",
    "class": 0,
    "confidence": 0.89406,
    "box": {
      "x1": 1285.2572,
      "y1": 715.80646,
      "x2": 1410.2749,
      "y2": 994.68616
    },
    "track_id": 1,
    "segments": {
      "x": [
        1341.0,
        1340.0,
        1340.0,
        1339.0,
        1339.0,
        1338.0,
        1338.0,
        1337.0,
        1337.0,
        1336.0,
        1336.0,
        1335.0,
        1335.0,
        1334.0,
        1334.0,
        1333.0,
        1333.0,
        1332.0,
        1332.0,
        1333.0,
        1333.0,
        1334.0,
        1334.0,
        1336.0,
        1336.0,
        1340.0,
        1340.0,
        1341.0,
        1341.0,
        1342.0,
        1342.0,
        1343.0,
        1343.0,
        1342.0,
        1342.0,
        1337.0,
        1336.0,
        1335.0,
        1335.0,
        1333.0,
        1333.0,
        1332.0,
        1332.0,
        1331.0,
        1331.0,
        1330.0,
        1330.0,
        1329.0,
        1329.0,
        1328.0,
        1328.0,
        1327.0,
        1327.0,
        1325.0,
        1325.0,
        1323.0,
        1323.0,
        1322.0,
        1322.0,
        1321.0,
        1321.0,
        1320.0,
        1320.0,
        1314.0,
        1313.0,
        1311.0,
        1310.0,
        1308.0,
        1308.0,
        1303.0,
        1302.0,
        1301.0,
        1299.0,
        1298.0,
        1296.0,
        1295.0,
        1293.0,
        1292.0,
        1290.0,
        1289.0,
        1288.0,
        1286.0,
        1285.0,
        1285.0,
        1286.0,
        1286.0,
        1290.0,
        1291.0,
        1294.0,
        1295.0,
        1297.0,
        1298.0,
        1301.0,
        1304.0,
        1305.0,
        1306.0,
        1307.0,
        1308.0,
        1309.0,
        1311.0,
        1312.0,
        1314.0,
        1315.0,
        1315.0,
        1316.0,
        1316.0,
        1315.0,
        1315.0,
        1313.0,
        1298.0,
        1297.0,
        1293.0,
        1292.0,
        1288.0,
        1287.0,
        1286.0,
        1285.0,
        1285.0,
        1288.0,
        1289.0,
        1298.0,
        1298.0,
        1302.0,
        1304.0,
        1305.0,
        1306.0,
        1307.0,
        1309.0,
        1310.0,
        1312.0,
        1313.0,
        1316.0,
        1317.0,
        1319.0,
        1320.0,
        1321.0,
        1322.0,
        1323.0,
        1327.0,
        1327.0,
        1328.0,
        1328.0,
        1329.0,
        1329.0,
        1330.0,
        1330.0,
        1331.0,
        1331.0,
        1330.0,
        1330.0,
        1329.0,
        1329.0,
        1324.0,
        1323.0,
        1322.0,
        1322.0,
        1323.0,
        1324.0,
        1326.0,
        1327.0,
        1328.0,
        1330.0,
        1331.0,
        1332.0,
        1333.0,
        1335.0,
        1336.0,
        1337.0,
        1343.0,
        1344.0,
        1347.0,
        1348.0,
        1349.0,
        1363.0,
        1364.0,
        1364.0,
        1366.0,
        1366.0,
        1367.0,
        1367.0,
        1366.0,
        1366.0,
        1365.0,
        1365.0,
        1364.0,
        1364.0,
        1363.0,
        1363.0,
        1362.0,
        1362.0,
        1363.0,
        1363.0,
        1364.0,
        1364.0,
        1365.0,
        1365.0,
        1366.0,
        1366.0,
        1367.0,
        1367.0,
        1368.0,
        1368.0,
        1369.0,
        1369.0,
        1375.0,
        1376.0,
        1377.0,
        1378.0,
        1380.0,
        1381.0,
        1382.0,
        1383.0,
        1384.0,
        1385.0,
        1386.0,
        1393.0,
        1394.0,
        1398.0,
        1400.0,
        1400.0,
        1401.0,
        1401.0,
        1402.0,
        1402.0,
        1403.0,
        1403.0,
        1404.0,
        1404.0,
        1405.0,
        1405.0,
        1406.0,
        1406.0,
        1407.0,
        1407.0,
        1408.0,
        1408.0,
        1409.0,
        1409.0,
        1410.0,
        1410.0,
        1409.0,
        1409.0,
        1408.0,
        1408.0,
        1407.0,
        1407.0,
        1406.0,
        1406.0,
        1405.0,
        1405.0,
        1404.0,
        1404.0,
        1402.0,
        1402.0,
        1399.0,
        1398.0,
        1390.0,
        1389.0,
        1387.0,
        1386.0,
        1381.0,
        1381.0,
        1380.0,
        1380.0,
        1379.0,
        1379.0,
        1378.0,
        1378.0,
        1377.0,
        1377.0,
        1376.0,
        1376.0
      ],
      "y": [
        716.0,
        717.0,
        718.0,
        719.0,
        720.0,
        721.0,
        723.0,
        724.0,
        725.0,
        726.0,
        727.0,
        728.0,
        729.0,
        730.0,
        732.0,
        733.0,
        735.0,
        736.0,
        750.0,
        751.0,
        753.0,
        754.0,
        755.0,
        757.0,
        758.0,
        762.0,
        764.0,
        765.0,
        767.0,
        768.0,
        770.0,
        771.0,
        774.0,
        775.0,
        776.0,
        781.0,
        781.0,
        782.0,
        783.0,
        785.0,
        788.0,
        789.0,
        792.0,
        793.0,
        797.0,
        798.0,
        801.0,
        802.0,
        804.0,
        805.0,
        807.0,
        808.0,
        809.0,
        811.0,
        812.0,
        814.0,
        815.0,
        816.0,
        817.0,
        818.0,
        820.0,
        821.0,
        822.0,
        828.0,
        828.0,
        830.0,
        830.0,
        832.0,
        833.0,
        838.0,
        838.0,
        839.0,
        839.0,
        840.0,
        840.0,
        841.0,
        841.0,
        842.0,
        842.0,
        843.0,
        843.0,
        845.0,
        845.0,
        846.0,
        847.0,
        848.0,
        852.0,
        852.0,
        855.0,
        855.0,
        857.0,
        857.0,
        860.0,
        860.0,
        859.0,
        859.0,
        858.0,
        858.0,
        857.0,
        857.0,
        856.0,
        856.0,
        857.0,
        863.0,
        864.0,
        870.0,
        871.0,
        873.0,
        875.0,
        875.0,
        874.0,
        874.0,
        873.0,
        873.0,
        874.0,
        874.0,
        875.0,
        902.0,
        905.0,
        905.0,
        914.0,
        915.0,
        919.0,
        919.0,
        920.0,
        920.0,
        921.0,
        921.0,
        922.0,
        922.0,
        923.0,
        923.0,
        924.0,
        924.0,
        925.0,
        925.0,
        926.0,
        926.0,
        930.0,
        931.0,
        932.0,
        933.0,
        934.0,
        936.0,
        937.0,
        940.0,
        941.0,
        955.0,
        956.0,
        957.0,
        958.0,
        959.0,
        964.0,
        964.0,
        965.0,
        978.0,
        979.0,
        979.0,
        981.0,
        981.0,
        982.0,
        982.0,
        983.0,
        983.0,
        984.0,
        984.0,
        985.0,
        985.0,
        991.0,
        991.0,
        994.0,
        994.0,
        995.0,
        995.0,
        994.0,
        993.0,
        991.0,
        990.0,
        989.0,
        956.0,
        955.0,
        941.0,
        940.0,
        935.0,
        934.0,
        929.0,
        928.0,
        921.0,
        920.0,
        916.0,
        915.0,
        910.0,
        909.0,
        905.0,
        904.0,
        902.0,
        901.0,
        898.0,
        897.0,
        894.0,
        893.0,
        891.0,
        890.0,
        889.0,
        883.0,
        883.0,
        882.0,
        882.0,
        880.0,
        880.0,
        879.0,
        879.0,
        878.0,
        878.0,
        877.0,
        877.0,
        876.0,
        876.0,
        874.0,
        873.0,
        872.0,
        871.0,
        870.0,
        868.0,
        867.0,
        862.0,
        861.0,
        854.0,
        853.0,
        846.0,
        845.0,
        840.0,
        839.0,
        835.0,
        834.0,
        831.0,
        830.0,
        828.0,
        827.0,
        784.0,
        783.0,
        782.0,
        781.0,
        780.0,
        779.0,
        778.0,
        777.0,
        775.0,
        774.0,
        773.0,
        772.0,
        771.0,
        769.0,
        768.0,
        765.0,
        765.0,
        757.0,
        757.0,
        755.0,
        755.0,
        750.0,
        745.0,
        744.0,
        734.0,
        733.0,
        726.0,
        725.0,
        722.0,
        721.0,
        718.0,
        717.0,
        716.0
      ]
    }
  },
  {
    "name": "person",
    "class": 0,
    "confidence": 0.82998,
    "box": {
      "x1": 831.3465,
      "y1": 617.21295,
      "x2": 934.93079,
      "y2": 790.60101
    },
    "track_id": 2,
    "segments": {
      "x": [
        876.0,
        871.0,
        870.0,
        869.0,
        868.0,
        866.0,
        865.0,
        865.0,
        863.0,
        863.0,
        861.0,
        861.0,
        859.0,
        858.0,
        854.0,
        854.0,
        853.0,
        853.0,
        852.0,
        852.0,
        851.0,
        851.0,
        850.0,
        850.0,
        849.0,
        849.0,
        843.0,
        843.0,
        841.0,
        841.0,
        840.0,
        840.0,
        839.0,
        839.0,
        838.0,
        838.0,
        837.0,
        837.0,
        836.0,
        836.0,
        835.0,
        835.0,
        833.0,
        833.0,
        834.0,
        838.0,
        838.0,
        843.0,
        859.0,
        862.0,
        862.0,
        863.0,
        863.0,
        862.0,
        862.0,
        863.0,
        863.0,
        864.0,
        864.0,
        865.0,
        865.0,
        866.0,
        866.0,
        867.0,
        867.0,
        868.0,
        868.0,
        869.0,
        869.0,
        871.0,
        871.0,
        872.0,
        872.0,
        873.0,
        873.0,
        874.0,
        874.0,
        875.0,
        875.0,
        876.0,
        876.0,
        877.0,
        877.0,
        878.0,
        878.0,
        879.0,
        879.0,
        880.0,
        880.0,
        882.0,
        882.0,
        883.0,
        883.0,
        884.0,
        884.0,
        883.0,
        883.0,
        882.0,
        882.0,
        881.0,
        882.0,
        882.0,
        885.0,
        886.0,
        888.0,
        889.0,
        890.0,
        891.0,
        892.0,
        895.0,
        900.0,
        900.0,
        901.0,
        901.0,
        902.0,
        902.0,
        903.0,
        903.0,
        905.0,
        905.0,
        907.0,
        907.0,
        909.0,
        909.0,
        910.0,
        910.0,
        914.0,
        915.0,
        916.0,
        917.0,
        918.0,
        919.0,
        922.0,
        923.0,
        925.0,
        926.0,
        928.0,
        929.0,
        930.0,
        931.0,
        931.0,
        933.0,
        933.0,
        934.0,
        934.0,
        933.0,
        933.0,
        932.0,
        932.0,
        933.0,
        933.0,
        934.0,
        934.0,
        933.0,
        933.0,
        932.0,
        932.0,
        927.0,
        927.0,
        918.0
      ],
      "y": [
        618.0,
        623.0,
        623.0,
        624.0,
        624.0,
        626.0,
        626.0,
        627.0,
        629.0,
        630.0,
        632.0,
        633.0,
        635.0,
        635.0,
        639.0,
        640.0,
        641.0,
        645.0,
        646.0,
        653.0,
        654.0,
        708.0,
        709.0,
        714.0,
        715.0,
        716.0,
        722.0,
        723.0,
        725.0,
        728.0,
        729.0,
        733.0,
        734.0,
        738.0,
        739.0,
        742.0,
        743.0,
        745.0,
        746.0,
        747.0,
        748.0,
        749.0,
        751.0,
        780.0,
        780.0,
        784.0,
        785.0,
        790.0,
        790.0,
        787.0,
        786.0,
        785.0,
        764.0,
        763.0,
        762.0,
        761.0,
        755.0,
        754.0,
        749.0,
        748.0,
        743.0,
        742.0,
        739.0,
        738.0,
        737.0,
        736.0,
        735.0,
        734.0,
        733.0,
        731.0,
        730.0,
        729.0,
        728.0,
        727.0,
        726.0,
        725.0,
        724.0,
        723.0,
        721.0,
        720.0,
        719.0,
        718.0,
        717.0,
        716.0,
        715.0,
        714.0,
        713.0,
        712.0,
        710.0,
        708.0,
        706.0,
        705.0,
        704.0,
        703.0,
        699.0,
        698.0,
        694.0,
        693.0,
        691.0,
        690.0,
        689.0,
        688.0,
        685.0,
        685.0,
        683.0,
        683.0,
        682.0,
        682.0,
        681.0,
        681.0,
        686.0,
        687.0,
        688.0,
        693.0,
        694.0,
        702.0,
        703.0,
        704.0,
        706.0,
        707.0,
        709.0,
        710.0,
        712.0,
        713.0,
        714.0,
        715.0,
        719.0,
        719.0,
        720.0,
        720.0,
        721.0,
        720.0,
        720.0,
        719.0,
        719.0,
        718.0,
        718.0,
        717.0,
        717.0,
        716.0,
        715.0,
        713.0,
        708.0,
        707.0,
        695.0,
        694.0,
        686.0,
        685.0,
        672.0,
        671.0,
        665.0,
        664.0,
        637.0,
        636.0,
        635.0,
        634.0,
        633.0,
        628.0,
        627.0,
        618.0
      ]
    }
  }
]