[
  {
    "name": "person",
    "class": 0,
    "confidence": 0.89685,
    "box": {
      "x1": 1013.79614,
      "y1": 567.53638,
      "x2": 1096.12329,
      "y2": 760.76794
    },
    "track_id": 1,
    "segments": {
      "x": [
        1014.0,
        1014.0,
        1015.0,
        1015.0,
        1016.0,
        1016.0,
        1017.0,
        1017.0,
        1018.0,
        1018.0,
        1019.0,
        1019.0,
        1020.0,
        1020.0,
        1019.0,
        1019.0,
        1018.0,
        1018.0,
        1017.0,
        1017.0,
        1016.0,
        1016.0,
        1015.0,
        1015.0,
        1014.0,
        1014.0,
        1026.0,
        1030.0,
        1030.0,
        1031.0,
        1031.0,
        1032.0,
        1032.0,
        1031.0,
        1031.0,
        1030.0,
        1030.0,
        1029.0,
        1029.0,
        1025.0,
        1024.0,
        1021.0,
        1021.0,
        1020.0,
        1020.0,
        1019.0,
        1019.0,
        1018.0,
        1018.0,
        1020.0,
        1021.0,
        1023.0,
        1028.0,
        1029.0,
        1030.0,
        1032.0,
        1033.0,
        1039.0,
        1040.0,
        1042.0,
        1042.0,
        1044.0,
        1044.0,
        1045.0,
        1045.0,
        1046.0,
        1046.0,
        1048.0,
        1048.0,
        1052.0,
        1052.0,
        1053.0,
        1053.0,
        1054.0,
        1054.0,
        1055.0,
        1055.0,
        1056.0,
        1056.0,
        1057.0,
        1057.0,
        1058.0,
        1058.0,
        1061.0,
        1062.0,
        1065.0,
        1065.0,
        1066.0,
        1066.0,
        1067.0,
        1067.0,
        1068.0,
        1068.0,
        1069.0,
        1069.0,
        1070.0,
        1070.0,
        1071.0,
        1071.0,
        1076.0,
        1081.0,
        1082.0,
        1087.0,
        1087.0,
        1088.0,
        1088.0,
        1089.0,
        1089.0,
        1090.0,
        1090.0,
        1091.0,
        1091.0,
        1092.0,
        1092.0,
        1093.0,
        1093.0,
        1094.0,
        1094.0,
        1095.0,
        1095.0,
        1096.0,
        1096.0,
        1095.0,
        1095.0,
        1094.0,
        1094.0,
        1093.0,
        1093.0,
        1092.0,
        1092.0,
        1091.0,
        1091.0,
        1090.0,
        1090.0,
        1089.0,
        1089.0,
        1086.0,
        1085.0,
        1081.0,
        1081.0,
        1080.0,
        1080.0,
        1079.0,
        1079.0,
        1078.0,
        1078.0,
        1075.0,
        1074.0,
        1073.0,
        1071.0,
        1070.0,
        1068.0,
        1067.0,
        1066.0,
        1065.0,
        1064.0,
        1063.0,
        1062.0,
        1058.0,
        1057.0,
        1054.0,
        1053.0,
        1052.0,
        1050.0,
        1048.0,
        1047.0,
        1046.0,
        1046.0,
        1044.0,
        1044.0
      ],
      "y": [
        568.0,
        592.0,
        593.0,
        594.0,
        595.0,
        596.0,
        597.0,
        599.0,
        600.0,
        602.0,
        603.0,
        616.0,
        617.0,
        619.0,
        620.0,
        641.0,
        642.0,
        645.0,
        646.0,
        648.0,
        649.0,
        650.0,
        651.0,
        652.0,
        653.0,
        678.0,
        678.0,
        682.0,
        683.0,
        684.0,
        686.0,
        687.0,
        710.0,
        711.0,
        719.0,
        720.0,
        723.0,
        724.0,
        726.0,
        730.0,
        730.0,
        733.0,
        734.0,
        735.0,
        736.0,
        737.0,
        741.0,
        742.0,
        750.0,
        752.0,
        752.0,
        754.0,
        754.0,
        753.0,
        753.0,
        751.0,
        751.0,
        745.0,
        745.0,
        743.0,
        742.0,
        740.0,
        739.0,
        738.0,
        737.0,
        736.0,
        735.0,
        733.0,
        732.0,
        728.0,
        727.0,
        726.0,
        723.0,
        722.0,
        718.0,
        717.0,
        707.0,
        706.0,
        700.0,
        699.0,
        698.0,
        697.0,
        696.0,
        693.0,
        693.0,
        696.0,
        697.0,
        698.0,
        699.0,
        700.0,
        709.0,
        710.0,
        752.0,
        753.0,
        756.0,
        757.0,
        758.0,
        759.0,
        760.0,
        760.0,
        755.0,
        755.0,
        750.0,
        749.0,
        748.0,
        742.0,
        741.0,
        733.0,
        732.0,
        715.0,
        714.0,
        665.0,
        664.0,
        655.0,
        654.0,
        650.0,
        649.0,
        647.0,
        646.0,
        645.0,
        644.0,
        640.0,
        639.0,
        638.0,
        637.0,
        636.0,
        635.0,
        634.0,
        633.0,
        630.0,
        629.0,
        618.0,
        617.0,
        616.0,
        615.0,
        614.0,
        611.0,
        611.0,
        607.0,
        606.0,
        605.0,
        601.0,
        600.0,
        594.0,
        593.0,
        592.0,
        589.0,
        589.0,
        588.0,
        588.0,
        587.0,
        587.0,
        586.0,
        586.0,
        585.0,
        585.0,
        584.0,
        584.0,
        580.0,
        580.0,
        577.0,
        577.0,
        576.0,
        576.0,
        574.0,
        574.0,
        573.0,
        572.0,
        570.0,
        568.0
      ]
    }
  },
  {
    "name": "person",
    "class": 0,
    "confidence": 0.65774,
    "box": {
      "x1": 847.59131,
      "y1": 620.5174,
      "x2": 941.85413,
      "y2": 797.46411
    },
    "track_id": 2,
    "segments": {
      "x": [
        910.0,
        909.0,
        909.0,
        906.0,
        906.0,
        899.0,
        898.0,
        897.0,
        895.0,
        894.0,
        891.0,
        890.0,
        887.0,
        886.0,
        885.0,
        884.0,
        882.0,
        879.0,
        879.0,
        877.0,
        877.0,
        875.0,
        875.0,
        873.0,
        873.0,
        861.0,
        861.0,
        857.0,
        856.0,
        850.0,
        850.0,
        849.0,
        849.0,
        848.0,
        848.0,
        853.0,
        853.0,
        854.0,
        853.0,
        853.0,
        852.0,
        852.0,
        851.0,
        851.0,
        850.0,
        850.0,
        849.0,
        849.0,
        850.0,
        850.0,
        853.0,
        854.0,
        855.0,
        856.0,
        857.0,
        859.0,
        860.0,
        861.0,
        862.0,
        863.0,
        873.0,
        873.0,
        874.0,
        874.0,
        875.0,
        875.0,
        876.0,
        876.0,
        877.0,
        877.0,
        879.0,
        879.0,
        880.0,
        881.0,
        882.0,
        883.0,
        884.0,
        889.0,
        890.0,
        894.0,
        895.0,
        896.0,
        897.0,
        898.0,
        900.0,
        900.0,
        901.0,
        901.0,
        902.0,
        902.0,
        903.0,
        903.0,
        902.0,
        902.0,
        901.0,
        901.0,
        900.0,
        900.0,
        899.0,
        899.0,
        898.0,
        898.0,
        920.0,
        920.0,
        921.0,
        921.0,
        922.0,
        922.0,
        923.0,
        923.0,
        924.0,
        924.0,
        925.0,
        925.0,
        924.0,
        924.0,
        923.0,
        923.0,
        922.0,
        922.0,
        923.0,
        923.0,
        924.0,
        924.0,
        925.0,
        925.0,
        929.0,
        929.0,
        930.0,
        930.0,
        931.0,
        931.0,
        930.0,
        930.0,
        929.0,
        929.0,
        926.0,
        926.0,
        921.0,
        920.0,
        919.0,
        918.0,
        917.0,
        916.0,
        914.0,
        913.0,
        911.0,
        911.0,
        910.0,
        910.0,
        909.0,
        909.0,
        910.0,
        910.0,
        911.0,
        911.0,
        912.0,
        912.0,
        913.0,
        913.0,
        914.0,
        914.0,
        915.0,
        915.0,
        916.0,
        916.0,
        921.0,
        921.0,
        922.0,
        922.0,
        923.0,
        923.0,
        924.0,
        924.0,
        925.0,
        925.0,
        934.0,
        934.0,
        935.0,
        935.0,
        934.0,
        934.0,
        933.0,
        933.0,
        932.0,
        932.0
      ],
      "y": [
        621.0,
        622.0,
        623.0,
        626.0,
        627.0,
        634.0,
        634.0,
        635.0,
        635.0,
        636.0,
        636.0,
        637.0,
        637.0,
        638.0,
        638.0,
        639.0,
        639.0,
        642.0,
        643.0,
        645.0,
        646.0,
        648.0,
        649.0,
        651.0,
        652.0,
        664.0,
        665.0,
        669.0,
        669.0,
        675.0,
        676.0,
        677.0,
        678.0,
        679.0,
        709.0,
        714.0,
        724.0,
        725.0,
        726.0,
        728.0,
        729.0,
        732.0,
        733.0,
        737.0,
        738.0,
        746.0,
        747.0,
        757.0,
        758.0,
        762.0,
        765.0,
        765.0,
        766.0,
        766.0,
        767.0,
        767.0,
        766.0,
        766.0,
        765.0,
        765.0,
        755.0,
        754.0,
        753.0,
        751.0,
        750.0,
        738.0,
        737.0,
        736.0,
        735.0,
        734.0,
        732.0,
        731.0,
        730.0,
        730.0,
        729.0,
        729.0,
        730.0,
        730.0,
        731.0,
        731.0,
        732.0,
        732.0,
        733.0,
        733.0,
        735.0,
        736.0,
        737.0,
        738.0,
        739.0,
        743.0,
        744.0,
        763.0,
        764.0,
        769.0,
        770.0,
        775.0,
        776.0,
        779.0,
        780.0,
        783.0,
        784.0,
        797.0,
        797.0,
        796.0,
        795.0,
        794.0,
        793.0,
        792.0,
        791.0,
        790.0,
        789.0,
        788.0,
        787.0,
        783.0,
        782.0,
        779.0,
        778.0,
        774.0,
        773.0,
        758.0,
        757.0,
        754.0,
        753.0,
        752.0,
        751.0,
        750.0,
        746.0,
        745.0,
        744.0,
        741.0,
        740.0,
        735.0,
        734.0,
        733.0,
        732.0,
        731.0,
        728.0,
        727.0,
        722.0,
        722.0,
        721.0,
        721.0,
        720.0,
        720.0,
        718.0,
        718.0,
        716.0,
        715.0,
        714.0,
        708.0,
        707.0,
        700.0,
        699.0,
        696.0,
        695.0,
        692.0,
        691.0,
        689.0,
        688.0,
        686.0,
        685.0,
        683.0,
        682.0,
        680.0,
        679.0,
        678.0,
        673.0,
        672.0,
        671.0,
        670.0,
        669.0,
        667.0,
        666.0,
        654.0,
        653.0,
        652.0,
        643.0,
        640.0,
        639.0,
        627.0,
        626.0,
        625.0,
        624.0,
        623.0,
        622.0,
        621.0
      ]
    }
  }
]