[
  {
    "name": "person",
    "class": 0,
    "confidence": 0.91468,
    "box": {
      "x1": 1188.32202,
      "y1": 661.09619,
      "x2": 1316.55603,
      "y2": 909.03912
    },
    "track_id": 1,
    "segments": {
      "x": [
        1260.0,
        1260.0,
        1259.0,
        1259.0,
        1260.0,
        1260.0,
        1261.0,
        1261.0,
        1262.0,
        1262.0,
        1263.0,
        1263.0,
        1264.0,
        1264.0,
        1262.0,
        1262.0,
        1261.0,
        1261.0,
        1260.0,
        1260.0,
        1259.0,
        1259.0,
        1257.0,
        1257.0,
        1254.0,
        1253.0,
        1250.0,
        1250.0,
        1248.0,
        1248.0,
        1247.0,
        1247.0,
        1246.0,
        1246.0,
        1245.0,
        1245.0,
        1244.0,
        1244.0,
        1245.0,
        1245.0,
        1246.0,
        1246.0,
        1245.0,
        1245.0,
        1244.0,
        1244.0,
        1243.0,
        1243.0,
        1240.0,
        1240.0,
        1239.0,
        1239.0,
        1238.0,
        1238.0,
        1237.0,
        1237.0,
        1236.0,
        1236.0,
        1235.0,
        1235.0,
        1234.0,
        1234.0,
        1233.0,
        1233.0,
        1232.0,
        1232.0,
        1228.0,
        1228.0,
        1227.0,
        1227.0,
        1226.0,
        1226.0,
        1225.0,
        1225.0,
        1224.0,
        1224.0,
        1223.0,
        1223.0,
        1222.0,
        1222.0,
        1221.0,
        1221.0,
        1218.0,
        1216.0,
        1215.0,
        1211.0,
        1210.0,
        1190.0,
        1190.0,
        1194.0,
        1199.0,
        1200.0,
        1202.0,
        1203.0,
        1204.0,
        1208.0,
        1209.0,
        1226.0,
        1227.0,
        1229.0,
        1230.0,
        1231.0,
        1233.0,
        1234.0,
        1235.0,
        1235.0,
        1237.0,
        1237.0,
        1240.0,
        1241.0,
        1246.0,
        1246.0,
        1247.0,
        1247.0,
        1248.0,
        1248.0,
        1249.0,
        1249.0,
        1253.0,
        1256.0,
        1257.0,
        1265.0,
        1268.0,
        1268.0,
        1269.0,
        1269.0,
        1270.0,
        1270.0,
        1271.0,
        1271.0,
        1272.0,
        1272.0,
        1273.0,
        1273.0,
        1272.0,
        1272.0,
        1271.0,
        1271.0,
        1270.0,
        1270.0,
        1273.0,
        1274.0,
        1276.0,
        1277.0,
        1278.0,
        1279.0,
        1284.0,
        1284.0,
        1288.0,
        1294.0,
        1295.0,
        1296.0,
        1297.0,
        1298.0,
        1302.0,
        1302.0,
        1303.0,
        1303.0,
        1304.0,
        1304.0,
        1305.0,
        1305.0,
        1304.0,
        1304.0,
        1303.0,
        1303.0,
        1302.0,
        1302.0,
        1301.0,
        1301.0,
        1300.0,
        1300.0,
        1299.0,
        1299.0,
        1298.0,
        1298.0,
        1297.0,
        1297.0,
        1296.0,
        1296.0,
        1297.0,
        1297.0,
        1298.0,
        1298.0,
        1299.0,
        1299.0,
        1305.0,
        1305.0,
        1306.0,
        1306.0,
        1307.0,
        1307.0,
        1308.0,
        1308.0,
        1309.0,
        1309.0,
        1310.0,
        1310.0,
        1311.0,
        1311.0,
        1312.0,
        1312.0,
        1314.0,
        1314.0,
        1315.0,
        1315.0,
        1314.0,
        1313.0,
        1309.0,
        1309.0,
        1308.0,
        1308.0,
        1307.0,
        1307.0,
        1305.0,
        1305.0,
        1303.0,
        1302.0,
        1298.0,
        1298.0,
        1297.0,
        1297.0,
        1296.0,
        1296.0,
        1295.0,
        1295.0
      ],
      "y": [
        662.0,
        667.0,
        668.0,
        697.0,
        698.0,
        704.0,
        705.0,
        707.0,
        708.0,
        710.0,
        711.0,
        712.0,
        713.0,
        714.0,
        716.0,
        717.0,
        718.0,
        719.0,
        720.0,
        722.0,
        723.0,
        725.0,
        727.0,
        728.0,
        731.0,
        731.0,
        734.0,
        735.0,
        737.0,
        739.0,
        740.0,
        742.0,
        743.0,
        745.0,
        746.0,
        747.0,
        748.0,
        752.0,
        753.0,
        758.0,
        759.0,
        764.0,
        765.0,
        768.0,
        769.0,
        772.0,
        773.0,
        774.0,
        777.0,
        778.0,
        779.0,
        780.0,
        781.0,
        782.0,
        783.0,
        785.0,
        786.0,
        792.0,
        793.0,
        798.0,
        799.0,
        800.0,
        801.0,
        802.0,
        803.0,
        804.0,
        808.0,
        809.0,
        810.0,
        811.0,
        812.0,
        814.0,
        815.0,
        817.0,
        818.0,
        822.0,
        823.0,
        827.0,
        828.0,
        832.0,
        833.0,
        834.0,
        837.0,
        837.0,
        838.0,
        838.0,
        839.0,
        839.0,
        854.0,
        854.0,
        859.0,
        859.0,
        861.0,
        861.0,
        862.0,
        862.0,
        863.0,
        863.0,
        864.0,
        864.0,
        863.0,
        863.0,
        861.0,
        861.0,
        860.0,
        859.0,
        857.0,
        856.0,
        853.0,
        853.0,
        848.0,
        847.0,
        846.0,
        845.0,
        844.0,
        843.0,
        842.0,
        841.0,
        837.0,
        837.0,
        836.0,
        836.0,
        839.0,
        840.0,
        841.0,
        842.0,
        843.0,
        845.0,
        846.0,
        854.0,
        855.0,
        864.0,
        865.0,
        873.0,
        874.0,
        878.0,
        879.0,
        884.0,
        885.0,
        894.0,
        897.0,
        897.0,
        899.0,
        899.0,
        900.0,
        900.0,
        905.0,
        906.0,
        910.0,
        910.0,
        909.0,
        909.0,
        908.0,
        908.0,
        904.0,
        903.0,
        902.0,
        900.0,
        899.0,
        897.0,
        896.0,
        880.0,
        879.0,
        869.0,
        868.0,
        866.0,
        865.0,
        863.0,
        862.0,
        861.0,
        860.0,
        858.0,
        857.0,
        855.0,
        854.0,
        851.0,
        850.0,
        846.0,
        845.0,
        818.0,
        817.0,
        813.0,
        812.0,
        810.0,
        809.0,
        808.0,
        802.0,
        801.0,
        800.0,
        798.0,
        797.0,
        789.0,
        788.0,
        777.0,
        776.0,
        770.0,
        769.0,
        766.0,
        765.0,
        762.0,
        761.0,
        760.0,
        758.0,
        757.0,
        756.0,
        709.0,
        708.0,
        708.0,
        704.0,
        703.0,
        702.0,
        701.0,
        700.0,
        699.0,
        697.0,
        696.0,
        694.0,
        694.0,
        690.0,
        687.0,
        686.0,
        679.0,
        678.0,
        667.0,
        666.0,
        662.0
      ]
    }
  },
  {
    "name": "person",
    "class": 0,
    "confidence": 0.84867,
    "box": {
      "x1": 837.698,
      "y1": 645.94324,
      "x2": 937.44159,
      "y2": 791.57568
    },
    "track_id": 2,
    "segments": {
      "x": [
        852.0,
        852.0,
        851.0,
        851.0,
        850.0,
        850.0,
        849.0,
        849.0,
        844.0,
        843.0,
        841.0,
        841.0,
        838.0,
        838.0,
        839.0,
        839.0,
        840.0,
        840.0,
        841.0,
        841.0,
        842.0,
        842.0,
        843.0,
        843.0,
        845.0,
        845.0,
        848.0,
        848.0,
        849.0,
        849.0,
        850.0,
        850.0,
        849.0,
        849.0,
        848.0,
        848.0,
        842.0,
        842.0,
        841.0,
        841.0,
        840.0,
        840.0,
        839.0,
        839.0,
        838.0,
        838.0,
        839.0,
        839.0,
        842.0,
        843.0,
        844.0,
        845.0,
        846.0,
        858.0,
        860.0,
        861.0,
        862.0,
        862.0,
        865.0,
        865.0,
        868.0,
        869.0,
        870.0,
        872.0,
        873.0,
        875.0,
        879.0,
        879.0,
        878.0,
        878.0,
        877.0,
        877.0,
        876.0,
        876.0,
        877.0,
        877.0,
        878.0,
        878.0,
        879.0,
        879.0,
        880.0,
        880.0,
        881.0,
        881.0,
        882.0,
        882.0,
        892.0,
        893.0,
        894.0,
        895.0,
        896.0,
        905.0,
        907.0,
        908.0,
        921.0,
        921.0,
        923.0,
        923.0,
        924.0,
        924.0,
        925.0,
        925.0,
        926.0,
        926.0,
        927.0,
        927.0,
        928.0,
        928.0,
        929.0,
        930.0,
        931.0,
        931.0,
        932.0,
        932.0,
        933.0,
        933.0,
        934.0,
        934.0,
        935.0,
        935.0,
        934.0,
        934.0,
        933.0,
        933.0,
        932.0,
        932.0,
        929.0,
        928.0,
        926.0,
        925.0,
        917.0,
        916.0,
        914.0,
        913.0,
        912.0,
        911.0,
        910.0,
        909.0,
        908.0,
        907.0,
        906.0,
        905.0,
        900.0,
        900.0,
        899.0,
        899.0,
        896.0,
        895.0,
        894.0
      ],
      "y": [
        646.0,
        647.0,
        648.0,
        649.0,
        650.0,
        651.0,
        652.0,
        653.0,
        658.0,
        658.0,
        660.0,
        661.0,
        664.0,
        691.0,
        692.0,
        694.0,
        695.0,
        696.0,
        697.0,
        698.0,
        699.0,
        700.0,
        701.0,
        702.0,
        704.0,
        705.0,
        708.0,
        709.0,
        710.0,
        712.0,
        713.0,
        719.0,
        720.0,
        726.0,
        727.0,
        728.0,
        734.0,
        735.0,
        736.0,
        737.0,
        738.0,
        743.0,
        744.0,
        749.0,
        750.0,
        784.0,
        785.0,
        786.0,
        789.0,
        789.0,
        790.0,
        790.0,
        791.0,
        791.0,
        789.0,
        789.0,
        788.0,
        787.0,
        784.0,
        783.0,
        780.0,
        780.0,
        779.0,
        779.0,
        778.0,
        778.0,
        774.0,
        772.0,
        771.0,
        768.0,
        767.0,
        763.0,
        762.0,
        760.0,
        759.0,
        742.0,
        741.0,
        736.0,
        735.0,
        733.0,
        732.0,
        730.0,
        729.0,
        728.0,
        727.0,
        726.0,
        716.0,
        716.0,
        715.0,
        715.0,
        716.0,
        716.0,
        718.0,
        718.0,
        731.0,
        732.0,
        734.0,
        735.0,
        736.0,
        738.0,
        739.0,
        742.0,
        743.0,
        745.0,
        746.0,
        748.0,
        749.0,
        750.0,
        751.0,
        751.0,
        750.0,
        749.0,
        748.0,
        746.0,
        745.0,
        742.0,
        741.0,
        735.0,
        734.0,
        688.0,
        687.0,
        683.0,
        682.0,
        679.0,
        678.0,
        677.0,
        674.0,
        674.0,
        672.0,
        672.0,
        664.0,
        664.0,
        662.0,
        662.0,
        661.0,
        661.0,
        660.0,
        660.0,
        659.0,
        659.0,
        658.0,
        658.0,
        653.0,
        652.0,
        651.0,
        650.0,
        647.0,
        647.0,
        646.0
      ]
    }
  }
]