[
  {
    "name": "person",
    "class": 0,
    "confidence": 0.89081,
    "box": {
      "x1": 1001.63275,
      "y1": 560.98254,
      "x2": 1087.42456,
      "y2": 754.3584
    },
    "track_id": 1,
    "segments": {
      "x": [
        1017.0,
        1017.0,
        1016.0,
        1016.0,
        1015.0,
        1015.0,
        1016.0,
        1016.0,
        1017.0,
        1017.0,
        1018.0,
        1018.0,
        1017.0,
        1017.0,
        1016.0,
        1016.0,
        1011.0,
        1011.0,
        1010.0,
        1010.0,
        1009.0,
        1009.0,
        1008.0,
        1008.0,
        1007.0,
        1007.0,
        1006.0,
        1006.0,
        1005.0,
        1005.0,
        1004.0,
        1004.0,
        1003.0,
        1003.0,
        1005.0,
        1006.0,
        1008.0,
        1009.0,
        1011.0,
        1012.0,
        1014.0,
        1016.0,
        1017.0,
        1017.0,
        1018.0,
        1018.0,
        1019.0,
        1019.0,
        1020.0,
        1020.0,
        1021.0,
        1021.0,
        1022.0,
        1022.0,
        1023.0,
        1023.0,
        1025.0,
        1026.0,
        1028.0,
        1028.0,
        1029.0,
        1029.0,
        1030.0,
        1030.0,
        1031.0,
        1031.0,
        1030.0,
        1030.0,
        1028.0,
        1028.0,
        1027.0,
        1026.0,
        1022.0,
        1022.0,
        1021.0,
        1021.0,
        1020.0,
        1020.0,
        1019.0,
        1019.0,
        1023.0,
        1028.0,
        1029.0,
        1030.0,
        1032.0,
        1033.0,
        1034.0,
        1034.0,
        1036.0,
        1037.0,
        1044.0,
        1044.0,
        1045.0,
        1045.0,
        1046.0,
        1046.0,
        1047.0,
        1047.0,
        1048.0,
        1048.0,
        1049.0,
        1049.0,
        1050.0,
        1050.0,
        1051.0,
        1051.0,
        1052.0,
        1052.0,
        1053.0,
        1053.0,
        1055.0,
        1055.0,
        1058.0,
        1059.0,
        1060.0,
        1062.0,
        1065.0,
        1065.0,
        1066.0,
        1066.0,
        1067.0,
        1067.0,
        1068.0,
        1068.0,
        1069.0,
        1069.0,
        1070.0,
        1070.0,
        1071.0,
        1071.0,
        1074.0,
        1075.0,
        1076.0,
        1083.0,
        1084.0,
        1086.0,
        1086.0,
        1087.0,
        1087.0,
        1086.0,
        1086.0,
        1085.0,
        1085.0,
        1084.0,
        1084.0,
        1083.0,
        1083.0,
        1082.0,
        1082.0,
        1081.0,
        1081.0,
        1080.0,
        1080.0,
        1081.0,
        1081.0,
        1082.0,
        1082.0,
        1083.0,
        1083.0,
        1084.0,
        1084.0,
        1086.0,
        1086.0,
        1087.0,
        1087.0,
        1086.0,
        1086.0,
        1084.0,
        1084.0,
        1083.0,
        1083.0,
        1082.0,
        1082.0,
        1081.0,
        1081.0,
        1080.0,
        1080.0,
        1079.0,
        1079.0,
        1078.0,
        1078.0,
        1077.0,
        1077.0,
        1075.0,
        1074.0,
        1073.0,
        1072.0,
        1070.0,
        1069.0,
        1066.0,
        1066.0,
        1062.0,
        1061.0,
        1060.0,
        1058.0,
        1057.0,
        1054.0,
        1053.0,
        1051.0,
        1050.0,
        1049.0,
        1045.0,
        1045.0,
        1044.0,
        1044.0
      ],
      "y": [
        561.0,
        562.0,
        563.0,
        566.0,
        567.0,
        583.0,
        584.0,
        586.0,
        587.0,
        589.0,
        590.0,
        600.0,
        601.0,
        605.0,
        606.0,
        607.0,
        612.0,
        613.0,
        614.0,
        615.0,
        616.0,
        617.0,
        618.0,
        624.0,
        625.0,
        630.0,
        631.0,
        633.0,
        634.0,
        635.0,
        636.0,
        637.0,
        638.0,
        671.0,
        671.0,
        670.0,
        670.0,
        669.0,
        669.0,
        668.0,
        668.0,
        666.0,
        666.0,
        665.0,
        664.0,
        663.0,
        662.0,
        660.0,
        659.0,
        656.0,
        655.0,
        651.0,
        650.0,
        645.0,
        644.0,
        641.0,
        639.0,
        639.0,
        641.0,
        644.0,
        645.0,
        650.0,
        651.0,
        676.0,
        677.0,
        719.0,
        720.0,
        726.0,
        728.0,
        729.0,
        730.0,
        730.0,
        734.0,
        735.0,
        736.0,
        737.0,
        738.0,
        744.0,
        745.0,
        750.0,
        754.0,
        754.0,
        753.0,
        753.0,
        751.0,
        751.0,
        750.0,
        749.0,
        747.0,
        747.0,
        740.0,
        739.0,
        738.0,
        736.0,
        735.0,
        732.0,
        731.0,
        729.0,
        728.0,
        727.0,
        726.0,
        725.0,
        724.0,
        723.0,
        722.0,
        721.0,
        720.0,
        719.0,
        718.0,
        717.0,
        715.0,
        714.0,
        711.0,
        711.0,
        710.0,
        710.0,
        713.0,
        714.0,
        715.0,
        718.0,
        719.0,
        723.0,
        724.0,
        740.0,
        741.0,
        744.0,
        745.0,
        747.0,
        748.0,
        749.0,
        752.0,
        752.0,
        751.0,
        751.0,
        750.0,
        750.0,
        749.0,
        748.0,
        718.0,
        717.0,
        716.0,
        715.0,
        714.0,
        713.0,
        712.0,
        711.0,
        710.0,
        709.0,
        707.0,
        706.0,
        703.0,
        702.0,
        685.0,
        684.0,
        679.0,
        678.0,
        676.0,
        675.0,
        674.0,
        673.0,
        672.0,
        670.0,
        669.0,
        668.0,
        622.0,
        621.0,
        620.0,
        618.0,
        617.0,
        616.0,
        615.0,
        614.0,
        613.0,
        612.0,
        610.0,
        609.0,
        606.0,
        605.0,
        595.0,
        594.0,
        593.0,
        592.0,
        591.0,
        589.0,
        589.0,
        588.0,
        588.0,
        586.0,
        586.0,
        583.0,
        582.0,
        578.0,
        578.0,
        577.0,
        577.0,
        576.0,
        576.0,
        575.0,
        575.0,
        574.0,
        574.0,
        570.0,
        563.0,
        562.0,
        561.0
      ]
    }
  },
  {
    "name": "person",
    "class": 0,
    "confidence": 0.85153,
    "box": {
      "x1": 843.4624,
      "y1": 580.77271,
      "x2": 923.93848,
      "y2": 801.60327
    },
    "track_id": 2,
    "segments": {
      "x": [
        894.0,
        892.0,
        892.0,
        890.0,
        890.0,
        889.0,
        889.0,
        888.0,
        888.0,
        887.0,
        887.0,
        884.0,
        883.0,
        882.0,
        881.0,
        880.0,
        876.0,
        875.0,
        871.0,
        870.0,
        869.0,
        865.0,
        865.0,
        864.0,
        864.0,
        863.0,
        863.0,
        862.0,
        862.0,
        861.0,
        861.0,
        859.0,
        859.0,
        854.0,
        854.0,
        853.0,
        853.0,
        852.0,
        852.0,
        851.0,
        851.0,
        850.0,
        850.0,
        849.0,
        849.0,
        844.0,
        844.0,
        845.0,
        849.0,
        849.0,
        850.0,
        850.0,
        851.0,
        851.0,
        852.0,
        852.0,
        856.0,
        860.0,
        862.0,
        863.0,
        866.0,
        866.0,
        868.0,
        868.0,
        870.0,
        870.0,
        871.0,
        871.0,
        872.0,
        872.0,
        873.0,
        873.0,
        874.0,
        874.0,
        875.0,
        875.0,
        876.0,
        876.0,
        877.0,
        877.0,
        878.0,
        878.0,
        881.0,
        882.0,
        883.0,
        883.0,
        885.0,
        885.0,
        886.0,
        886.0,
        887.0,
        887.0,
        888.0,
        888.0,
        889.0,
        889.0,
        890.0,
        890.0,
        891.0,
        891.0,
        892.0,
        892.0,
        893.0,
        893.0,
        894.0,
        894.0,
        893.0,
        893.0,
        892.0,
        892.0,
        891.0,
        891.0,
        893.0,
        912.0,
        914.0,
        915.0,
        915.0,
        916.0,
        916.0,
        917.0,
        917.0,
        918.0,
        918.0,
        919.0,
        919.0,
        915.0,
        915.0,
        914.0,
        914.0,
        913.0,
        913.0,
        912.0,
        912.0,
        911.0,
        911.0,
        910.0,
        910.0,
        909.0,
        909.0,
        908.0,
        908.0,
        907.0,
        907.0,
        904.0,
        904.0,
        902.0,
        902.0,
        901.0,
        901.0,
        900.0,
        900.0,
        899.0,
        899.0,
        898.0,
        898.0,
        899.0,
        899.0,
        900.0,
        900.0,
        901.0,
        901.0,
        902.0,
        902.0,
        905.0,
        906.0,
        908.0,
        908.0,
        910.0,
        910.0,
        911.0,
        911.0,
        912.0,
        912.0,
        914.0,
        914.0,
        921.0,
        921.0,
        922.0,
        922.0,
        923.0,
        923.0
      ],
      "y": [
        582.0,
        584.0,
        585.0,
        587.0,
        588.0,
        589.0,
        591.0,
        592.0,
        593.0,
        594.0,
        595.0,
        598.0,
        598.0,
        599.0,
        599.0,
        600.0,
        600.0,
        601.0,
        601.0,
        602.0,
        602.0,
        606.0,
        608.0,
        609.0,
        610.0,
        611.0,
        612.0,
        613.0,
        614.0,
        615.0,
        616.0,
        618.0,
        619.0,
        624.0,
        625.0,
        626.0,
        627.0,
        628.0,
        631.0,
        632.0,
        636.0,
        637.0,
        641.0,
        642.0,
        643.0,
        648.0,
        698.0,
        698.0,
        702.0,
        705.0,
        706.0,
        710.0,
        711.0,
        756.0,
        757.0,
        762.0,
        766.0,
        766.0,
        764.0,
        764.0,
        761.0,
        760.0,
        758.0,
        757.0,
        755.0,
        754.0,
        753.0,
        752.0,
        751.0,
        749.0,
        748.0,
        743.0,
        742.0,
        737.0,
        736.0,
        734.0,
        733.0,
        732.0,
        731.0,
        730.0,
        729.0,
        728.0,
        725.0,
        725.0,
        726.0,
        727.0,
        729.0,
        730.0,
        731.0,
        733.0,
        734.0,
        736.0,
        737.0,
        750.0,
        751.0,
        755.0,
        756.0,
        759.0,
        760.0,
        764.0,
        765.0,
        768.0,
        769.0,
        772.0,
        773.0,
        775.0,
        776.0,
        783.0,
        784.0,
        791.0,
        792.0,
        798.0,
        800.0,
        800.0,
        798.0,
        798.0,
        797.0,
        796.0,
        795.0,
        794.0,
        792.0,
        791.0,
        789.0,
        788.0,
        773.0,
        769.0,
        768.0,
        767.0,
        766.0,
        765.0,
        764.0,
        763.0,
        757.0,
        756.0,
        732.0,
        731.0,
        719.0,
        718.0,
        713.0,
        712.0,
        711.0,
        710.0,
        709.0,
        706.0,
        705.0,
        703.0,
        702.0,
        701.0,
        697.0,
        696.0,
        691.0,
        690.0,
        680.0,
        679.0,
        665.0,
        664.0,
        662.0,
        661.0,
        659.0,
        658.0,
        657.0,
        656.0,
        654.0,
        651.0,
        651.0,
        649.0,
        648.0,
        646.0,
        644.0,
        643.0,
        632.0,
        631.0,
        617.0,
        615.0,
        614.0,
        607.0,
        606.0,
        605.0,
        601.0,
        600.0,
        582.0
      ]
    }
  }
]